
          -------------------------------------------------------
          Amber 24 SANDER                              2024
          -------------------------------------------------------

| Run on 11/18/2025 at 23:10:47

|   Executable path: sander.MPI
| Working directory: /media/ziyue/328bfc27-c1a6-4fce-9199-95c389ecd48d/Konstantina/GIRK2/step8_min_hold
|          Hostname: Unknown
  [-O]verwriting output

File Assignments:
|  MDIN: ./input/03_Heat3.in                                                   
| MDOUT: ./output/RUN1/logs/03_Heat3.out                                       
|INPCRD: ./output/RUN1/rst/03_Heat2.rst                                        
|  PARM: ./input/com.prmtop                                                    
|RESTRT: ./output/RUN1/rst/03_Heat3.rst                                        
|  REFC: ./output/RUN1/rst/03_Heat2.rst                                        
| MDVEL: mdvel                                                                 
| MDFRC: mdfrc                                                                 
|  MDEN: mden                                                                  
| MDCRD: ./output/RUN1/traj/03_Heat3.mdcrd                                     
|MDINFO: ./output/RUN1/info/03_Heat3.mdinfo                                    
|  MTMD: mtmd                                                                  
|INPDIP: inpdip                                                                
|RSTDIP: rstdip                                                                
|INPTRA: inptraj                                                               

|    REMLOG: rem.log
|   REMTYPE: rem.type
|  REMSTRIP: 
|   SAVEENE: saveene
|CLUSTERINF: cluster.info
| RESERVOIR: reserv/frame
|   REMDDIM: 


 Here is the input file:

Lipid 128 heating 303K                                                         
 &cntrl                                                                        
  imin=0,                                                                      
  ntx=5,        ! Positions and velocities read formatted                      
  irest=1,      ! Restart calculation                                          
  ntc=2,                                                                       
  ntf=2,                                                                       
  tol=0.0000001,                                                               
  nstlim=50000, ! Number of MD steps                                           
  ntt=3,                                                                       
  gamma_ln=1.0,                                                                
  ig=-1,                                                                       
  ntpr=100,                                                                    
  ntwr=10000,                                                                  
  ntwx=100,                                                                    
  dt=0.001,                                                                    
  nmropt=1,                                                                    
  ntb=2,        ! Constant pressure periodic boundary conditions               
  ntp=2,        ! Anisotropic pressure coupling                                
  taup=2.0,     ! Pressure relaxation time (ps)                                
  cut=10.0,                                                                    
  ioutfm=1,                                                                    
  ntxo=2,                                                                      
 /                                                                             
 &wt                                                                           
  type='TEMP0',                                                                
  istep1=0,                                                                    
  istep2=50000,                                                                
  value1=303.0,                                                                
  value2=303.0 /                                                               
 &wt type='END' /                                                              

--------------------------------------------------------------------------------
   1.  RESOURCE   USE: 
--------------------------------------------------------------------------------

| Flags: MPI                                                                    
 getting box info from netcdf restart file
| NetCDF restart box info found
|Largest sphere to fit in unit cell has radius =    53.803
| New format PARM file being parsed.
| Version =    1.000 Date = 11/18/25 Time = 20:25:24
 NATOM  =  175040 NTYPES =      32 NBONH =  149206 MBONA  =   25536
 NTHETH =   79660 MTHETA =   31712 NPHIH =  142792 MPHIA  =  105828
 NHPARM =       0 NPARM  =       0 NNB   =  483950 NRES   =   40972
 NBONA  =   25536 NTHETA =   31712 NPHIA =  105828 NUMBND =     111
 NUMANG =     247 NPTRA  =     291 NATYP =      68 NPHB   =       0
 IFBOX  =       1 NMXRS  =     149 IFCAP =       0 NEXTRA =       0
 NCOPY  =       0

| CMAP information read from topology file: 

|     Memory Use     Allocated
|     Real            12664716
|     Hollerith         566094
|     Integer         16094696
|     Max Pairs        4200960
|     nblistReal       2100480
|     nblist Int       6795461
|       Total           223389 kbytes

| Note: 1-4 EEL scale factors are being read from the topology file.

| Note: 1-4 VDW scale factors are being read from the topology file.
| Duplicated    0 dihedrals
| Duplicated    0 dihedrals
|CMAP: Reticulating splines.

     BOX TYPE: RECTILINEAR
Note: ig = -1. Setting random seed to   132313 based on wallclock time in microseconds
      and disabling the synchronization of random numbers between tasks
      to improve performance.

--------------------------------------------------------------------------------
   2.  CONTROL  DATA  FOR  THE  RUN
--------------------------------------------------------------------------------

default_name                                                                    

General flags:
     imin    =       0, nmropt  =       1

Nature and format of input:
     ntx     =       5, irest   =       1, ntrx    =       1

Nature and format of output:
     ntxo    =       2, ntpr    =     100, ntrx    =       1, ntwr    =   10000
     iwrap   =       0, ntwx    =     100, ntwv    =       0, ntwe    =       0
     ioutfm  =       1, ntwprt  =       0, idecomp =       0, rbornstat=      0

Potential function:
     ntf     =       2, ntb     =       2, igb     =       0, nsnb    =      25
     ipol    =       0, gbsa    =       0, iesp    =       0
     dielc   =   1.00000, cut     =  10.00000, intdiel =   1.00000

Frozen or restrained atoms:
     ibelly  =       0, ntr     =       0

Molecular dynamics:
     nstlim  =     50000, nscm    =      1000, nrespa  =         1
     t       =   0.00000, dt      =   0.00100, vlimit  =  20.00000

Langevin dynamics temperature regulation:
     ig      =  132313
     temp0   = 300.00000, tempi   =   0.00000, gamma_ln=   1.00000

Pressure regulation:
     ntp     =       2
     pres0   =   1.00000, comp    =  44.60000, taup    =   2.00000

SHAKE:
     ntc     =       2, jfastw  =       0
     tol     =   0.00000

NMR refinement options:
     iscale  =       0, noeskp  =       1, ipnlty  =       1, mxsub   =       1
     scalm   = 100.00000, pencut  =   0.10000, tausw   =   0.10000

Ewald parameters:
     verbose =       0, ew_type =       0, nbflag  =       1, use_pme =       1
     vdwmeth =       1, eedmeth =       1, netfrc  =       1
     Box X =  107.606   Box Y =  108.026   Box Z =  159.823
     Alpha =   90.000   Beta  =   90.000   Gamma =   90.000
     NFFT1 =  108       NFFT2 =  108       NFFT3 =  160
     Cutoff=   10.000   Tol   =0.100E-04
     Ewald Coefficient =  0.27511
     Interpolation order =    4

| MPI Timing options:
|      profile_mpi =        0
|  INFO: Old style inpcrd file read


--------------------------------------------------------------------------------
   3.  ATOMIC COORDINATES AND VELOCITIES
--------------------------------------------------------------------------------

default_name                                                                    
 begin time read from input coords =    50.500 ps



           Begin reading energy term weight changes/NMR restraints
 WEIGHT CHANGES:
 TEMP0         0  50000  303.000000  303.000000      0      0

 RESTRAINTS:
                          ** No restraint defined **

                  Done reading weight changes/NMR restraints


 Number of triangulated 3-point waters found:    38510
|  Atom division among processors:
|         0   10572   21144   26378   31540   36767   41973   47101
|     52221   57379   62495   67610   72725   77840   82955   88070
|     93185   98300  103418  108533  113648  118766  123881  128996
|    134114  139229  144344  149462  154577  159692  164810  169925
|    175040

     Sum of charges from parm topology file =   0.00000072
     Forcing neutrality...
|  Running AMBER/MPI version on   32 nodes


--------------------------------------------------------------------------------
   4.  RESULTS
--------------------------------------------------------------------------------

|  # of SOLUTE  degrees of freedom (RNDFP):  375914.
|  # of SOLVENT degrees of freedom (RNDFS):       0.
|  NDFMIN =  375914.     NUM_NOSHAKE =      0     CORRECTED RNDFP =  375914.
|  TOTAL # of degrees of freedom (RNDF) =  375914.
 ---------------------------------------------------
 APPROXIMATING switch and d/dx switch using CUBIC SPLINE INTERPOLATION
 using   5000.0 points per unit in tabled values
 TESTING RELATIVE ERROR over r ranging from 0.0 to cutoff
| CHECK switch(x): max rel err =   0.2738E-14   at   2.422500
| CHECK d/dx switch(x): max rel err =   0.8314E-11   at   2.736960
 ---------------------------------------------------
| Local SIZE OF NONBOND LIST =    1849358
| TOTAL SIZE OF NONBOND LIST =   59313206

 NSTEP =      100   TIME(PS) =      50.600  TEMP(K) =   294.50  PRESS =  -193.9
 Etot   =   -365939.9586  EKtot   =    109998.2980  EPtot      =   -475938.2566
 BOND   =      8655.4910  ANGLE   =     29635.5010  DIHED      =     21614.7178
 1-4 NB =      9384.9370  1-4 EEL =     40133.1278  VDWAALS    =     28366.8544
 EELEC  =   -614937.2629  EHBOND  =         0.0000  RESTRAINT  =         0.0000
 EKCMT  =     34914.9233  VIRIAL  =     42693.2985  VOLUME     =   1857524.1931
 CMAP   =      1208.3773
                                                    Density    =         0.9600
 Ewald error estimate:   0.4509E-04
 ------------------------------------------------------------------------------

 NMR restraints: Bond =    0.000   Angle =     0.000   Torsion =     0.000
===============================================================================

 NSTEP =      200   TIME(PS) =      50.700  TEMP(K) =   299.24  PRESS =  -325.6
 Etot   =   -365350.8687  EKtot   =    111769.9449  EPtot      =   -477120.8137
 BOND   =      8659.1775  ANGLE   =     29425.8500  DIHED      =     21385.0439
 1-4 NB =      9290.1021  1-4 EEL =     40114.9554  VDWAALS    =     28399.1430
 EELEC  =   -615617.4680  EHBOND  =         0.0000  RESTRAINT  =         0.0000
 EKCMT  =     35311.0517  VIRIAL  =     48362.5104  VOLUME     =   1856244.7322
 CMAP   =      1222.3823
                                                    Density    =         0.9607
 Ewald error estimate:   0.2673E-05
 ------------------------------------------------------------------------------

 NMR restraints: Bond =    0.000   Angle =     0.000   Torsion =     0.000
===============================================================================

 NSTEP =      300   TIME(PS) =      50.800  TEMP(K) =   299.94  PRESS =  -498.6
 Etot   =   -364894.9158  EKtot   =    112029.0549  EPtot      =   -476923.9707
 BOND   =      8508.6230  ANGLE   =     29945.1573  DIHED      =     21356.0772
 1-4 NB =      9314.5251  1-4 EEL =     40013.8884  VDWAALS    =     28066.6520
 EELEC  =   -615386.9982  EHBOND  =         0.0000  RESTRAINT  =         0.0000
 EKCMT  =     35610.5340  VIRIAL  =     55577.1221  VOLUME     =   1854515.0051
 CMAP   =      1258.1044
                                                    Density    =         0.9616
 Ewald error estimate:   0.2188E-04
 ------------------------------------------------------------------------------

 NMR restraints: Bond =    0.000   Angle =     0.000   Torsion =     0.000
===============================================================================

 NSTEP =      400   TIME(PS) =      50.900  TEMP(K) =   301.76  PRESS =  -545.1
 Etot   =   -364777.7662  EKtot   =    112710.3571  EPtot      =   -477488.1233
 BOND   =      8703.3019  ANGLE   =     29816.1113  DIHED      =     21236.4543
 1-4 NB =      9250.1098  1-4 EEL =     40049.8254  VDWAALS    =     27914.8929
 EELEC  =   -615694.4601  EHBOND  =         0.0000  RESTRAINT  =         0.0000
 EKCMT  =     35892.1536  VIRIAL  =     57695.7601  VOLUME     =   1852532.9249
 CMAP   =      1235.6413
                                                    Density    =         0.9626
 Ewald error estimate:   0.1924E-04
 ------------------------------------------------------------------------------

 NMR restraints: Bond =    0.000   Angle =     0.000   Torsion =     0.000
===============================================================================

 NSTEP =      500   TIME(PS) =      51.000  TEMP(K) =   301.65  PRESS =  -495.1
 Etot   =   -364651.6987  EKtot   =    112669.2341  EPtot      =   -477320.9328
 BOND   =      8618.8443  ANGLE   =     29767.2338  DIHED      =     21281.2695
 1-4 NB =      9282.3033  1-4 EEL =     40173.5920  VDWAALS    =     28018.5093
 EELEC  =   -615697.9520  EHBOND  =         0.0000  RESTRAINT  =         0.0000
 EKCMT  =     35524.4568  VIRIAL  =     55305.0169  VOLUME     =   1850312.0573
 CMAP   =      1235.2670
                                                    Density    =         0.9637
 Ewald error estimate:   0.3802E-04
 ------------------------------------------------------------------------------

 NMR restraints: Bond =    0.000   Angle =     0.000   Torsion =     0.000
===============================================================================

 NSTEP =      600   TIME(PS) =      51.100  TEMP(K) =   301.46  PRESS =  -648.3
 Etot   =   -364728.8853  EKtot   =    112597.0707  EPtot      =   -477325.9560
 BOND   =      8708.7964  ANGLE   =     29979.7241  DIHED      =     21189.2464
 1-4 NB =      9349.8822  1-4 EEL =     39899.5542  VDWAALS    =     27754.8764
 EELEC  =   -615440.1288  EHBOND  =         0.0000  RESTRAINT  =         0.0000
 EKCMT  =     35650.3870  VIRIAL  =     61520.2580  VOLUME     =   1848116.3400
 CMAP   =      1232.0931
                                                    Density    =         0.9649
 Ewald error estimate:   0.2872E-04
 ------------------------------------------------------------------------------

 NMR restraints: Bond =    0.000   Angle =     0.000   Torsion =     0.000
===============================================================================

 NSTEP =      700   TIME(PS) =      51.200  TEMP(K) =   301.32  PRESS =  -552.6
 Etot   =   -364727.5944  EKtot   =    112543.2182  EPtot      =   -477270.8126
 BOND   =      8734.4440  ANGLE   =     29681.4109  DIHED      =     21234.8606
 1-4 NB =      9356.5024  1-4 EEL =     40141.2876  VDWAALS    =     27842.0213
 EELEC  =   -615468.0118  EHBOND  =         0.0000  RESTRAINT  =         0.0000
 EKCMT  =     35413.5036  VIRIAL  =     57437.8469  VOLUME     =   1845928.5204
 CMAP   =      1206.6724
                                                    Density    =         0.9660
 Ewald error estimate:   0.3250E-04
 ------------------------------------------------------------------------------

 NMR restraints: Bond =    0.000   Angle =     0.000   Torsion =     0.000
===============================================================================

 NSTEP =      800   TIME(PS) =      51.300  TEMP(K) =   301.06  PRESS =  -416.7
 Etot   =   -364820.5535  EKtot   =    112447.7287  EPtot      =   -477268.2822
 BOND   =      8568.6234  ANGLE   =     30010.9828  DIHED      =     21211.5604
 1-4 NB =      9398.4141  1-4 EEL =     40152.1922  VDWAALS    =     28149.4141
 EELEC  =   -615948.4683  EHBOND  =         0.0000  RESTRAINT  =         0.0000
 EKCMT  =     35246.3574  VIRIAL  =     51836.6472  VOLUME     =   1843867.0261
 CMAP   =      1188.9992
                                                    Density    =         0.9671
 Ewald error estimate:   0.3838E-04
 ------------------------------------------------------------------------------

 NMR restraints: Bond =    0.000   Angle =     0.000   Torsion =     0.000
===============================================================================

 NSTEP =      900   TIME(PS) =      51.400  TEMP(K) =   302.63  PRESS =  -429.8
 Etot   =   -364629.9058  EKtot   =    113033.1016  EPtot      =   -477663.0074
 BOND   =      8684.8166  ANGLE   =     29847.3651  DIHED      =     21172.3074
 1-4 NB =      9334.1271  1-4 EEL =     40158.6807  VDWAALS    =     27911.3398
 EELEC  =   -616003.8970  EHBOND  =         0.0000  RESTRAINT  =         0.0000
 EKCMT  =     35412.8715  VIRIAL  =     52504.0577  VOLUME     =   1841689.7310
 CMAP   =      1232.2530
                                                    Density    =         0.9683
 Ewald error estimate:   0.3989E-04
 ------------------------------------------------------------------------------

 NMR restraints: Bond =    0.000   Angle =     0.000   Torsion =     0.000
===============================================================================

 NSTEP =     1000   TIME(PS) =      51.500  TEMP(K) =   303.73  PRESS =  -514.3
 Etot   =   -364414.3310  EKtot   =    113443.5004  EPtot      =   -477857.8314
 BOND   =      8573.8346  ANGLE   =     29790.3268  DIHED      =     21068.9776
 1-4 NB =      9384.1149  1-4 EEL =     40190.6486  VDWAALS    =     27496.9277
 EELEC  =   -615592.8412  EHBOND  =         0.0000  RESTRAINT  =         0.0000
 EKCMT  =     35284.9855  VIRIAL  =     55713.7482  VOLUME     =   1839725.7237
 CMAP   =      1230.1797
                                                    Density    =         0.9693
 Ewald error estimate:   0.5261E-04
 ------------------------------------------------------------------------------

 NMR restraints: Bond =    0.000   Angle =     0.000   Torsion =     0.000
===============================================================================

 NSTEP =     1100   TIME(PS) =      51.600  TEMP(K) =   303.28  PRESS =  -493.9
 Etot   =   -364128.8750  EKtot   =    113275.4077  EPtot      =   -477404.2828
 BOND   =      8827.6811  ANGLE   =     30059.9855  DIHED      =     21101.9955
 1-4 NB =      9267.5189  1-4 EEL =     40149.4170  VDWAALS    =     27729.8205
 EELEC  =   -615754.5317  EHBOND  =         0.0000  RESTRAINT  =         0.0000
 EKCMT  =     35513.9184  VIRIAL  =     55108.8944  VOLUME     =   1837648.5129
 CMAP   =      1213.8304
                                                    Density    =         0.9704
 Ewald error estimate:   0.7469E-04
 ------------------------------------------------------------------------------

 NMR restraints: Bond =    0.000   Angle =     0.000   Torsion =     0.000
===============================================================================

 NSTEP =     1200   TIME(PS) =      51.700  TEMP(K) =   304.29  PRESS =  -536.0
 Etot   =   -363910.2688  EKtot   =    113655.0984  EPtot      =   -477565.3671
 BOND   =      8745.0058  ANGLE   =     30006.3093  DIHED      =     20980.0461
 1-4 NB =      9328.3765  1-4 EEL =     40090.9030  VDWAALS    =     28060.9877
 EELEC  =   -616009.5832  EHBOND  =         0.0000  RESTRAINT  =         0.0000
 EKCMT  =     35499.1610  VIRIAL  =     56741.1170  VOLUME     =   1835563.2240
 CMAP   =      1232.5877
                                                    Density    =         0.9715
 Ewald error estimate:   0.4612E-04
 ------------------------------------------------------------------------------

 NMR restraints: Bond =    0.000   Angle =     0.000   Torsion =     0.000
===============================================================================

 NSTEP =     1300   TIME(PS) =      51.800  TEMP(K) =   303.96  PRESS =  -644.6
 Etot   =   -364266.2325  EKtot   =    113530.4376  EPtot      =   -477796.6701
 BOND   =      8674.5748  ANGLE   =     30241.4604  DIHED      =     20994.2981
 1-4 NB =      9344.5220  1-4 EEL =     40085.9753  VDWAALS    =     27351.0404
 EELEC  =   -615696.7595  EHBOND  =         0.0000  RESTRAINT  =         0.0000
 EKCMT  =     35553.7660  VIRIAL  =     61069.7019  VOLUME     =   1833466.1006
 CMAP   =      1208.2185
                                                    Density    =         0.9726
 Ewald error estimate:   0.5486E-04
 ------------------------------------------------------------------------------

 NMR restraints: Bond =    0.000   Angle =     0.000   Torsion =     0.000
===============================================================================

 NSTEP =     1400   TIME(PS) =      51.900  TEMP(K) =   304.40  PRESS =  -406.4
 Etot   =   -364275.9660  EKtot   =    113693.7906  EPtot      =   -477969.7566
 BOND   =      8769.3653  ANGLE   =     30146.6913  DIHED      =     21049.8450
 1-4 NB =      9304.9404  1-4 EEL =     39959.5833  VDWAALS    =     28356.3124
 EELEC  =   -616778.0107  EHBOND  =         0.0000  RESTRAINT  =         0.0000
 EKCMT  =     35459.8037  VIRIAL  =     51529.3827  VOLUME     =   1831516.1628
 CMAP   =      1221.5164
                                                    Density    =         0.9736
 Ewald error estimate:   0.3265E-05
 ------------------------------------------------------------------------------

 NMR restraints: Bond =    0.000   Angle =     0.000   Torsion =     0.000
===============================================================================

 NSTEP =     1500   TIME(PS) =      52.000  TEMP(K) =   304.39  PRESS =  -430.6
 Etot   =   -364569.8178  EKtot   =    113692.1829  EPtot      =   -478262.0007
 BOND   =      8812.4955  ANGLE   =     30294.7683  DIHED      =     20892.3261
 1-4 NB =      9305.0297  1-4 EEL =     40013.4539  VDWAALS    =     27955.3869
 EELEC  =   -616763.4525  EHBOND  =         0.0000  RESTRAINT  =         0.0000
 EKCMT  =     35560.8535  VIRIAL  =     52574.0259  VOLUME     =   1829737.0993
 CMAP   =      1227.9913
                                                    Density    =         0.9746
 Ewald error estimate:   0.1728E-04
 ------------------------------------------------------------------------------

 NMR restraints: Bond =    0.000   Angle =     0.000   Torsion =     0.000
===============================================================================

 NSTEP =     1600   TIME(PS) =      52.100  TEMP(K) =   303.55  PRESS =  -594.0
 Etot   =   -364759.9885  EKtot   =    113378.8599  EPtot      =   -478138.8484
 BOND   =      8750.0305  ANGLE   =     30250.7460  DIHED      =     20932.5291
 1-4 NB =      9318.4498  1-4 EEL =     40079.4334  VDWAALS    =     27526.9238
 EELEC  =   -616212.5157  EHBOND  =         0.0000  RESTRAINT  =         0.0000
 EKCMT  =     35396.5239  VIRIAL  =     58834.4559  VOLUME     =   1827637.3017
 CMAP   =      1215.5547
                                                    Density    =         0.9757
 Ewald error estimate:   0.6076E-04
 ------------------------------------------------------------------------------

 NMR restraints: Bond =    0.000   Angle =     0.000   Torsion =     0.000
===============================================================================

 NSTEP =     1700   TIME(PS) =      52.200  TEMP(K) =   303.70  PRESS =  -471.4
 Etot   =   -365069.7063  EKtot   =    113433.9641  EPtot      =   -478503.6703
 BOND   =      8812.3403  ANGLE   =     30004.7906  DIHED      =     20958.1699
 1-4 NB =      9341.8583  1-4 EEL =     40119.8395  VDWAALS    =     27844.3082
 EELEC  =   -616783.3093  EHBOND  =         0.0000  RESTRAINT  =         0.0000
 EKCMT  =     35221.2971  VIRIAL  =     53801.4485  VOLUME     =   1825453.8662
 CMAP   =      1198.3321
                                                    Density    =         0.9769
 Ewald error estimate:   0.6920E-05
 ------------------------------------------------------------------------------

 NMR restraints: Bond =    0.000   Angle =     0.000   Torsion =     0.000
===============================================================================

 NSTEP =     1800   TIME(PS) =      52.300  TEMP(K) =   303.78  PRESS =  -510.6
 Etot   =   -365248.1171  EKtot   =    113462.8496  EPtot      =   -478710.9667
 BOND   =      8829.9845  ANGLE   =     30160.0878  DIHED      =     20825.3333
 1-4 NB =      9276.5808  1-4 EEL =     40172.6501  VDWAALS    =     27574.3183
 EELEC  =   -616751.1702  EHBOND  =         0.0000  RESTRAINT  =         0.0000
 EKCMT  =     35417.6520  VIRIAL  =     55522.2529  VOLUME     =   1823555.5411
 CMAP   =      1201.2487
                                                    Density    =         0.9779
 Ewald error estimate:   0.9389E-05
 ------------------------------------------------------------------------------

 NMR restraints: Bond =    0.000   Angle =     0.000   Torsion =     0.000
===============================================================================

 NSTEP =     1900   TIME(PS) =      52.400  TEMP(K) =   303.86  PRESS =  -541.9
 Etot   =   -365352.8743  EKtot   =    113492.1609  EPtot      =   -478845.0352
 BOND   =      8935.3106  ANGLE   =     30192.9606  DIHED      =     20796.3578
 1-4 NB =      9253.3913  1-4 EEL =     40056.3269  VDWAALS    =     27578.7230
 EELEC  =   -616893.1003  EHBOND  =         0.0000  RESTRAINT  =         0.0000
 EKCMT  =     35434.2114  VIRIAL  =     56747.2976  VOLUME     =   1821444.6945
 CMAP   =      1234.9950
                                                    Density    =         0.9790
 Ewald error estimate:   0.1847E-04
 ------------------------------------------------------------------------------

 NMR restraints: Bond =    0.000   Angle =     0.000   Torsion =     0.000
===============================================================================

 NSTEP =     2000   TIME(PS) =      52.500  TEMP(K) =   303.98  PRESS =  -265.3
 Etot   =   -365379.5234  EKtot   =    113538.4393  EPtot      =   -478917.9627
 BOND   =      8759.6406  ANGLE   =     30290.7943  DIHED      =     20973.0228
 1-4 NB =      9332.7811  1-4 EEL =     40053.7016  VDWAALS    =     27946.3055
 EELEC  =   -617494.9556  EHBOND  =         0.0000  RESTRAINT  =         0.0000
 EKCMT  =     35517.9016  VIRIAL  =     45939.3113  VOLUME     =   1819645.2648
 CMAP   =      1220.7472
                                                    Density    =         0.9800
 Ewald error estimate:   0.2075E-04
 ------------------------------------------------------------------------------

 NMR restraints: Bond =    0.000   Angle =     0.000   Torsion =     0.000
===============================================================================

 NSTEP =     2100   TIME(PS) =      52.600  TEMP(K) =   303.76  PRESS =  -499.2
 Etot   =   -365789.3409  EKtot   =    113457.6967  EPtot      =   -479247.0376
 BOND   =      8882.5092  ANGLE   =     30335.9064  DIHED      =     20748.5019
 1-4 NB =      9242.4082  1-4 EEL =     40068.1165  VDWAALS    =     27420.5416
 EELEC  =   -617165.4563  EHBOND  =         0.0000  RESTRAINT  =         0.0000
 EKCMT  =     35324.3405  VIRIAL  =     54920.6491  VOLUME     =   1818189.4304
 CMAP   =      1220.4347
                                                    Density    =         0.9808
 Ewald error estimate:   0.2627E-05
 ------------------------------------------------------------------------------

 NMR restraints: Bond =    0.000   Angle =     0.000   Torsion =     0.000
===============================================================================

 NSTEP =     2200   TIME(PS) =      52.700  TEMP(K) =   304.19  PRESS =  -476.0
 Etot   =   -366100.6380  EKtot   =    113618.1093  EPtot      =   -479718.7473
 BOND   =      8727.1245  ANGLE   =     30045.7760  DIHED      =     20711.1215
 1-4 NB =      9309.4178  1-4 EEL =     40054.4699  VDWAALS    =     27428.0814
 EELEC  =   -617229.4777  EHBOND  =         0.0000  RESTRAINT  =         0.0000
 EKCMT  =     35391.7724  VIRIAL  =     54056.0738  VOLUME     =   1816113.0664
 CMAP   =      1234.7393
                                                    Density    =         0.9819
 Ewald error estimate:   0.6876E-04
 ------------------------------------------------------------------------------

 NMR restraints: Bond =    0.000   Angle =     0.000   Torsion =     0.000
===============================================================================

 NSTEP =     2300   TIME(PS) =      52.800  TEMP(K) =   303.54  PRESS =  -344.3
 Etot   =   -366176.8622  EKtot   =    113372.5705  EPtot      =   -479549.4328
 BOND   =      8812.8377  ANGLE   =     30275.0860  DIHED      =     20581.7501
 1-4 NB =      9234.9257  1-4 EEL =     40143.2316  VDWAALS    =     27735.9416
 EELEC  =   -617568.7586  EHBOND  =         0.0000  RESTRAINT  =         0.0000
 EKCMT  =     35305.6095  VIRIAL  =     48791.6994  VOLUME     =   1814167.2364
 CMAP   =      1235.5531
                                                    Density    =         0.9829
 Ewald error estimate:   0.4842E-04
 ------------------------------------------------------------------------------

 NMR restraints: Bond =    0.000   Angle =     0.000   Torsion =     0.000
===============================================================================

 NSTEP =     2400   TIME(PS) =      52.900  TEMP(K) =   303.92  PRESS =  -406.9
 Etot   =   -366296.1554  EKtot   =    113515.7750  EPtot      =   -479811.9304
 BOND   =      8801.4804  ANGLE   =     30096.4227  DIHED      =     20730.5244
 1-4 NB =      9284.9905  1-4 EEL =     39889.9455  VDWAALS    =     27682.5956
 EELEC  =   -617501.7924  EHBOND  =         0.0000  RESTRAINT  =         0.0000
 EKCMT  =     35437.8346  VIRIAL  =     51363.4444  VOLUME     =   1812658.4310
 CMAP   =      1203.9029
                                                    Density    =         0.9838
 Ewald error estimate:   0.2220E-04
 ------------------------------------------------------------------------------

 NMR restraints: Bond =    0.000   Angle =     0.000   Torsion =     0.000
===============================================================================

 NSTEP =     2500   TIME(PS) =      53.000  TEMP(K) =   304.12  PRESS =  -488.8
 Etot   =   -366329.7893  EKtot   =    113592.2094  EPtot      =   -479921.9987
 BOND   =      8810.2760  ANGLE   =     30104.8747  DIHED      =     20655.0620
 1-4 NB =      9312.9455  1-4 EEL =     40021.2234  VDWAALS    =     27510.8655
 EELEC  =   -617539.5977  EHBOND  =         0.0000  RESTRAINT  =         0.0000
 EKCMT  =     35455.1027  VIRIAL  =     54569.2196  VOLUME     =   1811057.8657
 CMAP   =      1202.3518
                                                    Density    =         0.9846
 Ewald error estimate:   0.2480E-04
 ------------------------------------------------------------------------------

 NMR restraints: Bond =    0.000   Angle =     0.000   Torsion =     0.000
===============================================================================

 NSTEP =     2600   TIME(PS) =      53.100  TEMP(K) =   304.52  PRESS =  -333.7
 Etot   =   -366697.2073  EKtot   =    113739.5153  EPtot      =   -480436.7226
 BOND   =      8774.8086  ANGLE   =     30258.6306  DIHED      =     20647.6514
 1-4 NB =      9281.3869  1-4 EEL =     39941.7971  VDWAALS    =     28041.3148
 EELEC  =   -618582.3864  EHBOND  =         0.0000  RESTRAINT  =         0.0000
 EKCMT  =     35587.4630  VIRIAL  =     48626.4554  VOLUME     =   1809580.9610
 CMAP   =      1200.0744
                                                    Density    =         0.9854
 Ewald error estimate:   0.5270E-04
 ------------------------------------------------------------------------------

 NMR restraints: Bond =    0.000   Angle =     0.000   Torsion =     0.000
===============================================================================

 NSTEP =     2700   TIME(PS) =      53.200  TEMP(K) =   304.01  PRESS =  -360.1
 Etot   =   -366614.8927  EKtot   =    113548.9027  EPtot      =   -480163.7954
 BOND   =      8761.9074  ANGLE   =     30160.1884  DIHED      =     20654.9817
 1-4 NB =      9366.4645  1-4 EEL =     40096.5602  VDWAALS    =     28176.3519
 EELEC  =   -618602.4764  EHBOND  =         0.0000  RESTRAINT  =         0.0000
 EKCMT  =     35653.4065  VIRIAL  =     49712.9282  VOLUME     =   1808099.6777
 CMAP   =      1222.2269
                                                    Density    =         0.9862
 Ewald error estimate:   0.6445E-04
 ------------------------------------------------------------------------------

 NMR restraints: Bond =    0.000   Angle =     0.000   Torsion =     0.000
===============================================================================

 NSTEP =     2800   TIME(PS) =      53.300  TEMP(K) =   303.71  PRESS =  -498.3
 Etot   =   -367025.0425  EKtot   =    113437.0948  EPtot      =   -480462.1373
 BOND   =      8818.6379  ANGLE   =     30136.3664  DIHED      =     20583.9863
 1-4 NB =      9310.8210  1-4 EEL =     39899.0673  VDWAALS    =     27928.5690
 EELEC  =   -618342.4647  EHBOND  =         0.0000  RESTRAINT  =         0.0000
 EKCMT  =     35513.0496  VIRIAL  =     54950.5330  VOLUME     =   1806617.4198
 CMAP   =      1202.8796
                                                    Density    =         0.9871
 Ewald error estimate:   0.5844E-04
 ------------------------------------------------------------------------------

 NMR restraints: Bond =    0.000   Angle =     0.000   Torsion =     0.000
===============================================================================

 NSTEP =     2900   TIME(PS) =      53.400  TEMP(K) =   304.42  PRESS =  -470.0
 Etot   =   -366984.5243  EKtot   =    113701.9166  EPtot      =   -480686.4409
 BOND   =      8745.8545  ANGLE   =     30001.3017  DIHED      =     20573.4438
 1-4 NB =      9196.3438  1-4 EEL =     39981.0036  VDWAALS    =     27782.0793
 EELEC  =   -618188.4684  EHBOND  =         0.0000  RESTRAINT  =         0.0000
 EKCMT  =     35447.8040  VIRIAL  =     53768.3877  VOLUME     =   1805272.7133
 CMAP   =      1222.0009
                                                    Density    =         0.9878
 Ewald error estimate:   0.1999E-04
 ------------------------------------------------------------------------------

 NMR restraints: Bond =    0.000   Angle =     0.000   Torsion =     0.000
===============================================================================

 NSTEP =     3000   TIME(PS) =      53.500  TEMP(K) =   304.28  PRESS =  -300.5
 Etot   =   -367093.9205  EKtot   =    113651.2690  EPtot      =   -480745.1895
 BOND   =      8701.1490  ANGLE   =     30035.8814  DIHED      =     20680.9100
 1-4 NB =      9256.6343  1-4 EEL =     39975.8046  VDWAALS    =     27470.6683
 EELEC  =   -618094.2985  EHBOND  =         0.0000  RESTRAINT  =         0.0000
 EKCMT  =     35358.6119  VIRIAL  =     47062.1686  VOLUME     =   1803604.5713
 CMAP   =      1228.0614
                                                    Density    =         0.9887
 Ewald error estimate:   0.8102E-04
 ------------------------------------------------------------------------------

 NMR restraints: Bond =    0.000   Angle =     0.000   Torsion =     0.000
===============================================================================

 NSTEP =     3100   TIME(PS) =      53.600  TEMP(K) =   304.36  PRESS =  -332.7
 Etot   =   -367147.6143  EKtot   =    113681.7453  EPtot      =   -480829.3595
 BOND   =      8737.3642  ANGLE   =     30107.3663  DIHED      =     20758.2484
 1-4 NB =      9277.8410  1-4 EEL =     39990.5208  VDWAALS    =     28006.2113
 EELEC  =   -618920.8009  EHBOND  =         0.0000  RESTRAINT  =         0.0000
 EKCMT  =     35592.6139  VIRIAL  =     48539.6051  VOLUME     =   1802291.5254
 CMAP   =      1213.8893
                                                    Density    =         0.9894
 Ewald error estimate:   0.1080E-03
 ------------------------------------------------------------------------------

 NMR restraints: Bond =    0.000   Angle =     0.000   Torsion =     0.000
===============================================================================

 NSTEP =     3200   TIME(PS) =      53.700  TEMP(K) =   304.74  PRESS =  -406.7
 Etot   =   -367299.8430  EKtot   =    113821.9338  EPtot      =   -481121.7768
 BOND   =      8727.7848  ANGLE   =     29867.8521  DIHED      =     20629.4472
 1-4 NB =      9264.4579  1-4 EEL =     40160.9258  VDWAALS    =     27667.1775
 EELEC  =   -618683.5483  EHBOND  =         0.0000  RESTRAINT  =         0.0000
 EKCMT  =     35536.2830  VIRIAL  =     51350.8326  VOLUME     =   1800889.2467
 CMAP   =      1244.1261
                                                    Density    =         0.9902
 Ewald error estimate:   0.4824E-04
 ------------------------------------------------------------------------------

 NMR restraints: Bond =    0.000   Angle =     0.000   Torsion =     0.000
===============================================================================

 NSTEP =     3300   TIME(PS) =      53.800  TEMP(K) =   304.78  PRESS =  -303.7
 Etot   =   -367436.5729  EKtot   =    113838.6471  EPtot      =   -481275.2199
 BOND   =      8700.1692  ANGLE   =     30041.6569  DIHED      =     20532.2554
 1-4 NB =      9270.2764  1-4 EEL =     39974.7820  VDWAALS    =     27698.8597
 EELEC  =   -618720.1200  EHBOND  =         0.0000  RESTRAINT  =         0.0000
 EKCMT  =     35585.6203  VIRIAL  =     47382.2650  VOLUME     =   1799257.2045
 CMAP   =      1226.9004
                                                    Density    =         0.9911
 Ewald error estimate:   0.5504E-05
 ------------------------------------------------------------------------------

 NMR restraints: Bond =    0.000   Angle =     0.000   Torsion =     0.000
===============================================================================

 NSTEP =     3400   TIME(PS) =      53.900  TEMP(K) =   304.25  PRESS =  -290.6
 Etot   =   -367181.2334  EKtot   =    113640.2701  EPtot      =   -480821.5035
 BOND   =      8789.8513  ANGLE   =     30001.5637  DIHED      =     20688.9065
 1-4 NB =      9177.8125  1-4 EEL =     39815.3797  VDWAALS    =     27888.1421
 EELEC  =   -618392.0487  EHBOND  =         0.0000  RESTRAINT  =         0.0000
 EKCMT  =     35752.4894  VIRIAL  =     47030.7615  VOLUME     =   1797808.0578
 CMAP   =      1208.8895
                                                    Density    =         0.9919
 Ewald error estimate:   0.3187E-04
 ------------------------------------------------------------------------------

 NMR restraints: Bond =    0.000   Angle =     0.000   Torsion =     0.000
===============================================================================

 NSTEP =     3500   TIME(PS) =      54.000  TEMP(K) =   304.09  PRESS =  -293.3
 Etot   =   -367312.5746  EKtot   =    113578.0051  EPtot      =   -480890.5797
 BOND   =      8750.6641  ANGLE   =     30156.9396  DIHED      =     20767.1018
 1-4 NB =      9267.6833  1-4 EEL =     40008.4733  VDWAALS    =     27736.3623
 EELEC  =   -618791.3877  EHBOND  =         0.0000  RESTRAINT  =         0.0000
 EKCMT  =     35543.7550  VIRIAL  =     46921.3623  VOLUME     =   1796438.2091
 CMAP   =      1213.5835
                                                    Density    =         0.9926
 Ewald error estimate:   0.2809E-04
 ------------------------------------------------------------------------------

 NMR restraints: Bond =    0.000   Angle =     0.000   Torsion =     0.000
===============================================================================

 NSTEP =     3600   TIME(PS) =      54.100  TEMP(K) =   304.25  PRESS =  -304.4
 Etot   =   -367357.9494  EKtot   =    113639.4047  EPtot      =   -480997.3541
 BOND   =      8814.8831  ANGLE   =     30193.3548  DIHED      =     20659.9177
 1-4 NB =      9249.5648  1-4 EEL =     39906.0217  VDWAALS    =     27966.7694
 EELEC  =   -618992.3517  EHBOND  =         0.0000  RESTRAINT  =         0.0000
 EKCMT  =     35574.2523  VIRIAL  =     47375.0311  VOLUME     =   1795364.6886
 CMAP   =      1204.4860
                                                    Density    =         0.9932
 Ewald error estimate:   0.5064E-04
 ------------------------------------------------------------------------------

 NMR restraints: Bond =    0.000   Angle =     0.000   Torsion =     0.000
===============================================================================

 NSTEP =     3700   TIME(PS) =      54.200  TEMP(K) =   304.03  PRESS =  -388.2
 Etot   =   -367457.0379  EKtot   =    113558.1425  EPtot      =   -481015.1804
 BOND   =      8933.4520  ANGLE   =     30204.0566  DIHED      =     20619.4358
 1-4 NB =      9224.0780  1-4 EEL =     39892.5505  VDWAALS    =     27604.3921
 EELEC  =   -618686.7196  EHBOND  =         0.0000  RESTRAINT  =         0.0000
 EKCMT  =     35270.3722  VIRIAL  =     50307.9591  VOLUME     =   1794024.7813
 CMAP   =      1193.5742
                                                    Density    =         0.9940
 Ewald error estimate:   0.8497E-04
 ------------------------------------------------------------------------------

 NMR restraints: Bond =    0.000   Angle =     0.000   Torsion =     0.000
===============================================================================

 NSTEP =     3800   TIME(PS) =      54.300  TEMP(K) =   304.09  PRESS =  -365.4
 Etot   =   -367503.1844  EKtot   =    113577.8450  EPtot      =   -481081.0293
 BOND   =      8850.7320  ANGLE   =     30266.9995  DIHED      =     20552.9868
 1-4 NB =      9203.4089  1-4 EEL =     39862.2618  VDWAALS    =     27692.5240
 EELEC  =   -618721.9372  EHBOND  =         0.0000  RESTRAINT  =         0.0000
 EKCMT  =     35428.4474  VIRIAL  =     49572.7471  VOLUME     =   1792615.4833
 CMAP   =      1211.9949
                                                    Density    =         0.9948
 Ewald error estimate:   0.2274E-04
 ------------------------------------------------------------------------------

 NMR restraints: Bond =    0.000   Angle =     0.000   Torsion =     0.000
===============================================================================

 NSTEP =     3900   TIME(PS) =      54.400  TEMP(K) =   304.40  PRESS =  -266.1
 Etot   =   -367651.0106  EKtot   =    113694.6682  EPtot      =   -481345.6788
 BOND   =      8785.3300  ANGLE   =     30202.8083  DIHED      =     20561.0928
 1-4 NB =      9256.0045  1-4 EEL =     40015.2626  VDWAALS    =     27816.8357
 EELEC  =   -619187.2554  EHBOND  =         0.0000  RESTRAINT  =         0.0000
 EKCMT  =     35344.6912  VIRIAL  =     45635.8327  VOLUME     =   1791237.6742
 CMAP   =      1204.2429
                                                    Density    =         0.9955
 Ewald error estimate:   0.6025E-05
 ------------------------------------------------------------------------------

 NMR restraints: Bond =    0.000   Angle =     0.000   Torsion =     0.000
===============================================================================

 NSTEP =     4000   TIME(PS) =      54.500  TEMP(K) =   303.98  PRESS =  -335.0
 Etot   =   -368097.6271  EKtot   =    113538.4760  EPtot      =   -481636.1031
 BOND   =      8894.6764  ANGLE   =     30180.4179  DIHED      =     20562.2739
 1-4 NB =      9301.2785  1-4 EEL =     39896.1399  VDWAALS    =     27493.8501
 EELEC  =   -619164.1792  EHBOND  =         0.0000  RESTRAINT  =         0.0000
 EKCMT  =     35431.6149  VIRIAL  =     48378.6951  VOLUME     =   1789996.6943
 CMAP   =      1199.4395
                                                    Density    =         0.9962
 Ewald error estimate:   0.4397E-04
 ------------------------------------------------------------------------------

 NMR restraints: Bond =    0.000   Angle =     0.000   Torsion =     0.000
===============================================================================

 NSTEP =     4100   TIME(PS) =      54.600  TEMP(K) =   304.46  PRESS =  -294.3
 Etot   =   -368017.3282  EKtot   =    113718.4266  EPtot      =   -481735.7548
 BOND   =      8927.9038  ANGLE   =     30164.8929  DIHED      =     20602.4864
 1-4 NB =      9230.4621  1-4 EEL =     40106.0926  VDWAALS    =     27946.5677
 EELEC  =   -619943.9957  EHBOND  =         0.0000  RESTRAINT  =         0.0000
 EKCMT  =     35628.3185  VIRIAL  =     46994.8549  VOLUME     =   1788823.2206
 CMAP   =      1229.8354
                                                    Density    =         0.9969
 Ewald error estimate:   0.9270E-04
 ------------------------------------------------------------------------------

 NMR restraints: Bond =    0.000   Angle =     0.000   Torsion =     0.000
===============================================================================

 NSTEP =     4200   TIME(PS) =      54.700  TEMP(K) =   303.94  PRESS =  -240.8
 Etot   =   -368365.9923  EKtot   =    113525.1738  EPtot      =   -481891.1660
 BOND   =      8812.0955  ANGLE   =     30103.3244  DIHED      =     20571.9179
 1-4 NB =      9309.8532  1-4 EEL =     39934.5367  VDWAALS    =     27509.1902
 EELEC  =   -619357.3467  EHBOND  =         0.0000  RESTRAINT  =         0.0000
 EKCMT  =     35535.6258  VIRIAL  =     44830.5489  VOLUME     =   1787502.1857
 CMAP   =      1225.2627
                                                    Density    =         0.9976
 Ewald error estimate:   0.2585E-04
 ------------------------------------------------------------------------------

 NMR restraints: Bond =    0.000   Angle =     0.000   Torsion =     0.000
===============================================================================

 NSTEP =     4300   TIME(PS) =      54.800  TEMP(K) =   305.05  PRESS =  -328.0
 Etot   =   -368376.4359  EKtot   =    113939.8713  EPtot      =   -482316.3072
 BOND   =      8804.0762  ANGLE   =     29957.0573  DIHED      =     20590.2717
 1-4 NB =      9257.1549  1-4 EEL =     40044.2275  VDWAALS    =     27169.9293
 EELEC  =   -619357.7894  EHBOND  =         0.0000  RESTRAINT  =         0.0000
 EKCMT  =     35750.1665  VIRIAL  =     48403.6033  VOLUME     =   1786564.5271
 CMAP   =      1218.7653
                                                    Density    =         0.9981
 Ewald error estimate:   0.4416E-04
 ------------------------------------------------------------------------------

 NMR restraints: Bond =    0.000   Angle =     0.000   Torsion =     0.000
===============================================================================

 NSTEP =     4400   TIME(PS) =      54.900  TEMP(K) =   304.67  PRESS =  -367.4
 Etot   =   -368532.0332  EKtot   =    113795.9172  EPtot      =   -482327.9503
 BOND   =      8811.7153  ANGLE   =     30021.3969  DIHED      =     20406.6918
 1-4 NB =      9230.5692  1-4 EEL =     39882.3388  VDWAALS    =     27553.5515
 EELEC  =   -619433.6594  EHBOND  =         0.0000  RESTRAINT  =         0.0000
 EKCMT  =     35560.7349  VIRIAL  =     49722.9573  VOLUME     =   1785339.3700
 CMAP   =      1199.4455
                                                    Density    =         0.9988
 Ewald error estimate:   0.3894E-04
 ------------------------------------------------------------------------------

 NMR restraints: Bond =    0.000   Angle =     0.000   Torsion =     0.000
===============================================================================

 NSTEP =     4500   TIME(PS) =      55.000  TEMP(K) =   304.45  PRESS =  -262.9
 Etot   =   -368388.4039  EKtot   =    113714.4897  EPtot      =   -482102.8936
 BOND   =      8853.3276  ANGLE   =     30068.8372  DIHED      =     20550.5599
 1-4 NB =      9223.8058  1-4 EEL =     39858.9596  VDWAALS    =     27501.0152
 EELEC  =   -619362.0037  EHBOND  =         0.0000  RESTRAINT  =         0.0000
 EKCMT  =     35513.1639  VIRIAL  =     45642.4989  VOLUME     =   1784276.0405
 CMAP   =      1202.6048
                                                    Density    =         0.9994
 Ewald error estimate:   0.3221E-06
 ------------------------------------------------------------------------------

 NMR restraints: Bond =    0.000   Angle =     0.000   Torsion =     0.000
===============================================================================

 NSTEP =     4600   TIME(PS) =      55.100  TEMP(K) =   304.25  PRESS =  -270.6
 Etot   =   -368530.5508  EKtot   =    113639.4646  EPtot      =   -482170.0154
 BOND   =      8646.0620  ANGLE   =     30245.7297  DIHED      =     20608.4932
 1-4 NB =      9311.1270  1-4 EEL =     40021.5548  VDWAALS    =     27419.4674
 EELEC  =   -619632.0276  EHBOND  =         0.0000  RESTRAINT  =         0.0000
 EKCMT  =     35628.1505  VIRIAL  =     46047.2456  VOLUME     =   1783128.2735
 CMAP   =      1209.5781
                                                    Density    =         1.0001
 Ewald error estimate:   0.2426E-04
 ------------------------------------------------------------------------------

 NMR restraints: Bond =    0.000   Angle =     0.000   Torsion =     0.000
===============================================================================

 NSTEP =     4700   TIME(PS) =      55.200  TEMP(K) =   304.38  PRESS =  -259.5
 Etot   =   -368828.1759  EKtot   =    113688.7145  EPtot      =   -482516.8904
 BOND   =      8797.5073  ANGLE   =     30287.0338  DIHED      =     20496.3482
 1-4 NB =      9264.7282  1-4 EEL =     39994.7623  VDWAALS    =     27553.0832
 EELEC  =   -620127.7279  EHBOND  =         0.0000  RESTRAINT  =         0.0000
 EKCMT  =     35607.5551  VIRIAL  =     45592.5800  VOLUME     =   1781952.2926
 CMAP   =      1217.3745
                                                    Density    =         1.0007
 Ewald error estimate:   0.9330E-05
 ------------------------------------------------------------------------------

 NMR restraints: Bond =    0.000   Angle =     0.000   Torsion =     0.000
===============================================================================

 NSTEP =     4800   TIME(PS) =      55.300  TEMP(K) =   304.34  PRESS =  -260.8
 Etot   =   -368703.1148  EKtot   =    113674.1646  EPtot      =   -482377.2794
 BOND   =      8792.7608  ANGLE   =     30327.0804  DIHED      =     20581.3662
 1-4 NB =      9236.9951  1-4 EEL =     39887.0747  VDWAALS    =     27461.5553
 EELEC  =   -619891.5749  EHBOND  =         0.0000  RESTRAINT  =         0.0000
 EKCMT  =     35547.6426  VIRIAL  =     45577.0125  VOLUME     =   1781090.7465
 CMAP   =      1227.4629
                                                    Density    =         1.0012
 Ewald error estimate:   0.2326E-04
 ------------------------------------------------------------------------------

 NMR restraints: Bond =    0.000   Angle =     0.000   Torsion =     0.000
===============================================================================

 NSTEP =     4900   TIME(PS) =      55.400  TEMP(K) =   304.37  PRESS =  -206.1
 Etot   =   -368626.8840  EKtot   =    113682.9861  EPtot      =   -482309.8701
 BOND   =      8767.8940  ANGLE   =     30156.0306  DIHED      =     20547.9896
 1-4 NB =      9243.5916  1-4 EEL =     40016.8396  VDWAALS    =     27885.8152
 EELEC  =   -620120.7228  EHBOND  =         0.0000  RESTRAINT  =         0.0000
 EKCMT  =     35428.9854  VIRIAL  =     43349.9109  VOLUME     =   1780364.2009
 CMAP   =      1192.6921
                                                    Density    =         1.0016
 Ewald error estimate:   0.1831E-04
 ------------------------------------------------------------------------------

 NMR restraints: Bond =    0.000   Angle =     0.000   Torsion =     0.000
===============================================================================

 NSTEP =     5000   TIME(PS) =      55.500  TEMP(K) =   304.92  PRESS =  -202.8
 Etot   =   -368886.4735  EKtot   =    113890.0341  EPtot      =   -482776.5076
 BOND   =      8716.4170  ANGLE   =     29915.3696  DIHED      =     20602.5702
 1-4 NB =      9293.6436  1-4 EEL =     40014.9316  VDWAALS    =     28005.5163
 EELEC  =   -620535.9115  EHBOND  =         0.0000  RESTRAINT  =         0.0000
 EKCMT  =     35479.8919  VIRIAL  =     43273.4158  VOLUME     =   1779507.0993
 CMAP   =      1210.9556
                                                    Density    =         1.0021
 Ewald error estimate:   0.1460E-04
 ------------------------------------------------------------------------------

 NMR restraints: Bond =    0.000   Angle =     0.000   Torsion =     0.000
===============================================================================

 NSTEP =     5100   TIME(PS) =      55.600  TEMP(K) =   304.58  PRESS =  -255.7
 Etot   =   -368879.4464  EKtot   =    113761.8818  EPtot      =   -482641.3282
 BOND   =      8823.8632  ANGLE   =     30195.5193  DIHED      =     20514.3702
 1-4 NB =      9272.4214  1-4 EEL =     39946.9511  VDWAALS    =     27524.3786
 EELEC  =   -620123.5634  EHBOND  =         0.0000  RESTRAINT  =         0.0000
 EKCMT  =     35504.1212  VIRIAL  =     45322.1485  VOLUME     =   1778618.1286
 CMAP   =      1204.7314
                                                    Density    =         1.0026
 Ewald error estimate:   0.2619E-04
 ------------------------------------------------------------------------------

 NMR restraints: Bond =    0.000   Angle =     0.000   Torsion =     0.000
===============================================================================

 NSTEP =     5200   TIME(PS) =      55.700  TEMP(K) =   304.88  PRESS =  -250.4
 Etot   =   -369117.0806  EKtot   =    113876.4350  EPtot      =   -482993.5156
 BOND   =      8803.1170  ANGLE   =     29985.5979  DIHED      =     20562.0986
 1-4 NB =      9255.3291  1-4 EEL =     40081.0050  VDWAALS    =     27421.9784
 EELEC  =   -620285.9442  EHBOND  =         0.0000  RESTRAINT  =         0.0000
 EKCMT  =     35806.9694  VIRIAL  =     45417.1173  VOLUME     =   1777829.8408
 CMAP   =      1183.3026
                                                    Density    =         1.0030
 Ewald error estimate:   0.3246E-04
 ------------------------------------------------------------------------------

 NMR restraints: Bond =    0.000   Angle =     0.000   Torsion =     0.000
===============================================================================

 NSTEP =     5300   TIME(PS) =      55.800  TEMP(K) =   303.91  PRESS =  -149.4
 Etot   =   -369410.0559  EKtot   =    113512.3309  EPtot      =   -482922.3868
 BOND   =      8814.4452  ANGLE   =     29879.6516  DIHED      =     20600.5148
 1-4 NB =      9324.9677  1-4 EEL =     39960.4443  VDWAALS    =     27427.6040
 EELEC  =   -620132.8673  EHBOND  =         0.0000  RESTRAINT  =         0.0000
 EKCMT  =     35492.4821  VIRIAL  =     41223.0061  VOLUME     =   1776894.5573
 CMAP   =      1202.8530
                                                    Density    =         1.0036
 Ewald error estimate:   0.3403E-04
 ------------------------------------------------------------------------------

 NMR restraints: Bond =    0.000   Angle =     0.000   Torsion =     0.000
===============================================================================

 NSTEP =     5400   TIME(PS) =      55.900  TEMP(K) =   303.68  PRESS =  -241.5
 Etot   =   -369621.3024  EKtot   =    113426.6481  EPtot      =   -483047.9505
 BOND   =      8640.2607  ANGLE   =     30222.3552  DIHED      =     20492.7053
 1-4 NB =      9318.0295  1-4 EEL =     40142.2525  VDWAALS    =     27070.7655
 EELEC  =   -620165.0691  EHBOND  =         0.0000  RESTRAINT  =         0.0000
 EKCMT  =     35531.1137  VIRIAL  =     44792.9813  VOLUME     =   1776331.4723
 CMAP   =      1230.7501
                                                    Density    =         1.0039
 Ewald error estimate:   0.1584E-04
 ------------------------------------------------------------------------------

 NMR restraints: Bond =    0.000   Angle =     0.000   Torsion =     0.000
===============================================================================

 NSTEP =     5500   TIME(PS) =      56.000  TEMP(K) =   304.61  PRESS =  -158.6
 Etot   =   -369575.5671  EKtot   =    113775.5776  EPtot      =   -483351.1447
 BOND   =      8725.4571  ANGLE   =     29856.8808  DIHED      =     20555.9213
 1-4 NB =      9282.2149  1-4 EEL =     39970.1717  VDWAALS    =     26952.4833
 EELEC  =   -619902.5348  EHBOND  =         0.0000  RESTRAINT  =         0.0000
 EKCMT  =     35662.7869  VIRIAL  =     41741.1404  VOLUME     =   1775336.5390
 CMAP   =      1208.2610
                                                    Density    =         1.0044
 Ewald error estimate:   0.3839E-04
 ------------------------------------------------------------------------------

 NMR restraints: Bond =    0.000   Angle =     0.000   Torsion =     0.000
===============================================================================

 NSTEP =     5600   TIME(PS) =      56.100  TEMP(K) =   304.41  PRESS =  -292.2
 Etot   =   -369887.6668  EKtot   =    113699.4858  EPtot      =   -483587.1526
 BOND   =      8758.7787  ANGLE   =     30081.6333  DIHED      =     20508.9477
 1-4 NB =      9215.6967  1-4 EEL =     39972.5972  VDWAALS    =     27349.3189
 EELEC  =   -620694.4241  EHBOND  =         0.0000  RESTRAINT  =         0.0000
 EKCMT  =     35529.0877  VIRIAL  =     46722.3935  VOLUME     =   1774450.6469
 CMAP   =      1220.2990
                                                    Density    =         1.0049
 Ewald error estimate:   0.6000E-05
 ------------------------------------------------------------------------------

 NMR restraints: Bond =    0.000   Angle =     0.000   Torsion =     0.000
===============================================================================

 NSTEP =     5700   TIME(PS) =      56.200  TEMP(K) =   303.86  PRESS =  -363.3
 Etot   =   -370006.2540  EKtot   =    113493.3105  EPtot      =   -483499.5644
 BOND   =      8791.3724  ANGLE   =     30135.2417  DIHED      =     20542.9935
 1-4 NB =      9311.8008  1-4 EEL =     39828.1590  VDWAALS    =     27103.0354
 EELEC  =   -620426.9618  EHBOND  =         0.0000  RESTRAINT  =         0.0000
 EKCMT  =     35441.5227  VIRIAL  =     49348.9418  VOLUME     =   1773014.5376
 CMAP   =      1214.7946
                                                    Density    =         1.0058
 Ewald error estimate:   0.2884E-04
 ------------------------------------------------------------------------------

 NMR restraints: Bond =    0.000   Angle =     0.000   Torsion =     0.000
===============================================================================

 NSTEP =     5800   TIME(PS) =      56.300  TEMP(K) =   304.80  PRESS =  -226.1
 Etot   =   -370180.3132  EKtot   =    113845.3746  EPtot      =   -484025.6878
 BOND   =      8837.2132  ANGLE   =     30041.6128  DIHED      =     20518.4902
 1-4 NB =      9239.9117  1-4 EEL =     39827.7045  VDWAALS    =     27199.8770
 EELEC  =   -620902.2709  EHBOND  =         0.0000  RESTRAINT  =         0.0000
 EKCMT  =     35665.4679  VIRIAL  =     44317.4306  VOLUME     =   1771943.5806
 CMAP   =      1211.7737
                                                    Density    =         1.0064
 Ewald error estimate:   0.5441E-04
 ------------------------------------------------------------------------------

 NMR restraints: Bond =    0.000   Angle =     0.000   Torsion =     0.000
===============================================================================

 NSTEP =     5900   TIME(PS) =      56.400  TEMP(K) =   304.16  PRESS =  -336.4
 Etot   =   -370089.8692  EKtot   =    113607.1083  EPtot      =   -483696.9775
 BOND   =      8753.5715  ANGLE   =     30135.7076  DIHED      =     20540.2896
 1-4 NB =      9281.0181  1-4 EEL =     39848.1520  VDWAALS    =     27204.3386
 EELEC  =   -620652.5525  EHBOND  =         0.0000  RESTRAINT  =         0.0000
 EKCMT  =     35498.0773  VIRIAL  =     48361.7434  VOLUME     =   1771230.9061
 CMAP   =      1192.4977
                                                    Density    =         1.0068
 Ewald error estimate:   0.8957E-04
 ------------------------------------------------------------------------------

 NMR restraints: Bond =    0.000   Angle =     0.000   Torsion =     0.000
===============================================================================

 NSTEP =     6000   TIME(PS) =      56.500  TEMP(K) =   305.88  PRESS =  -216.5
 Etot   =   -369957.6855  EKtot   =    114248.2573  EPtot      =   -484205.9428
 BOND   =      8833.8305  ANGLE   =     30014.2707  DIHED      =     20541.4766
 1-4 NB =      9275.5061  1-4 EEL =     39936.3314  VDWAALS    =     27535.5211
 EELEC  =   -621545.0265  EHBOND  =         0.0000  RESTRAINT  =         0.0000
 EKCMT  =     35698.4006  VIRIAL  =     43972.2919  VOLUME     =   1770059.7423
 CMAP   =      1202.1474
                                                    Density    =         1.0074
 Ewald error estimate:   0.9112E-04
 ------------------------------------------------------------------------------

 NMR restraints: Bond =    0.000   Angle =     0.000   Torsion =     0.000
===============================================================================

 NSTEP =     6100   TIME(PS) =      56.600  TEMP(K) =   303.69  PRESS =  -183.4
 Etot   =   -370075.6863  EKtot   =    113431.8080  EPtot      =   -483507.4943
 BOND   =      8926.1217  ANGLE   =     30038.4421  DIHED      =     20539.2525
 1-4 NB =      9248.2348  1-4 EEL =     40035.8966  VDWAALS    =     27340.8958
 EELEC  =   -620863.0670  EHBOND  =         0.0000  RESTRAINT  =         0.0000
 EKCMT  =     35539.8190  VIRIAL  =     42545.6189  VOLUME     =   1768969.1147
 CMAP   =      1226.7294
                                                    Density    =         1.0081
 Ewald error estimate:   0.2418E-04
 ------------------------------------------------------------------------------

 NMR restraints: Bond =    0.000   Angle =     0.000   Torsion =     0.000
===============================================================================

 NSTEP =     6200   TIME(PS) =      56.700  TEMP(K) =   303.74  PRESS =  -210.0
 Etot   =   -370032.6269  EKtot   =    113447.1002  EPtot      =   -483479.7270
 BOND   =      8749.0348  ANGLE   =     30143.6872  DIHED      =     20536.3816
 1-4 NB =      9288.1558  1-4 EEL =     39989.3695  VDWAALS    =     27603.2657
 EELEC  =   -621024.8033  EHBOND  =         0.0000  RESTRAINT  =         0.0000
 EKCMT  =     35333.2573  VIRIAL  =     43351.7775  VOLUME     =   1768106.5944
 CMAP   =      1235.1815
                                                    Density    =         1.0085
 Ewald error estimate:   0.1139E-04
 ------------------------------------------------------------------------------

 NMR restraints: Bond =    0.000   Angle =     0.000   Torsion =     0.000
===============================================================================

 NSTEP =     6300   TIME(PS) =      56.800  TEMP(K) =   304.45  PRESS =    36.2
 Etot   =   -370155.2226  EKtot   =    113714.4532  EPtot      =   -483869.6758
 BOND   =      8889.7117  ANGLE   =     29828.7348  DIHED      =     20552.5304
 1-4 NB =      9263.1936  1-4 EEL =     40217.1537  VDWAALS    =     27661.6804
 EELEC  =   -621501.0742  EHBOND  =         0.0000  RESTRAINT  =         0.0000
 EKCMT  =     35581.7064  VIRIAL  =     34198.8817  VOLUME     =   1767475.9165
 CMAP   =      1218.3939
                                                    Density    =         1.0089
 Ewald error estimate:   0.1664E-04
 ------------------------------------------------------------------------------

 NMR restraints: Bond =    0.000   Angle =     0.000   Torsion =     0.000
===============================================================================

 NSTEP =     6400   TIME(PS) =      56.900  TEMP(K) =   303.60  PRESS =  -257.0
 Etot   =   -370182.8023  EKtot   =    113397.6016  EPtot      =   -483580.4039
 BOND   =      8826.4363  ANGLE   =     29956.4123  DIHED      =     20521.2775
 1-4 NB =      9278.7322  1-4 EEL =     39882.8481  VDWAALS    =     27255.1391
 EELEC  =   -620513.0487  EHBOND  =         0.0000  RESTRAINT  =         0.0000
 EKCMT  =     35448.5021  VIRIAL  =     45254.4650  VOLUME     =   1766879.5503
 CMAP   =      1211.7993
                                                    Density    =         1.0093
 Ewald error estimate:   0.1442E-04
 ------------------------------------------------------------------------------

 NMR restraints: Bond =    0.000   Angle =     0.000   Torsion =     0.000
===============================================================================

 NSTEP =     6500   TIME(PS) =      57.000  TEMP(K) =   303.49  PRESS =  -134.6
 Etot   =   -370166.1438  EKtot   =    113354.6248  EPtot      =   -483520.7686
 BOND   =      8796.1838  ANGLE   =     29914.5057  DIHED      =     20581.1355
 1-4 NB =      9264.3700  1-4 EEL =     39955.5513  VDWAALS    =     27789.9097
 EELEC  =   -621051.9770  EHBOND  =         0.0000  RESTRAINT  =         0.0000
 EKCMT  =     35390.0322  VIRIAL  =     40522.2205  VOLUME     =   1766187.4691
 CMAP   =      1229.5525
                                                    Density    =         1.0096
 Ewald error estimate:   0.2313E-04
 ------------------------------------------------------------------------------

 NMR restraints: Bond =    0.000   Angle =     0.000   Torsion =     0.000
===============================================================================

 NSTEP =     6600   TIME(PS) =      57.100  TEMP(K) =   304.58  PRESS =  -255.6
 Etot   =   -370214.3860  EKtot   =    113761.3730  EPtot      =   -483975.7590
 BOND   =      8878.5493  ANGLE   =     30021.2886  DIHED      =     20399.7571
 1-4 NB =      9272.9922  1-4 EEL =     39869.0129  VDWAALS    =     27519.3790
 EELEC  =   -621160.8798  EHBOND  =         0.0000  RESTRAINT  =         0.0000
 EKCMT  =     35545.3683  VIRIAL  =     45288.5608  VOLUME     =   1765309.3663
 CMAP   =      1224.1419
                                                    Density    =         1.0101
 Ewald error estimate:   0.3715E-04
 ------------------------------------------------------------------------------

 NMR restraints: Bond =    0.000   Angle =     0.000   Torsion =     0.000
===============================================================================

 NSTEP =     6700   TIME(PS) =      57.200  TEMP(K) =   303.79  PRESS =  -200.0
 Etot   =   -370143.0669  EKtot   =    113467.2072  EPtot      =   -483610.2741
 BOND   =      8851.1435  ANGLE   =     30016.1218  DIHED      =     20389.8345
 1-4 NB =      9338.7479  1-4 EEL =     40059.9610  VDWAALS    =     27173.8055
 EELEC  =   -620649.1120  EHBOND  =         0.0000  RESTRAINT  =         0.0000
 EKCMT  =     35372.5117  VIRIAL  =     42992.6415  VOLUME     =   1764480.4199
 CMAP   =      1209.2237
                                                    Density    =         1.0106
 Ewald error estimate:   0.7059E-04
 ------------------------------------------------------------------------------

 NMR restraints: Bond =    0.000   Angle =     0.000   Torsion =     0.000
===============================================================================

 NSTEP =     6800   TIME(PS) =      57.300  TEMP(K) =   303.93  PRESS =  -310.8
 Etot   =   -370408.0279  EKtot   =    113521.1484  EPtot      =   -483929.1763
 BOND   =      8767.1209  ANGLE   =     29848.0552  DIHED      =     20518.4531
 1-4 NB =      9265.7329  1-4 EEL =     39911.1374  VDWAALS    =     27306.8817
 EELEC  =   -620766.9283  EHBOND  =         0.0000  RESTRAINT  =         0.0000
 EKCMT  =     35373.2328  VIRIAL  =     47209.7839  VOLUME     =   1763771.0332
 CMAP   =      1220.3709
                                                    Density    =         1.0110
 Ewald error estimate:   0.1027E-04
 ------------------------------------------------------------------------------

 NMR restraints: Bond =    0.000   Angle =     0.000   Torsion =     0.000
===============================================================================

 NSTEP =     6900   TIME(PS) =      57.400  TEMP(K) =   304.63  PRESS =    86.5
 Etot   =   -370492.0914  EKtot   =    113780.5101  EPtot      =   -484272.6015
 BOND   =      8877.1222  ANGLE   =     29993.2814  DIHED      =     20459.8345
 1-4 NB =      9270.1414  1-4 EEL =     39922.4787  VDWAALS    =     27538.9406
 EELEC  =   -621543.0285  EHBOND  =         0.0000  RESTRAINT  =         0.0000
 EKCMT  =     35502.3660  VIRIAL  =     32209.5231  VOLUME     =   1763389.9902
 CMAP   =      1208.6282
                                                    Density    =         1.0112
 Ewald error estimate:   0.3351E-04
 ------------------------------------------------------------------------------

 NMR restraints: Bond =    0.000   Angle =     0.000   Torsion =     0.000
===============================================================================

 NSTEP =     7000   TIME(PS) =      57.500  TEMP(K) =   304.09  PRESS =  -179.6
 Etot   =   -370636.3557  EKtot   =    113580.2863  EPtot      =   -484216.6419
 BOND   =      8745.7009  ANGLE   =     30062.8467  DIHED      =     20545.0104
 1-4 NB =      9346.1783  1-4 EEL =     39891.2357  VDWAALS    =     27337.6529
 EELEC  =   -621339.8921  EHBOND  =         0.0000  RESTRAINT  =         0.0000
 EKCMT  =     35382.8002  VIRIAL  =     42218.6388  VOLUME     =   1763169.1434
 CMAP   =      1194.6252
                                                    Density    =         1.0114
 Ewald error estimate:   0.5101E-04
 ------------------------------------------------------------------------------

 NMR restraints: Bond =    0.000   Angle =     0.000   Torsion =     0.000
===============================================================================

 NSTEP =     7100   TIME(PS) =      57.600  TEMP(K) =   304.98  PRESS =  -164.3
 Etot   =   -370609.0490  EKtot   =    113911.6325  EPtot      =   -484520.6815
 BOND   =      8697.7044  ANGLE   =     30036.8948  DIHED      =     20500.1469
 1-4 NB =      9355.9176  1-4 EEL =     39897.7643  VDWAALS    =     27350.3652
 EELEC  =   -621548.8331  EHBOND  =         0.0000  RESTRAINT  =         0.0000
 EKCMT  =     35592.4249  VIRIAL  =     41845.3713  VOLUME     =   1762801.8609
 CMAP   =      1189.3584
                                                    Density    =         1.0116
 Ewald error estimate:   0.3830E-05
 ------------------------------------------------------------------------------

 NMR restraints: Bond =    0.000   Angle =     0.000   Torsion =     0.000
===============================================================================

 NSTEP =     7200   TIME(PS) =      57.700  TEMP(K) =   304.15  PRESS =  -148.7
 Etot   =   -370838.7470  EKtot   =    113603.6184  EPtot      =   -484442.3654
 BOND   =      8782.2266  ANGLE   =     30102.1213  DIHED      =     20411.4305
 1-4 NB =      9228.7566  1-4 EEL =     40012.1716  VDWAALS    =     27359.7738
 EELEC  =   -621572.4489  EHBOND  =         0.0000  RESTRAINT  =         0.0000
 EKCMT  =     35348.7853  VIRIAL  =     41004.4656  VOLUME     =   1762099.9820
 CMAP   =      1233.6029
                                                    Density    =         1.0120
 Ewald error estimate:   0.1121E-04
 ------------------------------------------------------------------------------

 NMR restraints: Bond =    0.000   Angle =     0.000   Torsion =     0.000
===============================================================================

 NSTEP =     7300   TIME(PS) =      57.800  TEMP(K) =   303.67  PRESS =   -85.4
 Etot   =   -370830.4365  EKtot   =    113424.5805  EPtot      =   -484255.0170
 BOND   =      8904.8805  ANGLE   =     29972.7961  DIHED      =     20493.4173
 1-4 NB =      9259.6100  1-4 EEL =     39891.1136  VDWAALS    =     27392.5910
 EELEC  =   -621368.9784  EHBOND  =         0.0000  RESTRAINT  =         0.0000
 EKCMT  =     35372.2938  VIRIAL  =     38620.1551  VOLUME     =   1761247.3285
 CMAP   =      1199.5530
                                                    Density    =         1.0125
 Ewald error estimate:   0.5702E-04
 ------------------------------------------------------------------------------

 NMR restraints: Bond =    0.000   Angle =     0.000   Torsion =     0.000
===============================================================================

 NSTEP =     7400   TIME(PS) =      57.900  TEMP(K) =   304.34  PRESS =   142.2
 Etot   =   -370676.9680  EKtot   =    113674.6822  EPtot      =   -484351.6502
 BOND   =      8878.5951  ANGLE   =     30124.4534  DIHED      =     20553.6318
 1-4 NB =      9232.5797  1-4 EEL =     39936.5513  VDWAALS    =     27979.1739
 EELEC  =   -622268.1731  EHBOND  =         0.0000  RESTRAINT  =         0.0000
 EKCMT  =     35529.8935  VIRIAL  =     30123.8094  VOLUME     =   1760740.2197
 CMAP   =      1211.5375
                                                    Density    =         1.0128
 Ewald error estimate:   0.1704E-04
 ------------------------------------------------------------------------------

 NMR restraints: Bond =    0.000   Angle =     0.000   Torsion =     0.000
===============================================================================

 NSTEP =     7500   TIME(PS) =      58.000  TEMP(K) =   304.16  PRESS =  -141.7
 Etot   =   -370738.4178  EKtot   =    113607.1542  EPtot      =   -484345.5720
 BOND   =      8847.4768  ANGLE   =     30009.4064  DIHED      =     20441.2049
 1-4 NB =      9294.1882  1-4 EEL =     39883.7199  VDWAALS    =     27666.6259
 EELEC  =   -621693.7401  EHBOND  =         0.0000  RESTRAINT  =         0.0000
 EKCMT  =     35529.1161  VIRIAL  =     40913.8848  VOLUME     =   1760421.6885
 CMAP   =      1205.5459
                                                    Density    =         1.0130
 Ewald error estimate:   0.2670E-04
 ------------------------------------------------------------------------------

 NMR restraints: Bond =    0.000   Angle =     0.000   Torsion =     0.000
===============================================================================

 NSTEP =     7600   TIME(PS) =      58.100  TEMP(K) =   304.57  PRESS =   -57.8
 Etot   =   -370767.4588  EKtot   =    113759.8383  EPtot      =   -484527.2971
 BOND   =      8809.9130  ANGLE   =     30073.4574  DIHED      =     20466.6919
 1-4 NB =      9291.3984  1-4 EEL =     39900.5911  VDWAALS    =     27680.3886
 EELEC  =   -621956.1261  EHBOND  =         0.0000  RESTRAINT  =         0.0000
 EKCMT  =     35533.7585  VIRIAL  =     37730.9034  VOLUME     =   1759879.8864
 CMAP   =      1206.3886
                                                    Density    =         1.0133
 Ewald error estimate:   0.2928E-05
 ------------------------------------------------------------------------------

 NMR restraints: Bond =    0.000   Angle =     0.000   Torsion =     0.000
===============================================================================

 NSTEP =     7700   TIME(PS) =      58.200  TEMP(K) =   303.23  PRESS =  -123.4
 Etot   =   -370754.7692  EKtot   =    113258.0821  EPtot      =   -484012.8513
 BOND   =      8869.7171  ANGLE   =     30173.3377  DIHED      =     20478.6454
 1-4 NB =      9294.6151  1-4 EEL =     39912.7032  VDWAALS    =     27532.1430
 EELEC  =   -621465.4534  EHBOND  =         0.0000  RESTRAINT  =         0.0000
 EKCMT  =     35387.4551  VIRIAL  =     40073.3366  VOLUME     =   1759263.6819
 CMAP   =      1191.4407
                                                    Density    =         1.0136
 Ewald error estimate:   0.1728E-04
 ------------------------------------------------------------------------------

 NMR restraints: Bond =    0.000   Angle =     0.000   Torsion =     0.000
===============================================================================

 NSTEP =     7800   TIME(PS) =      58.300  TEMP(K) =   304.10  PRESS =   -20.7
 Etot   =   -370833.7134  EKtot   =    113585.1987  EPtot      =   -484418.9121
 BOND   =      8989.6131  ANGLE   =     29916.4538  DIHED      =     20501.8817
 1-4 NB =      9260.5083  1-4 EEL =     39767.2520  VDWAALS    =     26924.0013
 EELEC  =   -621001.5789  EHBOND  =         0.0000  RESTRAINT  =         0.0000
 EKCMT  =     35481.4287  VIRIAL  =     36268.1113  VOLUME     =   1758870.2338
 CMAP   =      1222.9565
                                                    Density    =         1.0138
 Ewald error estimate:   0.5507E-04
 ------------------------------------------------------------------------------

 NMR restraints: Bond =    0.000   Angle =     0.000   Torsion =     0.000
===============================================================================

 NSTEP =     7900   TIME(PS) =      58.400  TEMP(K) =   303.03  PRESS =  -243.0
 Etot   =   -370986.4259  EKtot   =    113182.1795  EPtot      =   -484168.6053
 BOND   =      8872.8047  ANGLE   =     30210.9444  DIHED      =     20426.6973
 1-4 NB =      9285.9000  1-4 EEL =     39787.3727  VDWAALS    =     27182.1830
 EELEC  =   -621153.2234  EHBOND  =         0.0000  RESTRAINT  =         0.0000
 EKCMT  =     35254.7201  VIRIAL  =     44481.1069  VOLUME     =   1758201.0636
 CMAP   =      1218.7159
                                                    Density    =         1.0142
 Ewald error estimate:   0.2153E-04
 ------------------------------------------------------------------------------

 NMR restraints: Bond =    0.000   Angle =     0.000   Torsion =     0.000
===============================================================================

 NSTEP =     8000   TIME(PS) =      58.500  TEMP(K) =   304.10  PRESS =   -94.6
 Etot   =   -371177.4159  EKtot   =    113583.9546  EPtot      =   -484761.3705
 BOND   =      8689.9986  ANGLE   =     30073.2148  DIHED      =     20437.6921
 1-4 NB =      9298.6744  1-4 EEL =     39964.0044  VDWAALS    =     27483.2413
 EELEC  =   -621908.9277  EHBOND  =         0.0000  RESTRAINT  =         0.0000
 EKCMT  =     35257.5303  VIRIAL  =     38848.6427  VOLUME     =   1757497.3254
 CMAP   =      1200.7317
                                                    Density    =         1.0146
 Ewald error estimate:   0.3305E-04
 ------------------------------------------------------------------------------

 NMR restraints: Bond =    0.000   Angle =     0.000   Torsion =     0.000
===============================================================================

 NSTEP =     8100   TIME(PS) =      58.600  TEMP(K) =   304.58  PRESS =  -303.7
 Etot   =   -371168.3631  EKtot   =    113764.1677  EPtot      =   -484932.5308
 BOND   =      8791.1514  ANGLE   =     30039.8549  DIHED      =     20410.5566
 1-4 NB =      9330.6410  1-4 EEL =     39926.0856  VDWAALS    =     27383.3079
 EELEC  =   -622028.9211  EHBOND  =         0.0000  RESTRAINT  =         0.0000
 EKCMT  =     35238.7490  VIRIAL  =     46759.2425  VOLUME     =   1757020.4837
 CMAP   =      1214.7929
                                                    Density    =         1.0149
 Ewald error estimate:   0.6043E-05
 ------------------------------------------------------------------------------

 NMR restraints: Bond =    0.000   Angle =     0.000   Torsion =     0.000
===============================================================================

 NSTEP =     8200   TIME(PS) =      58.700  TEMP(K) =   303.57  PRESS =  -150.2
 Etot   =   -371106.1878  EKtot   =    113386.6503  EPtot      =   -484492.8381
 BOND   =      8793.2787  ANGLE   =     30225.8068  DIHED      =     20398.3588
 1-4 NB =      9246.8791  1-4 EEL =     39861.7129  VDWAALS    =     26784.9001
 EELEC  =   -621023.2575  EHBOND  =         0.0000  RESTRAINT  =         0.0000
 EKCMT  =     35241.1333  VIRIAL  =     40935.9050  VOLUME     =   1756271.3908
 CMAP   =      1219.4831
                                                    Density    =         1.0153
 Ewald error estimate:   0.3373E-04
 ------------------------------------------------------------------------------

 NMR restraints: Bond =    0.000   Angle =     0.000   Torsion =     0.000
===============================================================================

 NSTEP =     8300   TIME(PS) =      58.800  TEMP(K) =   305.85  PRESS =  -308.0
 Etot   =   -371006.6271  EKtot   =    114237.2833  EPtot      =   -485243.9104
 BOND   =      8833.8667  ANGLE   =     29886.1440  DIHED      =     20394.7845
 1-4 NB =      9258.7769  1-4 EEL =     39651.4607  VDWAALS    =     27398.4733
 EELEC  =   -621860.9598  EHBOND  =         0.0000  RESTRAINT  =         0.0000
 EKCMT  =     35508.3220  VIRIAL  =     47184.6815  VOLUME     =   1755794.5867
 CMAP   =      1193.5434
                                                    Density    =         1.0156
 Ewald error estimate:   0.4189E-04
 ------------------------------------------------------------------------------

 NMR restraints: Bond =    0.000   Angle =     0.000   Torsion =     0.000
===============================================================================

 NSTEP =     8400   TIME(PS) =      58.900  TEMP(K) =   303.79  PRESS =   -87.6
 Etot   =   -371271.3731  EKtot   =    113465.7817  EPtot      =   -484737.1548
 BOND   =      8858.4950  ANGLE   =     30012.6396  DIHED      =     20456.6370
 1-4 NB =      9292.6879  1-4 EEL =     39889.0341  VDWAALS    =     27595.6323
 EELEC  =   -622053.2688  EHBOND  =         0.0000  RESTRAINT  =         0.0000
 EKCMT  =     35431.7443  VIRIAL  =     38752.8145  VOLUME     =   1755252.3939
 CMAP   =      1210.9881
                                                    Density    =         1.0159
 Ewald error estimate:   0.3971E-04
 ------------------------------------------------------------------------------

 NMR restraints: Bond =    0.000   Angle =     0.000   Torsion =     0.000
===============================================================================

 NSTEP =     8500   TIME(PS) =      59.000  TEMP(K) =   304.02  PRESS =  -190.6
 Etot   =   -371458.5553  EKtot   =    113553.1584  EPtot      =   -485011.7137
 BOND   =      8850.8551  ANGLE   =     29979.1445  DIHED      =     20532.2869
 1-4 NB =      9292.5127  1-4 EEL =     39934.5400  VDWAALS    =     27310.1374
 EELEC  =   -622133.0773  EHBOND  =         0.0000  RESTRAINT  =         0.0000
 EKCMT  =     35357.8797  VIRIAL  =     42579.0910  VOLUME     =   1754749.5104
 CMAP   =      1221.8870
                                                    Density    =         1.0162
 Ewald error estimate:   0.1355E-04
 ------------------------------------------------------------------------------

 NMR restraints: Bond =    0.000   Angle =     0.000   Torsion =     0.000
===============================================================================

 NSTEP =     8600   TIME(PS) =      59.100  TEMP(K) =   303.17  PRESS =   -97.9
 Etot   =   -371191.5367  EKtot   =    113235.9610  EPtot      =   -484427.4977
 BOND   =      8925.1283  ANGLE   =     30054.6949  DIHED      =     20443.3686
 1-4 NB =      9274.4317  1-4 EEL =     39815.3265  VDWAALS    =     27018.4610
 EELEC  =   -621186.6502  EHBOND  =         0.0000  RESTRAINT  =         0.0000
 EKCMT  =     35377.6222  VIRIAL  =     39084.3932  VOLUME     =   1753938.2613
 CMAP   =      1227.7414
                                                    Density    =         1.0167
 Ewald error estimate:   0.6703E-04
 ------------------------------------------------------------------------------

 NMR restraints: Bond =    0.000   Angle =     0.000   Torsion =     0.000
===============================================================================

 NSTEP =     8700   TIME(PS) =      59.200  TEMP(K) =   304.22  PRESS =  -190.9
 Etot   =   -371264.8385  EKtot   =    113629.0921  EPtot      =   -484893.9306
 BOND   =      8875.8006  ANGLE   =     30014.4334  DIHED      =     20326.6837
 1-4 NB =      9325.5028  1-4 EEL =     40025.5444  VDWAALS    =     27311.0216
 EELEC  =   -622003.9513  EHBOND  =         0.0000  RESTRAINT  =         0.0000
 EKCMT  =     35270.0753  VIRIAL  =     42495.5329  VOLUME     =   1753449.6992
 CMAP   =      1231.0343
                                                    Density    =         1.0170
 Ewald error estimate:   0.7862E-04
 ------------------------------------------------------------------------------

 NMR restraints: Bond =    0.000   Angle =     0.000   Torsion =     0.000
===============================================================================

 NSTEP =     8800   TIME(PS) =      59.300  TEMP(K) =   303.55  PRESS =  -137.4
 Etot   =   -371631.3082  EKtot   =    113379.7195  EPtot      =   -485011.0276
 BOND   =      8933.9137  ANGLE   =     30274.3629  DIHED      =     20415.9583
 1-4 NB =      9288.2380  1-4 EEL =     39967.0395  VDWAALS    =     27426.8537
 EELEC  =   -622516.1665  EHBOND  =         0.0000  RESTRAINT  =         0.0000
 EKCMT  =     35543.7621  VIRIAL  =     40743.8593  VOLUME     =   1752846.4971
 CMAP   =      1198.7727
                                                    Density    =         1.0173
 Ewald error estimate:   0.1965E-04
 ------------------------------------------------------------------------------

 NMR restraints: Bond =    0.000   Angle =     0.000   Torsion =     0.000
===============================================================================

 NSTEP =     8900   TIME(PS) =      59.400  TEMP(K) =   302.89  PRESS =    31.5
 Etot   =   -371712.1237  EKtot   =    113131.3082  EPtot      =   -484843.4319
 BOND   =      8802.9629  ANGLE   =     30233.1247  DIHED      =     20430.9942
 1-4 NB =      9236.6853  1-4 EEL =     39934.8836  VDWAALS    =     27833.4334
 EELEC  =   -622537.9464  EHBOND  =         0.0000  RESTRAINT  =         0.0000
 EKCMT  =     35425.3979  VIRIAL  =     34233.7168  VOLUME     =   1752555.7000
 CMAP   =      1222.4303
                                                    Density    =         1.0175
 Ewald error estimate:   0.1324E-04
 ------------------------------------------------------------------------------

 NMR restraints: Bond =    0.000   Angle =     0.000   Torsion =     0.000
===============================================================================

 NSTEP =     9000   TIME(PS) =      59.500  TEMP(K) =   303.77  PRESS =  -122.2
 Etot   =   -371651.2675  EKtot   =    113458.8705  EPtot      =   -485110.1380
 BOND   =      8902.1734  ANGLE   =     29987.8717  DIHED      =     20424.3653
 1-4 NB =      9314.3567  1-4 EEL =     39935.3427  VDWAALS    =     27400.4809
 EELEC  =   -622264.8999  EHBOND  =         0.0000  RESTRAINT  =         0.0000
 EKCMT  =     35674.3732  VIRIAL  =     40297.2767  VOLUME     =   1752214.2452
 CMAP   =      1190.1712
                                                    Density    =         1.0177
 Ewald error estimate:   0.6826E-04
 ------------------------------------------------------------------------------

 NMR restraints: Bond =    0.000   Angle =     0.000   Torsion =     0.000
===============================================================================

 NSTEP =     9100   TIME(PS) =      59.600  TEMP(K) =   303.02  PRESS =  -188.2
 Etot   =   -371782.6986  EKtot   =    113180.9812  EPtot      =   -484963.6798
 BOND   =      8840.6170  ANGLE   =     30018.2090  DIHED      =     20350.9980
 1-4 NB =      9300.3797  1-4 EEL =     39976.2506  VDWAALS    =     27232.6563
 EELEC  =   -621889.4596  EHBOND  =         0.0000  RESTRAINT  =         0.0000
 EKCMT  =     35254.9508  VIRIAL  =     42375.8116  VOLUME     =   1752058.6262
 CMAP   =      1206.6694
                                                    Density    =         1.0178
 Ewald error estimate:   0.2166E-04
 ------------------------------------------------------------------------------

 NMR restraints: Bond =    0.000   Angle =     0.000   Torsion =     0.000
===============================================================================

 NSTEP =     9200   TIME(PS) =      59.700  TEMP(K) =   303.74  PRESS =  -111.1
 Etot   =   -371996.9995  EKtot   =    113447.3189  EPtot      =   -485444.3184
 BOND   =      8827.5713  ANGLE   =     30051.5449  DIHED      =     20480.0825
 1-4 NB =      9303.2145  1-4 EEL =     39797.2361  VDWAALS    =     27400.1731
 EELEC  =   -622518.9020  EHBOND  =         0.0000  RESTRAINT  =         0.0000
 EKCMT  =     35370.0593  VIRIAL  =     39570.7355  VOLUME     =   1751291.9675
 CMAP   =      1214.7613
                                                    Density    =         1.0182
 Ewald error estimate:   0.3140E-04
 ------------------------------------------------------------------------------

 NMR restraints: Bond =    0.000   Angle =     0.000   Torsion =     0.000
===============================================================================

 NSTEP =     9300   TIME(PS) =      59.800  TEMP(K) =   302.74  PRESS =   -44.7
 Etot   =   -372044.0954  EKtot   =    113076.6578  EPtot      =   -485120.7532
 BOND   =      8823.7851  ANGLE   =     30103.2260  DIHED      =     20425.0474
 1-4 NB =      9287.2204  1-4 EEL =     39800.6380  VDWAALS    =     27731.6553
 EELEC  =   -622524.0927  EHBOND  =         0.0000  RESTRAINT  =         0.0000
 EKCMT  =     35380.6267  VIRIAL  =     37072.4022  VOLUME     =   1751162.5354
 CMAP   =      1231.7673
                                                    Density    =         1.0183
 Ewald error estimate:   0.1998E-04
 ------------------------------------------------------------------------------

 NMR restraints: Bond =    0.000   Angle =     0.000   Torsion =     0.000
===============================================================================

 NSTEP =     9400   TIME(PS) =      59.900  TEMP(K) =   302.85  PRESS =   -89.5
 Etot   =   -371949.4153  EKtot   =    113115.2875  EPtot      =   -485064.7028
 BOND   =      8897.5298  ANGLE   =     30111.9075  DIHED      =     20551.7524
 1-4 NB =      9286.5746  1-4 EEL =     39850.4187  VDWAALS    =     27486.6664
 EELEC  =   -622488.8202  EHBOND  =         0.0000  RESTRAINT  =         0.0000
 EKCMT  =     35410.0592  VIRIAL  =     38792.0728  VOLUME     =   1750773.7385
 CMAP   =      1239.2679
                                                    Density    =         1.0185
 Ewald error estimate:   0.1698E-04
 ------------------------------------------------------------------------------

 NMR restraints: Bond =    0.000   Angle =     0.000   Torsion =     0.000
===============================================================================

 NSTEP =     9500   TIME(PS) =      60.000  TEMP(K) =   304.75  PRESS =  -181.9
 Etot   =   -371848.5986  EKtot   =    113826.4191  EPtot      =   -485675.0176
 BOND   =      8719.4414  ANGLE   =     29855.3014  DIHED      =     20497.6449
 1-4 NB =      9267.8374  1-4 EEL =     39834.9831  VDWAALS    =     27932.6493
 EELEC  =   -622987.4114  EHBOND  =         0.0000  RESTRAINT  =         0.0000
 EKCMT  =     35413.4621  VIRIAL  =     42287.8382  VOLUME     =   1750318.4684
 CMAP   =      1204.5361
                                                    Density    =         1.0188
 Ewald error estimate:   0.3828E-04
 ------------------------------------------------------------------------------

 NMR restraints: Bond =    0.000   Angle =     0.000   Torsion =     0.000
===============================================================================

 NSTEP =     9600   TIME(PS) =      60.100  TEMP(K) =   303.80  PRESS =  -184.3
 Etot   =   -371702.9627  EKtot   =    113470.6372  EPtot      =   -485173.5999
 BOND   =      8799.3213  ANGLE   =     30260.8538  DIHED      =     20324.2512
 1-4 NB =      9232.4481  1-4 EEL =     39884.0483  VDWAALS    =     27040.8599
 EELEC  =   -621914.2409  EHBOND  =         0.0000  RESTRAINT  =         0.0000
 EKCMT  =     35243.8507  VIRIAL  =     42207.1318  VOLUME     =   1749824.5078
 CMAP   =      1198.8585
                                                    Density    =         1.0191
 Ewald error estimate:   0.5846E-04
 ------------------------------------------------------------------------------

 NMR restraints: Bond =    0.000   Angle =     0.000   Torsion =     0.000
===============================================================================

 NSTEP =     9700   TIME(PS) =      60.200  TEMP(K) =   303.41  PRESS =  -125.8
 Etot   =   -371959.8262  EKtot   =    113326.4274  EPtot      =   -485286.2536
 BOND   =      8875.9125  ANGLE   =     30116.3253  DIHED      =     20354.1148
 1-4 NB =      9309.7874  1-4 EEL =     39875.5178  VDWAALS    =     27128.6767
 EELEC  =   -622154.9447  EHBOND  =         0.0000  RESTRAINT  =         0.0000
 EKCMT  =     35266.4880  VIRIAL  =     40015.6101  VOLUME     =   1749094.9888
 CMAP   =      1208.3566
                                                    Density    =         1.0195
 Ewald error estimate:   0.2495E-04
 ------------------------------------------------------------------------------

 NMR restraints: Bond =    0.000   Angle =     0.000   Torsion =     0.000
===============================================================================

 NSTEP =     9800   TIME(PS) =      60.300  TEMP(K) =   303.74  PRESS =    34.9
 Etot   =   -372129.3685  EKtot   =    113447.5156  EPtot      =   -485576.8840
 BOND   =      8816.6207  ANGLE   =     30030.6938  DIHED      =     20448.4742
 1-4 NB =      9320.6842  1-4 EEL =     39748.7550  VDWAALS    =     27761.0531
 EELEC  =   -622910.3265  EHBOND  =         0.0000  RESTRAINT  =         0.0000
 EKCMT  =     35319.0890  VIRIAL  =     34000.4109  VOLUME     =   1748929.6398
 CMAP   =      1207.1614
                                                    Density    =         1.0196
 Ewald error estimate:   0.5049E-04
 ------------------------------------------------------------------------------

 NMR restraints: Bond =    0.000   Angle =     0.000   Torsion =     0.000
===============================================================================

 NSTEP =     9900   TIME(PS) =      60.400  TEMP(K) =   304.66  PRESS =    -7.6
 Etot   =   -372099.8460  EKtot   =    113794.0713  EPtot      =   -485893.9172
 BOND   =      8858.5221  ANGLE   =     29915.8433  DIHED      =     20329.2833
 1-4 NB =      9272.4371  1-4 EEL =     40011.1726  VDWAALS    =     27703.9253
 EELEC  =   -623168.6267  EHBOND  =         0.0000  RESTRAINT  =         0.0000
 EKCMT  =     35774.3232  VIRIAL  =     36061.7150  VOLUME     =   1748819.4727
 CMAP   =      1183.5258
                                                    Density    =         1.0197
 Ewald error estimate:   0.3869E-04
 ------------------------------------------------------------------------------

 NMR restraints: Bond =    0.000   Angle =     0.000   Torsion =     0.000
===============================================================================

 NSTEP =    10000   TIME(PS) =      60.500  TEMP(K) =   302.95  PRESS =  -187.6
 Etot   =   -372351.9006  EKtot   =    113155.3964  EPtot      =   -485507.2970
 BOND   =      8802.1069  ANGLE   =     30005.2573  DIHED      =     20490.8671
 1-4 NB =      9303.1013  1-4 EEL =     39920.2418  VDWAALS    =     27114.1085
 EELEC  =   -622322.1621  EHBOND  =         0.0000  RESTRAINT  =         0.0000
 EKCMT  =     35419.3184  VIRIAL  =     42501.4943  VOLUME     =   1748456.9481
 CMAP   =      1179.1822
                                                    Density    =         1.0199
 Ewald error estimate:   0.5002E-04
 ------------------------------------------------------------------------------

 NMR restraints: Bond =    0.000   Angle =     0.000   Torsion =     0.000
===============================================================================

 NSTEP =    10100   TIME(PS) =      60.600  TEMP(K) =   302.84  PRESS =  -211.0
 Etot   =   -372446.7887  EKtot   =    113113.4122  EPtot      =   -485560.2008
 BOND   =      8743.9729  ANGLE   =     30064.8081  DIHED      =     20260.4181
 1-4 NB =      9365.5677  1-4 EEL =     39845.9120  VDWAALS    =     27026.1319
 EELEC  =   -622061.8600  EHBOND  =         0.0000  RESTRAINT  =         0.0000
 EKCMT  =     35456.4632  VIRIAL  =     43418.7693  VOLUME     =   1748018.5096
 CMAP   =      1194.8485
                                                    Density    =         1.0201
 Ewald error estimate:   0.7352E-04
 ------------------------------------------------------------------------------

 NMR restraints: Bond =    0.000   Angle =     0.000   Torsion =     0.000
===============================================================================

 NSTEP =    10200   TIME(PS) =      60.700  TEMP(K) =   302.97  PRESS =   -39.8
 Etot   =   -372207.3981  EKtot   =    113162.4921  EPtot      =   -485369.8903
 BOND   =      8830.6256  ANGLE   =     30100.0068  DIHED      =     20232.5816
 1-4 NB =      9275.7175  1-4 EEL =     39893.7488  VDWAALS    =     27232.0639
 EELEC  =   -622134.4253  EHBOND  =         0.0000  RESTRAINT  =         0.0000
 EKCMT  =     35562.3855  VIRIAL  =     37064.1497  VOLUME     =   1747588.3307
 CMAP   =      1199.7908
                                                    Density    =         1.0204
 Ewald error estimate:   0.6646E-04
 ------------------------------------------------------------------------------

 NMR restraints: Bond =    0.000   Angle =     0.000   Torsion =     0.000
===============================================================================

 NSTEP =    10300   TIME(PS) =      60.800  TEMP(K) =   304.03  PRESS =    62.6
 Etot   =   -372136.5893  EKtot   =    113555.4099  EPtot      =   -485691.9992
 BOND   =      8744.5952  ANGLE   =     30233.6930  DIHED      =     20250.1623
 1-4 NB =      9222.9812  1-4 EEL =     39823.6439  VDWAALS    =     27377.3436
 EELEC  =   -622536.9665  EHBOND  =         0.0000  RESTRAINT  =         0.0000
 EKCMT  =     35485.3632  VIRIAL  =     33123.2210  VOLUME     =   1747329.2328
 CMAP   =      1192.5481
                                                    Density    =         1.0205
 Ewald error estimate:   0.4493E-04
 ------------------------------------------------------------------------------

 NMR restraints: Bond =    0.000   Angle =     0.000   Torsion =     0.000
===============================================================================

 NSTEP =    10400   TIME(PS) =      60.900  TEMP(K) =   304.05  PRESS =  -147.4
 Etot   =   -372208.6659  EKtot   =    113566.2830  EPtot      =   -485774.9488
 BOND   =      8699.9796  ANGLE   =     30083.3809  DIHED      =     20365.3874
 1-4 NB =      9288.0384  1-4 EEL =     39912.2964  VDWAALS    =     27480.0784
 EELEC  =   -622790.5297  EHBOND  =         0.0000  RESTRAINT  =         0.0000
 EKCMT  =     35569.4637  VIRIAL  =     41130.4786  VOLUME     =   1747115.7527
 CMAP   =      1186.4197
                                                    Density    =         1.0207
 Ewald error estimate:   0.6659E-04
 ------------------------------------------------------------------------------

 NMR restraints: Bond =    0.000   Angle =     0.000   Torsion =     0.000
===============================================================================

 NSTEP =    10500   TIME(PS) =      61.000  TEMP(K) =   303.40  PRESS =  -110.9
 Etot   =   -371974.3611  EKtot   =    113323.5421  EPtot      =   -485297.9032
 BOND   =      8907.8680  ANGLE   =     30144.9758  DIHED      =     20381.3985
 1-4 NB =      9290.8325  1-4 EEL =     39855.0366  VDWAALS    =     27762.3400
 EELEC  =   -622832.0232  EHBOND  =         0.0000  RESTRAINT  =         0.0000
 EKCMT  =     35440.3475  VIRIAL  =     39625.1965  VOLUME     =   1747079.1501
 CMAP   =      1191.6686
                                                    Density    =         1.0207
 Ewald error estimate:   0.3129E-04
 ------------------------------------------------------------------------------

 NMR restraints: Bond =    0.000   Angle =     0.000   Torsion =     0.000
===============================================================================

 NSTEP =    10600   TIME(PS) =      61.100  TEMP(K) =   303.00  PRESS =  -111.3
 Etot   =   -372297.3187  EKtot   =    113171.4170  EPtot      =   -485468.7357
 BOND   =      8866.2736  ANGLE   =     30069.8087  DIHED      =     20396.6223
 1-4 NB =      9233.9164  1-4 EEL =     39738.4898  VDWAALS    =     27220.4024
 EELEC  =   -622182.8502  EHBOND  =         0.0000  RESTRAINT  =         0.0000
 EKCMT  =     35198.2202  VIRIAL  =     39396.2903  VOLUME     =   1746789.0484
 CMAP   =      1188.6013
                                                    Density    =         1.0209
 Ewald error estimate:   0.4571E-04
 ------------------------------------------------------------------------------

 NMR restraints: Bond =    0.000   Angle =     0.000   Torsion =     0.000
===============================================================================

 NSTEP =    10700   TIME(PS) =      61.200  TEMP(K) =   302.76  PRESS =   -72.5
 Etot   =   -372661.3525  EKtot   =    113084.1244  EPtot      =   -485745.4769
 BOND   =      8630.4859  ANGLE   =     29924.8042  DIHED      =     20415.8244
 1-4 NB =      9328.6340  1-4 EEL =     39863.1629  VDWAALS    =     26897.5364
 EELEC  =   -621991.6414  EHBOND  =         0.0000  RESTRAINT  =         0.0000
 EKCMT  =     35165.1426  VIRIAL  =     37900.1482  VOLUME     =   1746439.9130
 CMAP   =      1185.7165
                                                    Density    =         1.0211
 Ewald error estimate:   0.2300E-04
 ------------------------------------------------------------------------------

 NMR restraints: Bond =    0.000   Angle =     0.000   Torsion =     0.000
===============================================================================

 NSTEP =    10800   TIME(PS) =      61.300  TEMP(K) =   303.86  PRESS =  -198.9
 Etot   =   -372396.6712  EKtot   =    113492.5260  EPtot      =   -485889.1971
 BOND   =      8766.1935  ANGLE   =     30094.7120  DIHED      =     20362.6460
 1-4 NB =      9233.8296  1-4 EEL =     39821.5320  VDWAALS    =     27235.3863
 EELEC  =   -622606.9179  EHBOND  =         0.0000  RESTRAINT  =         0.0000
 EKCMT  =     35408.6703  VIRIAL  =     42904.4074  VOLUME     =   1745717.6594
 CMAP   =      1203.4213
                                                    Density    =         1.0215
 Ewald error estimate:   0.1683E-05
 ------------------------------------------------------------------------------

 NMR restraints: Bond =    0.000   Angle =     0.000   Torsion =     0.000
===============================================================================

 NSTEP =    10900   TIME(PS) =      61.400  TEMP(K) =   303.50  PRESS =    80.4
 Etot   =   -372572.5056  EKtot   =    113360.0366  EPtot      =   -485932.5423
 BOND   =      8802.2062  ANGLE   =     30179.7188  DIHED      =     20348.0914
 1-4 NB =      9227.6144  1-4 EEL =     39888.2392  VDWAALS    =     27799.5902
 EELEC  =   -623392.5440  EHBOND  =         0.0000  RESTRAINT  =         0.0000
 EKCMT  =     35360.8511  VIRIAL  =     32331.6457  VOLUME     =   1745358.8857
 CMAP   =      1214.5414
                                                    Density    =         1.0217
 Ewald error estimate:   0.6259E-04
 ------------------------------------------------------------------------------

 NMR restraints: Bond =    0.000   Angle =     0.000   Torsion =     0.000
===============================================================================

 NSTEP =    11000   TIME(PS) =      61.500  TEMP(K) =   303.94  PRESS =   -99.6
 Etot   =   -372599.8202  EKtot   =    113524.0316  EPtot      =   -486123.8517
 BOND   =      8919.4942  ANGLE   =     30084.6839  DIHED      =     20180.9010
 1-4 NB =      9302.4851  1-4 EEL =     39829.3786  VDWAALS    =     27441.7544
 EELEC  =   -623075.4684  EHBOND  =         0.0000  RESTRAINT  =         0.0000
 EKCMT  =     35584.7013  VIRIAL  =     39337.6848  VOLUME     =   1745506.8639
 CMAP   =      1192.9197
                                                    Density    =         1.0216
 Ewald error estimate:   0.5350E-04
 ------------------------------------------------------------------------------

 NMR restraints: Bond =    0.000   Angle =     0.000   Torsion =     0.000
===============================================================================

 NSTEP =    11100   TIME(PS) =      61.600  TEMP(K) =   303.92  PRESS =  -222.9
 Etot   =   -372229.7589  EKtot   =    113514.6132  EPtot      =   -485744.3722
 BOND   =      8803.0801  ANGLE   =     30170.7486  DIHED      =     20318.7933
 1-4 NB =      9266.7910  1-4 EEL =     39732.4287  VDWAALS    =     27188.5213
 EELEC  =   -622402.1944  EHBOND  =         0.0000  RESTRAINT  =         0.0000
 EKCMT  =     35769.0256  VIRIAL  =     44167.1455  VOLUME     =   1745092.0141
 CMAP   =      1177.4592
                                                    Density    =         1.0219
 Ewald error estimate:   0.2167E-05
 ------------------------------------------------------------------------------

 NMR restraints: Bond =    0.000   Angle =     0.000   Torsion =     0.000
===============================================================================

 NSTEP =    11200   TIME(PS) =      61.700  TEMP(K) =   303.35  PRESS =   -33.7
 Etot   =   -372361.9504  EKtot   =    113301.6662  EPtot      =   -485663.6166
 BOND   =      8690.4492  ANGLE   =     30179.7690  DIHED      =     20253.6911
 1-4 NB =      9246.6729  1-4 EEL =     39939.4975  VDWAALS    =     27150.7225
 EELEC  =   -622311.3474  EHBOND  =         0.0000  RESTRAINT  =         0.0000
 EKCMT  =     35385.8270  VIRIAL  =     36653.8395  VOLUME     =   1744886.3494
 CMAP   =      1186.9287
                                                    Density    =         1.0220
 Ewald error estimate:   0.1217E-04
 ------------------------------------------------------------------------------

 NMR restraints: Bond =    0.000   Angle =     0.000   Torsion =     0.000
===============================================================================

 NSTEP =    11300   TIME(PS) =      61.800  TEMP(K) =   304.28  PRESS =    70.9
 Etot   =   -372211.0507  EKtot   =    113649.8408  EPtot      =   -485860.8915
 BOND   =      8707.8001  ANGLE   =     30071.9225  DIHED      =     20356.3040
 1-4 NB =      9345.4114  1-4 EEL =     39872.8663  VDWAALS    =     27611.8943
 EELEC  =   -623012.6609  EHBOND  =         0.0000  RESTRAINT  =         0.0000
 EKCMT  =     35577.5037  VIRIAL  =     32905.3751  VOLUME     =   1744957.7654
 CMAP   =      1185.5710
                                                    Density    =         1.0219
 Ewald error estimate:   0.2418E-04
 ------------------------------------------------------------------------------

 NMR restraints: Bond =    0.000   Angle =     0.000   Torsion =     0.000
===============================================================================

 NSTEP =    11400   TIME(PS) =      61.900  TEMP(K) =   304.02  PRESS =   -11.8
 Etot   =   -372159.3807  EKtot   =    113555.0173  EPtot      =   -485714.3980
 BOND   =      8804.1506  ANGLE   =     30044.7430  DIHED      =     20250.3690
 1-4 NB =      9250.5820  1-4 EEL =     39974.7562  VDWAALS    =     27274.4426
 EELEC  =   -622526.6017  EHBOND  =         0.0000  RESTRAINT  =         0.0000
 EKCMT  =     35404.0930  VIRIAL  =     35848.1697  VOLUME     =   1744709.6005
 CMAP   =      1213.1604
                                                    Density    =         1.0221
 Ewald error estimate:   0.5145E-04
 ------------------------------------------------------------------------------

 NMR restraints: Bond =    0.000   Angle =     0.000   Torsion =     0.000
===============================================================================

 NSTEP =    11500   TIME(PS) =      62.000  TEMP(K) =   303.54  PRESS =   -79.5
 Etot   =   -372427.8044  EKtot   =    113375.1913  EPtot      =   -485802.9957
 BOND   =      8820.0914  ANGLE   =     30157.4950  DIHED      =     20364.6216
 1-4 NB =      9280.6426  1-4 EEL =     39754.3052  VDWAALS    =     27091.4882
 EELEC  =   -622480.5142  EHBOND  =         0.0000  RESTRAINT  =         0.0000
 EKCMT  =     35554.5364  VIRIAL  =     38550.8277  VOLUME     =   1744663.0010
 CMAP   =      1208.8745
                                                    Density    =         1.0221
 Ewald error estimate:   0.5558E-05
 ------------------------------------------------------------------------------

 NMR restraints: Bond =    0.000   Angle =     0.000   Torsion =     0.000
===============================================================================

 NSTEP =    11600   TIME(PS) =      62.100  TEMP(K) =   303.24  PRESS =  -135.8
 Etot   =   -372590.2971  EKtot   =    113261.8972  EPtot      =   -485852.1944
 BOND   =      8617.6636  ANGLE   =     30177.5563  DIHED      =     20387.0895
 1-4 NB =      9316.4278  1-4 EEL =     39978.9541  VDWAALS    =     27112.3232
 EELEC  =   -622642.5825  EHBOND  =         0.0000  RESTRAINT  =         0.0000
 EKCMT  =     35625.2214  VIRIAL  =     40739.6157  VOLUME     =   1744407.9959
 CMAP   =      1200.3736
                                                    Density    =         1.0223
 Ewald error estimate:   0.5635E-04
 ------------------------------------------------------------------------------

 NMR restraints: Bond =    0.000   Angle =     0.000   Torsion =     0.000
===============================================================================

 NSTEP =    11700   TIME(PS) =      62.200  TEMP(K) =   303.44  PRESS =  -136.8
 Etot   =   -372609.9982  EKtot   =    113338.3225  EPtot      =   -485948.3207
 BOND   =      8717.6101  ANGLE   =     30222.6820  DIHED      =     20255.6878
 1-4 NB =      9178.2344  1-4 EEL =     39743.5797  VDWAALS    =     26771.0252
 EELEC  =   -622027.4407  EHBOND  =         0.0000  RESTRAINT  =         0.0000
 EKCMT  =     35383.5767  VIRIAL  =     40536.4721  VOLUME     =   1743939.9587
 CMAP   =      1190.3008
                                                    Density    =         1.0225
 Ewald error estimate:   0.6013E-04
 ------------------------------------------------------------------------------

 NMR restraints: Bond =    0.000   Angle =     0.000   Torsion =     0.000
===============================================================================

 NSTEP =    11800   TIME(PS) =      62.300  TEMP(K) =   302.91  PRESS =     8.2
 Etot   =   -372626.8421  EKtot   =    113139.9391  EPtot      =   -485766.7813
 BOND   =      8719.3576  ANGLE   =     30037.3775  DIHED      =     20312.3700
 1-4 NB =      9310.2800  1-4 EEL =     39743.6926  VDWAALS    =     27171.6817
 EELEC  =   -622258.3909  EHBOND  =         0.0000  RESTRAINT  =         0.0000
 EKCMT  =     35264.9840  VIRIAL  =     34957.6415  VOLUME     =   1743950.2867
 CMAP   =      1196.8502
                                                    Density    =         1.0225
 Ewald error estimate:   0.5164E-06
 ------------------------------------------------------------------------------

 NMR restraints: Bond =    0.000   Angle =     0.000   Torsion =     0.000
===============================================================================

 NSTEP =    11900   TIME(PS) =      62.400  TEMP(K) =   302.39  PRESS =  -141.0
 Etot   =   -372708.8332  EKtot   =    112943.0518  EPtot      =   -485651.8850
 BOND   =      8809.5214  ANGLE   =     30345.7274  DIHED      =     20332.9654
 1-4 NB =      9224.7579  1-4 EEL =     39604.0185  VDWAALS    =     26807.0827
 EELEC  =   -621976.7961  EHBOND  =         0.0000  RESTRAINT  =         0.0000
 EKCMT  =     35314.9126  VIRIAL  =     40621.5809  VOLUME     =   1743670.5835
 CMAP   =      1200.8378
                                                    Density    =         1.0227
 Ewald error estimate:   0.1730E-04
 ------------------------------------------------------------------------------

 NMR restraints: Bond =    0.000   Angle =     0.000   Torsion =     0.000
===============================================================================

 NSTEP =    12000   TIME(PS) =      62.500  TEMP(K) =   302.72  PRESS =   -22.9
 Etot   =   -372588.0712  EKtot   =    113069.7575  EPtot      =   -485657.8287
 BOND   =      8767.9693  ANGLE   =     30027.3969  DIHED      =     20372.9103
 1-4 NB =      9271.5365  1-4 EEL =     39755.0411  VDWAALS    =     27478.5098
 EELEC  =   -622544.8261  EHBOND  =         0.0000  RESTRAINT  =         0.0000
 EKCMT  =     35517.7679  VIRIAL  =     36381.2116  VOLUME     =   1743202.1037
 CMAP   =      1213.6335
                                                    Density    =         1.0230
 Ewald error estimate:   0.2035E-05
 ------------------------------------------------------------------------------

 NMR restraints: Bond =    0.000   Angle =     0.000   Torsion =     0.000
===============================================================================

 NSTEP =    12100   TIME(PS) =      62.600  TEMP(K) =   303.49  PRESS =  -183.2
 Etot   =   -372770.2354  EKtot   =    113355.6408  EPtot      =   -486125.8762
 BOND   =      8682.6986  ANGLE   =     30084.0029  DIHED      =     20351.8855
 1-4 NB =      9310.0136  1-4 EEL =     39784.1737  VDWAALS    =     27143.7551
 EELEC  =   -622661.8690  EHBOND  =         0.0000  RESTRAINT  =         0.0000
 EKCMT  =     35387.9861  VIRIAL  =     42281.9029  VOLUME     =   1743168.8463
 CMAP   =      1179.4634
                                                    Density    =         1.0230
 Ewald error estimate:   0.1219E-04
 ------------------------------------------------------------------------------

 NMR restraints: Bond =    0.000   Angle =     0.000   Torsion =     0.000
===============================================================================

 NSTEP =    12200   TIME(PS) =      62.700  TEMP(K) =   302.55  PRESS =   -34.6
 Etot   =   -372910.5433  EKtot   =    113006.1477  EPtot      =   -485916.6909
 BOND   =      8809.4203  ANGLE   =     30094.3973  DIHED      =     20261.3858
 1-4 NB =      9279.3630  1-4 EEL =     39667.8696  VDWAALS    =     26780.5482
 EELEC  =   -622007.6803  EHBOND  =         0.0000  RESTRAINT  =         0.0000
 EKCMT  =     35395.4724  VIRIAL  =     36696.7641  VOLUME     =   1742757.6952
 CMAP   =      1198.0052
                                                    Density    =         1.0232
 Ewald error estimate:   0.4436E-04
 ------------------------------------------------------------------------------

 NMR restraints: Bond =    0.000   Angle =     0.000   Torsion =     0.000
===============================================================================

 NSTEP =    12300   TIME(PS) =      62.800  TEMP(K) =   303.07  PRESS =     0.8
 Etot   =   -372981.0270  EKtot   =    113200.3235  EPtot      =   -486181.3506
 BOND   =      8766.1569  ANGLE   =     29980.3149  DIHED      =     20340.5192
 1-4 NB =      9298.1277  1-4 EEL =     40001.8775  VDWAALS    =     26806.2471
 EELEC  =   -622565.5232  EHBOND  =         0.0000  RESTRAINT  =         0.0000
 EKCMT  =     35251.9739  VIRIAL  =     35221.9227  VOLUME     =   1742697.7967
 CMAP   =      1190.9294
                                                    Density    =         1.0233
 Ewald error estimate:   0.2085E-05
 ------------------------------------------------------------------------------

 NMR restraints: Bond =    0.000   Angle =     0.000   Torsion =     0.000
===============================================================================

 NSTEP =    12400   TIME(PS) =      62.900  TEMP(K) =   302.96  PRESS =  -188.3
 Etot   =   -372884.6480  EKtot   =    113158.2333  EPtot      =   -486042.8813
 BOND   =      8653.7709  ANGLE   =     29996.5593  DIHED      =     20324.3815
 1-4 NB =      9319.2460  1-4 EEL =     39889.4792  VDWAALS    =     26875.7410
 EELEC  =   -622320.7131  EHBOND  =         0.0000  RESTRAINT  =         0.0000
 EKCMT  =     35345.7814  VIRIAL  =     42429.4863  VOLUME     =   1742048.9071
 CMAP   =      1218.6539
                                                    Density    =         1.0236
 Ewald error estimate:   0.2674E-04
 ------------------------------------------------------------------------------

 NMR restraints: Bond =    0.000   Angle =     0.000   Torsion =     0.000
===============================================================================

 NSTEP =    12500   TIME(PS) =      63.000  TEMP(K) =   303.84  PRESS =  -107.2
 Etot   =   -372899.8504  EKtot   =    113484.6414  EPtot      =   -486384.4918
 BOND   =      8859.2311  ANGLE   =     30001.8438  DIHED      =     20280.9469
 1-4 NB =      9239.0636  1-4 EEL =     39860.4839  VDWAALS    =     26972.0234
 EELEC  =   -622793.1755  EHBOND  =         0.0000  RESTRAINT  =         0.0000
 EKCMT  =     35393.2007  VIRIAL  =     39425.1654  VOLUME     =   1741305.3624
 CMAP   =      1195.0910
                                                    Density    =         1.0241
 Ewald error estimate:   0.2371E-04
 ------------------------------------------------------------------------------

 NMR restraints: Bond =    0.000   Angle =     0.000   Torsion =     0.000
===============================================================================

 NSTEP =    12600   TIME(PS) =      63.100  TEMP(K) =   304.88  PRESS =   -94.3
 Etot   =   -372808.0344  EKtot   =    113872.8605  EPtot      =   -486680.8949
 BOND   =      8760.2936  ANGLE   =     30006.0458  DIHED      =     20216.6466
 1-4 NB =      9260.2654  1-4 EEL =     39825.4155  VDWAALS    =     26952.5963
 EELEC  =   -622910.6197  EHBOND  =         0.0000  RESTRAINT  =         0.0000
 EKCMT  =     35614.9661  VIRIAL  =     39158.6549  VOLUME     =   1741176.4328
 CMAP   =      1208.4616
                                                    Density    =         1.0241
 Ewald error estimate:   0.7500E-04
 ------------------------------------------------------------------------------

 NMR restraints: Bond =    0.000   Angle =     0.000   Torsion =     0.000
===============================================================================

 NSTEP =    12700   TIME(PS) =      63.200  TEMP(K) =   303.65  PRESS =   -29.3
 Etot   =   -372612.4689  EKtot   =    113414.4349  EPtot      =   -486026.9038
 BOND   =      8780.4436  ANGLE   =     30048.8668  DIHED      =     20265.9213
 1-4 NB =      9267.2414  1-4 EEL =     39843.0047  VDWAALS    =     26732.5492
 EELEC  =   -622170.1662  EHBOND  =         0.0000  RESTRAINT  =         0.0000
 EKCMT  =     35327.6740  VIRIAL  =     36430.6435  VOLUME     =   1741103.1523
 CMAP   =      1205.2354
                                                    Density    =         1.0242
 Ewald error estimate:   0.4069E-04
 ------------------------------------------------------------------------------

 NMR restraints: Bond =    0.000   Angle =     0.000   Torsion =     0.000
===============================================================================

 NSTEP =    12800   TIME(PS) =      63.300  TEMP(K) =   303.60  PRESS =  -111.8
 Etot   =   -372694.4454  EKtot   =    113395.0749  EPtot      =   -486089.5203
 BOND   =      8789.4888  ANGLE   =     29854.1257  DIHED      =     20262.3870
 1-4 NB =      9286.9789  1-4 EEL =     39917.9302  VDWAALS    =     27530.4666
 EELEC  =   -622930.4921  EHBOND  =         0.0000  RESTRAINT  =         0.0000
 EKCMT  =     35384.6249  VIRIAL  =     39585.7440  VOLUME     =   1740694.4952
 CMAP   =      1199.5945
                                                    Density    =         1.0244
 Ewald error estimate:   0.1819E-04
 ------------------------------------------------------------------------------

 NMR restraints: Bond =    0.000   Angle =     0.000   Torsion =     0.000
===============================================================================

 NSTEP =    12900   TIME(PS) =      63.400  TEMP(K) =   304.42  PRESS =   -78.4
 Etot   =   -372400.5402  EKtot   =    113703.3475  EPtot      =   -486103.8878
 BOND   =      8832.9525  ANGLE   =     29933.0780  DIHED      =     20279.2956
 1-4 NB =      9294.5435  1-4 EEL =     39850.2411  VDWAALS    =     26688.9744
 EELEC  =   -622169.1037  EHBOND  =         0.0000  RESTRAINT  =         0.0000
 EKCMT  =     35367.2864  VIRIAL  =     38314.5622  VOLUME     =   1740578.1454
 CMAP   =      1186.1309
                                                    Density    =         1.0245
 Ewald error estimate:   0.5047E-04
 ------------------------------------------------------------------------------

 NMR restraints: Bond =    0.000   Angle =     0.000   Torsion =     0.000
===============================================================================

 NSTEP =    13000   TIME(PS) =      63.500  TEMP(K) =   303.70  PRESS =    64.2
 Etot   =   -372421.4467  EKtot   =    113433.5465  EPtot      =   -485854.9932
 BOND   =      8855.6167  ANGLE   =     30101.9030  DIHED      =     20264.7762
 1-4 NB =      9265.1925  1-4 EEL =     39982.2721  VDWAALS    =     27088.9930
 EELEC  =   -622608.7814  EHBOND  =         0.0000  RESTRAINT  =         0.0000
 EKCMT  =     35375.8795  VIRIAL  =     32962.8711  VOLUME     =   1740642.5113
 CMAP   =      1195.0348
                                                    Density    =         1.0245
 Ewald error estimate:   0.7697E-06
 ------------------------------------------------------------------------------

 NMR restraints: Bond =    0.000   Angle =     0.000   Torsion =     0.000
===============================================================================

 NSTEP =    13100   TIME(PS) =      63.600  TEMP(K) =   304.58  PRESS =    -8.8
 Etot   =   -372483.7130  EKtot   =    113761.4077  EPtot      =   -486245.1206
 BOND   =      8763.8387  ANGLE   =     30046.1788  DIHED      =     20209.0262
 1-4 NB =      9310.8932  1-4 EEL =     39773.0980  VDWAALS    =     27148.8802
 EELEC  =   -622708.0485  EHBOND  =         0.0000  RESTRAINT  =         0.0000
 EKCMT  =     35421.4033  VIRIAL  =     35750.4149  VOLUME     =   1740699.9056
 CMAP   =      1211.0129
                                                    Density    =         1.0244
 Ewald error estimate:   0.1974E-04
 ------------------------------------------------------------------------------

 NMR restraints: Bond =    0.000   Angle =     0.000   Torsion =     0.000
===============================================================================

 NSTEP =    13200   TIME(PS) =      63.700  TEMP(K) =   303.84  PRESS =     3.1
 Etot   =   -372521.2402  EKtot   =    113485.4982  EPtot      =   -486006.7384
 BOND   =      8749.6670  ANGLE   =     30231.1697  DIHED      =     20270.6707
 1-4 NB =      9229.1000  1-4 EEL =     39876.3467  VDWAALS    =     27497.8774
 EELEC  =   -623063.9845  EHBOND  =         0.0000  RESTRAINT  =         0.0000
 EKCMT  =     35427.9728  VIRIAL  =     35310.6981  VOLUME     =   1740630.3528
 CMAP   =      1202.4144
                                                    Density    =         1.0245
 Ewald error estimate:   0.2510E-04
 ------------------------------------------------------------------------------

 NMR restraints: Bond =    0.000   Angle =     0.000   Torsion =     0.000
===============================================================================

 NSTEP =    13300   TIME(PS) =      63.800  TEMP(K) =   303.88  PRESS =   -77.1
 Etot   =   -372707.1335  EKtot   =    113502.6161  EPtot      =   -486209.7496
 BOND   =      8780.6635  ANGLE   =     30013.7859  DIHED      =     20278.0534
 1-4 NB =      9267.2764  1-4 EEL =     39833.0046  VDWAALS    =     27445.7835
 EELEC  =   -623027.7906  EHBOND  =         0.0000  RESTRAINT  =         0.0000
 EKCMT  =     35487.0435  VIRIAL  =     38384.4411  VOLUME     =   1740648.1318
 CMAP   =      1199.4737
                                                    Density    =         1.0245
 Ewald error estimate:   0.1495E-04
 ------------------------------------------------------------------------------

 NMR restraints: Bond =    0.000   Angle =     0.000   Torsion =     0.000
===============================================================================

 NSTEP =    13400   TIME(PS) =      63.900  TEMP(K) =   303.06  PRESS =   -83.0
 Etot   =   -372884.9645  EKtot   =    113194.4689  EPtot      =   -486079.4334
 BOND   =      8777.4129  ANGLE   =     30103.9906  DIHED      =     20363.2765
 1-4 NB =      9271.0661  1-4 EEL =     39782.2147  VDWAALS    =     27093.7682
 EELEC  =   -622689.6664  EHBOND  =         0.0000  RESTRAINT  =         0.0000
 EKCMT  =     35351.5591  VIRIAL  =     38471.2056  VOLUME     =   1740261.9868
 CMAP   =      1218.5041
                                                    Density    =         1.0247
 Ewald error estimate:   0.2852E-05
 ------------------------------------------------------------------------------

 NMR restraints: Bond =    0.000   Angle =     0.000   Torsion =     0.000
===============================================================================

 NSTEP =    13500   TIME(PS) =      64.000  TEMP(K) =   303.38  PRESS =   -82.1
 Etot   =   -372897.4570  EKtot   =    113316.2690  EPtot      =   -486213.7259
 BOND   =      8919.7236  ANGLE   =     30089.8354  DIHED      =     20262.7174
 1-4 NB =      9232.8492  1-4 EEL =     39786.3849  VDWAALS    =     27255.8948
 EELEC  =   -622938.1412  EHBOND  =         0.0000  RESTRAINT  =         0.0000
 EKCMT  =     35635.2627  VIRIAL  =     38720.5289  VOLUME     =   1740249.9820
 CMAP   =      1177.0101
                                                    Density    =         1.0247
 Ewald error estimate:   0.4859E-04
 ------------------------------------------------------------------------------

 NMR restraints: Bond =    0.000   Angle =     0.000   Torsion =     0.000
===============================================================================

 NSTEP =    13600   TIME(PS) =      64.100  TEMP(K) =   302.52  PRESS =    63.2
 Etot   =   -373041.6156  EKtot   =    112993.2432  EPtot      =   -486034.8587
 BOND   =      8818.1843  ANGLE   =     30068.9849  DIHED      =     20219.3314
 1-4 NB =      9316.7765  1-4 EEL =     40109.6043  VDWAALS    =     27395.1975
 EELEC  =   -623156.0903  EHBOND  =         0.0000  RESTRAINT  =         0.0000
 EKCMT  =     35459.5873  VIRIAL  =     33085.6965  VOLUME     =   1740111.4672
 CMAP   =      1193.1526
                                                    Density    =         1.0248
 Ewald error estimate:   0.2321E-04
 ------------------------------------------------------------------------------

 NMR restraints: Bond =    0.000   Angle =     0.000   Torsion =     0.000
===============================================================================

 NSTEP =    13700   TIME(PS) =      64.200  TEMP(K) =   304.75  PRESS =   -74.3
 Etot   =   -372958.7056  EKtot   =    113827.5290  EPtot      =   -486786.2346
 BOND   =      8814.7184  ANGLE   =     29920.9539  DIHED      =     20323.6372
 1-4 NB =      9244.9976  1-4 EEL =     39784.8108  VDWAALS    =     27185.7763
 EELEC  =   -623246.3090  EHBOND  =         0.0000  RESTRAINT  =         0.0000
 EKCMT  =     35550.4844  VIRIAL  =     38340.8942  VOLUME     =   1740106.1292
 CMAP   =      1185.1803
                                                    Density    =         1.0248
 Ewald error estimate:   0.2502E-04
 ------------------------------------------------------------------------------

 NMR restraints: Bond =    0.000   Angle =     0.000   Torsion =     0.000
===============================================================================

 NSTEP =    13800   TIME(PS) =      64.300  TEMP(K) =   303.54  PRESS =    51.8
 Etot   =   -372759.9754  EKtot   =    113372.6009  EPtot      =   -486132.5763
 BOND   =      8832.0840  ANGLE   =     30201.3711  DIHED      =     20274.8348
 1-4 NB =      9310.1248  1-4 EEL =     39842.3584  VDWAALS    =     27820.4385
 EELEC  =   -623606.7038  EHBOND  =         0.0000  RESTRAINT  =         0.0000
 EKCMT  =     35516.5255  VIRIAL  =     33570.9332  VOLUME     =   1739923.7322
 CMAP   =      1192.9159
                                                    Density    =         1.0249
 Ewald error estimate:   0.5649E-04
 ------------------------------------------------------------------------------

 NMR restraints: Bond =    0.000   Angle =     0.000   Torsion =     0.000
===============================================================================

 NSTEP =    13900   TIME(PS) =      64.400  TEMP(K) =   303.87  PRESS =  -121.7
 Etot   =   -372826.7260  EKtot   =    113496.3983  EPtot      =   -486323.1244
 BOND   =      8709.1713  ANGLE   =     29984.9903  DIHED      =     20387.6739
 1-4 NB =      9375.0394  1-4 EEL =     39859.2877  VDWAALS    =     27136.7445
 EELEC  =   -622977.0015  EHBOND  =         0.0000  RESTRAINT  =         0.0000
 EKCMT  =     35305.6542  VIRIAL  =     39877.8510  VOLUME     =   1739894.1134
 CMAP   =      1200.9700
                                                    Density    =         1.0249
 Ewald error estimate:   0.5458E-04
 ------------------------------------------------------------------------------

 NMR restraints: Bond =    0.000   Angle =     0.000   Torsion =     0.000
===============================================================================

 NSTEP =    14000   TIME(PS) =      64.500  TEMP(K) =   304.06  PRESS =    11.7
 Etot   =   -372831.2675  EKtot   =    113567.3260  EPtot      =   -486398.5935
 BOND   =      8736.0674  ANGLE   =     30028.0660  DIHED      =     20313.3692
 1-4 NB =      9235.4788  1-4 EEL =     39920.3004  VDWAALS    =     27362.5855
 EELEC  =   -623187.0438  EHBOND  =         0.0000  RESTRAINT  =         0.0000
 EKCMT  =     35386.4963  VIRIAL  =     34945.2287  VOLUME     =   1739357.6945
 CMAP   =      1192.5831
                                                    Density    =         1.0252
 Ewald error estimate:   0.3849E-04
 ------------------------------------------------------------------------------

 NMR restraints: Bond =    0.000   Angle =     0.000   Torsion =     0.000
===============================================================================

 NSTEP =    14100   TIME(PS) =      64.600  TEMP(K) =   303.30  PRESS =  -150.2
 Etot   =   -372813.4536  EKtot   =    113284.1763  EPtot      =   -486097.6299
 BOND   =      8656.8223  ANGLE   =     30110.8464  DIHED      =     20284.8978
 1-4 NB =      9365.4213  1-4 EEL =     39884.3578  VDWAALS    =     26991.9053
 EELEC  =   -622581.3031  EHBOND  =         0.0000  RESTRAINT  =         0.0000
 EKCMT  =     35350.1530  VIRIAL  =     40988.7533  VOLUME     =   1739159.7711
 CMAP   =      1189.4222
                                                    Density    =         1.0253
 Ewald error estimate:   0.1308E-04
 ------------------------------------------------------------------------------

 NMR restraints: Bond =    0.000   Angle =     0.000   Torsion =     0.000
===============================================================================

 NSTEP =    14200   TIME(PS) =      64.700  TEMP(K) =   303.96  PRESS =     7.7
 Etot   =   -373071.2857  EKtot   =    113530.3414  EPtot      =   -486601.6271
 BOND   =      8687.2981  ANGLE   =     29953.9443  DIHED      =     20357.9663
 1-4 NB =      9300.9782  1-4 EEL =     39616.2544  VDWAALS    =     27386.2028
 EELEC  =   -623098.1276  EHBOND  =         0.0000  RESTRAINT  =         0.0000
 EKCMT  =     35414.3969  VIRIAL  =     35124.7499  VOLUME     =   1738972.7711
 CMAP   =      1193.8564
                                                    Density    =         1.0254
 Ewald error estimate:   0.1511E-04
 ------------------------------------------------------------------------------

 NMR restraints: Bond =    0.000   Angle =     0.000   Torsion =     0.000
===============================================================================

 NSTEP =    14300   TIME(PS) =      64.800  TEMP(K) =   302.91  PRESS =  -101.3
 Etot   =   -373230.8094  EKtot   =    113138.8879  EPtot      =   -486369.6973
 BOND   =      8670.5798  ANGLE   =     29847.6022  DIHED      =     20250.6605
 1-4 NB =      9301.5637  1-4 EEL =     39934.5792  VDWAALS    =     27061.5489
 EELEC  =   -622629.2911  EHBOND  =         0.0000  RESTRAINT  =         0.0000
 EKCMT  =     35295.2479  VIRIAL  =     39098.1194  VOLUME     =   1738684.3253
 CMAP   =      1193.0596
                                                    Density    =         1.0256
 Ewald error estimate:   0.3590E-04
 ------------------------------------------------------------------------------

 NMR restraints: Bond =    0.000   Angle =     0.000   Torsion =     0.000
===============================================================================

 NSTEP =    14400   TIME(PS) =      64.900  TEMP(K) =   303.38  PRESS =   -62.5
 Etot   =   -373505.9171  EKtot   =    113316.0536  EPtot      =   -486821.9707
 BOND   =      8757.8008  ANGLE   =     29917.1173  DIHED      =     20270.4120
 1-4 NB =      9231.7404  1-4 EEL =     39731.6796  VDWAALS    =     27145.1592
 EELEC  =   -623069.7950  EHBOND  =         0.0000  RESTRAINT  =         0.0000
 EKCMT  =     35380.5928  VIRIAL  =     37726.3517  VOLUME     =   1738376.5842
 CMAP   =      1193.9150
                                                    Density    =         1.0258
 Ewald error estimate:   0.8742E-04
 ------------------------------------------------------------------------------

 NMR restraints: Bond =    0.000   Angle =     0.000   Torsion =     0.000
===============================================================================

 NSTEP =    14500   TIME(PS) =      65.000  TEMP(K) =   303.32  PRESS =   -61.1
 Etot   =   -373522.0687  EKtot   =    113290.7424  EPtot      =   -486812.8111
 BOND   =      8732.9599  ANGLE   =     29949.1501  DIHED      =     20184.5775
 1-4 NB =      9381.0435  1-4 EEL =     39865.3344  VDWAALS    =     27080.3291
 EELEC  =   -623199.7017  EHBOND  =         0.0000  RESTRAINT  =         0.0000
 EKCMT  =     35562.9765  VIRIAL  =     37856.8947  VOLUME     =   1738375.2143
 CMAP   =      1193.4960
                                                    Density    =         1.0258
 Ewald error estimate:   0.1036E-04
 ------------------------------------------------------------------------------

 NMR restraints: Bond =    0.000   Angle =     0.000   Torsion =     0.000
===============================================================================

 NSTEP =    14600   TIME(PS) =      65.100  TEMP(K) =   302.51  PRESS =    29.6
 Etot   =   -373418.1913  EKtot   =    112988.9957  EPtot      =   -486407.1870
 BOND   =      8838.4933  ANGLE   =     30075.8538  DIHED      =     20310.9359
 1-4 NB =      9240.7649  1-4 EEL =     39719.5197  VDWAALS    =     26852.0800
 EELEC  =   -622631.8414  EHBOND  =         0.0000  RESTRAINT  =         0.0000
 EKCMT  =     35242.5921  VIRIAL  =     34130.1261  VOLUME     =   1738435.3013
 CMAP   =      1187.0068
                                                    Density    =         1.0258
 Ewald error estimate:   0.6326E-04
 ------------------------------------------------------------------------------

 NMR restraints: Bond =    0.000   Angle =     0.000   Torsion =     0.000
===============================================================================

 NSTEP =    14700   TIME(PS) =      65.200  TEMP(K) =   303.46  PRESS =   124.2
 Etot   =   -373342.5209  EKtot   =    113343.1005  EPtot      =   -486685.6215
 BOND   =      8749.1913  ANGLE   =     30114.0468  DIHED      =     20298.3204
 1-4 NB =      9204.3555  1-4 EEL =     39832.0543  VDWAALS    =     27626.2586
 EELEC  =   -623720.1939  EHBOND  =         0.0000  RESTRAINT  =         0.0000
 EKCMT  =     35456.9490  VIRIAL  =     30796.7732  VOLUME     =   1738322.6458
 CMAP   =      1210.3456
                                                    Density    =         1.0258
 Ewald error estimate:   0.1599E-04
 ------------------------------------------------------------------------------

 NMR restraints: Bond =    0.000   Angle =     0.000   Torsion =     0.000
===============================================================================

 NSTEP =    14800   TIME(PS) =      65.300  TEMP(K) =   302.72  PRESS =  -174.0
 Etot   =   -373683.4975  EKtot   =    113067.3245  EPtot      =   -486750.8220
 BOND   =      8818.0259  ANGLE   =     30060.2202  DIHED      =     20296.2333
 1-4 NB =      9353.6307  1-4 EEL =     39757.3711  VDWAALS    =     26762.9708
 EELEC  =   -622987.6325  EHBOND  =         0.0000  RESTRAINT  =         0.0000
 EKCMT  =     35398.4872  VIRIAL  =     41928.0824  VOLUME     =   1738046.0726
 CMAP   =      1188.3587
                                                    Density    =         1.0260
 Ewald error estimate:   0.2192E-04
 ------------------------------------------------------------------------------

 NMR restraints: Bond =    0.000   Angle =     0.000   Torsion =     0.000
===============================================================================

 NSTEP =    14900   TIME(PS) =      65.400  TEMP(K) =   303.36  PRESS =   129.4
 Etot   =   -373689.4133  EKtot   =    113306.2093  EPtot      =   -486995.6226
 BOND   =      8816.1937  ANGLE   =     29911.4669  DIHED      =     20223.3098
 1-4 NB =      9234.3924  1-4 EEL =     39898.2914  VDWAALS    =     27251.7797
 EELEC  =   -623525.3373  EHBOND  =         0.0000  RESTRAINT  =         0.0000
 EKCMT  =     35445.2196  VIRIAL  =     30590.8047  VOLUME     =   1737810.1151
 CMAP   =      1194.2808
                                                    Density    =         1.0261
 Ewald error estimate:   0.7425E-04
 ------------------------------------------------------------------------------

 NMR restraints: Bond =    0.000   Angle =     0.000   Torsion =     0.000
===============================================================================

 NSTEP =    15000   TIME(PS) =      65.500  TEMP(K) =   302.75  PRESS =   -30.9
 Etot   =   -373985.6728  EKtot   =    113078.9561  EPtot      =   -487064.6290
 BOND   =      8763.6840  ANGLE   =     29852.9886  DIHED      =     20330.0133
 1-4 NB =      9319.5526  1-4 EEL =     39949.0743  VDWAALS    =     27224.1774
 EELEC  =   -623698.3992  EHBOND  =         0.0000  RESTRAINT  =         0.0000
 EKCMT  =     35308.5051  VIRIAL  =     36469.2144  VOLUME     =   1737657.6274
 CMAP   =      1194.2800
                                                    Density    =         1.0262
 Ewald error estimate:   0.8626E-04
 ------------------------------------------------------------------------------

 NMR restraints: Bond =    0.000   Angle =     0.000   Torsion =     0.000
===============================================================================

 NSTEP =    15100   TIME(PS) =      65.600  TEMP(K) =   302.94  PRESS =  -122.2
 Etot   =   -373955.2910  EKtot   =    113151.8285  EPtot      =   -487107.1195
 BOND   =      8698.7534  ANGLE   =     30052.7131  DIHED      =     20335.8915
 1-4 NB =      9257.5852  1-4 EEL =     39961.2941  VDWAALS    =     26972.1003
 EELEC  =   -623574.4868  EHBOND  =         0.0000  RESTRAINT  =         0.0000
 EKCMT  =     35275.8877  VIRIAL  =     39860.4650  VOLUME     =   1737352.0466
 CMAP   =      1189.0297
                                                    Density    =         1.0264
 Ewald error estimate:   0.3789E-04
 ------------------------------------------------------------------------------

 NMR restraints: Bond =    0.000   Angle =     0.000   Torsion =     0.000
===============================================================================

 NSTEP =    15200   TIME(PS) =      65.700  TEMP(K) =   303.45  PRESS =   -19.6
 Etot   =   -373775.8929  EKtot   =    113341.6095  EPtot      =   -487117.5024
 BOND   =      8786.0892  ANGLE   =     29931.4529  DIHED      =     20242.1977
 1-4 NB =      9298.6910  1-4 EEL =     39863.1437  VDWAALS    =     27302.1579
 EELEC  =   -623711.0670  EHBOND  =         0.0000  RESTRAINT  =         0.0000
 EKCMT  =     35307.7859  VIRIAL  =     36042.4763  VOLUME     =   1737021.6156
 CMAP   =      1169.8322
                                                    Density    =         1.0266
 Ewald error estimate:   0.7755E-04
 ------------------------------------------------------------------------------

 NMR restraints: Bond =    0.000   Angle =     0.000   Torsion =     0.000
===============================================================================

 NSTEP =    15300   TIME(PS) =      65.800  TEMP(K) =   303.33  PRESS =    42.8
 Etot   =   -373932.2570  EKtot   =    113297.4621  EPtot      =   -487229.7191
 BOND   =      8808.0705  ANGLE   =     29993.1936  DIHED      =     20194.3668
 1-4 NB =      9315.0482  1-4 EEL =     39799.3072  VDWAALS    =     26928.1152
 EELEC  =   -623452.8668  EHBOND  =         0.0000  RESTRAINT  =         0.0000
 EKCMT  =     35248.2103  VIRIAL  =     33641.3285  VOLUME     =   1736930.6793
 CMAP   =      1185.0462
                                                    Density    =         1.0267
 Ewald error estimate:   0.3413E-04
 ------------------------------------------------------------------------------

 NMR restraints: Bond =    0.000   Angle =     0.000   Torsion =     0.000
===============================================================================

 NSTEP =    15400   TIME(PS) =      65.900  TEMP(K) =   302.88  PRESS =   -52.3
 Etot   =   -373621.4040  EKtot   =    113125.8550  EPtot      =   -486747.2590
 BOND   =      8731.4976  ANGLE   =     30022.5884  DIHED      =     20233.3819
 1-4 NB =      9311.3213  1-4 EEL =     39756.7837  VDWAALS    =     27130.0096
 EELEC  =   -623136.4942  EHBOND  =         0.0000  RESTRAINT  =         0.0000
 EKCMT  =     35413.1645  VIRIAL  =     37376.0798  VOLUME     =   1736710.0717
 CMAP   =      1203.6527
                                                    Density    =         1.0268
 Ewald error estimate:   0.4008E-04
 ------------------------------------------------------------------------------

 NMR restraints: Bond =    0.000   Angle =     0.000   Torsion =     0.000
===============================================================================

 NSTEP =    15500   TIME(PS) =      66.000  TEMP(K) =   303.26  PRESS =  -126.6
 Etot   =   -373497.7730  EKtot   =    113270.8657  EPtot      =   -486768.6386
 BOND   =      8818.0015  ANGLE   =     30083.3575  DIHED      =     20346.0292
 1-4 NB =      9272.6243  1-4 EEL =     39737.5519  VDWAALS    =     27312.3186
 EELEC  =   -623551.9418  EHBOND  =         0.0000  RESTRAINT  =         0.0000
 EKCMT  =     35388.0103  VIRIAL  =     40134.7578  VOLUME     =   1736574.3578
 CMAP   =      1213.4201
                                                    Density    =         1.0269
 Ewald error estimate:   0.3748E-05
 ------------------------------------------------------------------------------

 NMR restraints: Bond =    0.000   Angle =     0.000   Torsion =     0.000
===============================================================================

 NSTEP =    15600   TIME(PS) =      66.100  TEMP(K) =   303.40  PRESS =    17.0
 Etot   =   -373691.2715  EKtot   =    113322.5673  EPtot      =   -487013.8388
 BOND   =      8761.9794  ANGLE   =     29833.3132  DIHED      =     20213.8802
 1-4 NB =      9231.3568  1-4 EEL =     39963.7880  VDWAALS    =     27109.0299
 EELEC  =   -623328.0972  EHBOND  =         0.0000  RESTRAINT  =         0.0000
 EKCMT  =     35276.1121  VIRIAL  =     34640.0271  VOLUME     =   1736748.1311
 CMAP   =      1200.9110
                                                    Density    =         1.0268
 Ewald error estimate:   0.7531E-04
 ------------------------------------------------------------------------------

 NMR restraints: Bond =    0.000   Angle =     0.000   Torsion =     0.000
===============================================================================

 NSTEP =    15700   TIME(PS) =      66.200  TEMP(K) =   303.67  PRESS =   -10.0
 Etot   =   -373600.1187  EKtot   =    113422.5262  EPtot      =   -487022.6449
 BOND   =      8686.5892  ANGLE   =     29983.5925  DIHED      =     20290.3510
 1-4 NB =      9316.6770  1-4 EEL =     39789.6780  VDWAALS    =     26837.5139
 EELEC  =   -623116.5026  EHBOND  =         0.0000  RESTRAINT  =         0.0000
 EKCMT  =     35374.1666  VIRIAL  =     35750.8581  VOLUME     =   1736495.8809
 CMAP   =      1189.4560
                                                    Density    =         1.0269
 Ewald error estimate:   0.6408E-05
 ------------------------------------------------------------------------------

 NMR restraints: Bond =    0.000   Angle =     0.000   Torsion =     0.000
===============================================================================

 NSTEP =    15800   TIME(PS) =      66.300  TEMP(K) =   303.12  PRESS =    44.2
 Etot   =   -373437.0871  EKtot   =    113217.2884  EPtot      =   -486654.3755
 BOND   =      8749.8696  ANGLE   =     30037.2647  DIHED      =     20223.2371
 1-4 NB =      9329.1064  1-4 EEL =     39808.2466  VDWAALS    =     27239.5672
 EELEC  =   -623248.2697  EHBOND  =         0.0000  RESTRAINT  =         0.0000
 EKCMT  =     35331.0273  VIRIAL  =     33675.0712  VOLUME     =   1736411.0641
 CMAP   =      1206.6025
                                                    Density    =         1.0270
 Ewald error estimate:   0.6713E-04
 ------------------------------------------------------------------------------

 NMR restraints: Bond =    0.000   Angle =     0.000   Torsion =     0.000
===============================================================================

 NSTEP =    15900   TIME(PS) =      66.400  TEMP(K) =   302.94  PRESS =  -144.6
 Etot   =   -373688.9650  EKtot   =    113151.5045  EPtot      =   -486840.4695
 BOND   =      8740.6506  ANGLE   =     29959.9390  DIHED      =     20264.1168
 1-4 NB =      9276.7437  1-4 EEL =     39858.9228  VDWAALS    =     27116.7863
 EELEC  =   -623252.5393  EHBOND  =         0.0000  RESTRAINT  =         0.0000
 EKCMT  =     35417.8067  VIRIAL  =     40839.5993  VOLUME     =   1736247.8230
 CMAP   =      1194.9107
                                                    Density    =         1.0271
 Ewald error estimate:   0.2889E-04
 ------------------------------------------------------------------------------

 NMR restraints: Bond =    0.000   Angle =     0.000   Torsion =     0.000
===============================================================================

 NSTEP =    16000   TIME(PS) =      66.500  TEMP(K) =   301.94  PRESS =  -186.9
 Etot   =   -373876.5263  EKtot   =    112775.3582  EPtot      =   -486651.8844
 BOND   =      8727.6106  ANGLE   =     29975.2302  DIHED      =     20296.9349
 1-4 NB =      9269.6108  1-4 EEL =     39699.2305  VDWAALS    =     26678.1679
 EELEC  =   -622506.8988  EHBOND  =         0.0000  RESTRAINT  =         0.0000
 EKCMT  =     35032.2076  VIRIAL  =     42038.7009  VOLUME     =   1735904.0712
 CMAP   =      1208.2294
                                                    Density    =         1.0273
 Ewald error estimate:   0.3938E-05
 ------------------------------------------------------------------------------

 NMR restraints: Bond =    0.000   Angle =     0.000   Torsion =     0.000
===============================================================================

 NSTEP =    16100   TIME(PS) =      66.600  TEMP(K) =   302.99  PRESS =    30.3
 Etot   =   -373795.7958  EKtot   =    113167.8708  EPtot      =   -486963.6666
 BOND   =      8609.0499  ANGLE   =     29971.6305  DIHED      =     20338.2249
 1-4 NB =      9344.7924  1-4 EEL =     39827.4232  VDWAALS    =     27486.8470
 EELEC  =   -623756.9672  EHBOND  =         0.0000  RESTRAINT  =         0.0000
 EKCMT  =     35343.6276  VIRIAL  =     34208.2387  VOLUME     =   1735243.5358
 CMAP   =      1215.3325
                                                    Density    =         1.0277
 Ewald error estimate:   0.6715E-05
 ------------------------------------------------------------------------------

 NMR restraints: Bond =    0.000   Angle =     0.000   Torsion =     0.000
===============================================================================

 NSTEP =    16200   TIME(PS) =      66.700  TEMP(K) =   303.67  PRESS =    16.3
 Etot   =   -373713.0120  EKtot   =    113423.4028  EPtot      =   -487136.4148
 BOND   =      8849.1144  ANGLE   =     29965.7341  DIHED      =     20278.9309
 1-4 NB =      9266.9300  1-4 EEL =     39818.0350  VDWAALS    =     27208.2588
 EELEC  =   -623715.8936  EHBOND  =         0.0000  RESTRAINT  =         0.0000
 EKCMT  =     35411.5148  VIRIAL  =     34801.6473  VOLUME     =   1735404.2259
 CMAP   =      1192.4756
                                                    Density    =         1.0276
 Ewald error estimate:   0.3200E-04
 ------------------------------------------------------------------------------

 NMR restraints: Bond =    0.000   Angle =     0.000   Torsion =     0.000
===============================================================================

 NSTEP =    16300   TIME(PS) =      66.800  TEMP(K) =   303.49  PRESS =    89.4
 Etot   =   -373785.8274  EKtot   =    113355.1114  EPtot      =   -487140.9388
 BOND   =      8664.4614  ANGLE   =     30153.2407  DIHED      =     20269.0763
 1-4 NB =      9230.3926  1-4 EEL =     39641.2721  VDWAALS    =     27238.6726
 EELEC  =   -623551.4287  EHBOND  =         0.0000  RESTRAINT  =         0.0000
 EKCMT  =     35329.2532  VIRIAL  =     31979.5751  VOLUME     =   1735345.1069
 CMAP   =      1213.3742
                                                    Density    =         1.0276
 Ewald error estimate:   0.5215E-04
 ------------------------------------------------------------------------------

 NMR restraints: Bond =    0.000   Angle =     0.000   Torsion =     0.000
===============================================================================

 NSTEP =    16400   TIME(PS) =      66.900  TEMP(K) =   303.81  PRESS =   -18.8
 Etot   =   -373532.8796  EKtot   =    113476.3821  EPtot      =   -487009.2617
 BOND   =      8726.0915  ANGLE   =     30081.1863  DIHED      =     20344.2046
 1-4 NB =      9276.8541  1-4 EEL =     39733.0865  VDWAALS    =     27029.4191
 EELEC  =   -623384.8114  EHBOND  =         0.0000  RESTRAINT  =         0.0000
 EKCMT  =     35450.7873  VIRIAL  =     36157.0660  VOLUME     =   1735402.6747
 CMAP   =      1184.7076
                                                    Density    =         1.0276
 Ewald error estimate:   0.9710E-04
 ------------------------------------------------------------------------------

 NMR restraints: Bond =    0.000   Angle =     0.000   Torsion =     0.000
===============================================================================

 NSTEP =    16500   TIME(PS) =      67.000  TEMP(K) =   303.11  PRESS =   -67.5
 Etot   =   -373572.8482  EKtot   =    113213.9873  EPtot      =   -486786.8355
 BOND   =      8750.8492  ANGLE   =     30202.9175  DIHED      =     20261.9963
 1-4 NB =      9287.3801  1-4 EEL =     39884.0482  VDWAALS    =     27146.4157
 EELEC  =   -623520.8808  EHBOND  =         0.0000  RESTRAINT  =         0.0000
 EKCMT  =     35285.6332  VIRIAL  =     37813.8428  VOLUME     =   1735258.7382
 CMAP   =      1200.4384
                                                    Density    =         1.0276
 Ewald error estimate:   0.4374E-04
 ------------------------------------------------------------------------------

 NMR restraints: Bond =    0.000   Angle =     0.000   Torsion =     0.000
===============================================================================

 NSTEP =    16600   TIME(PS) =      67.100  TEMP(K) =   303.55  PRESS =    27.1
 Etot   =   -373536.7541  EKtot   =    113376.3482  EPtot      =   -486913.1023
 BOND   =      8802.4827  ANGLE   =     30205.7172  DIHED      =     20243.9120
 1-4 NB =      9267.0095  1-4 EEL =     39833.8301  VDWAALS    =     27288.2511
 EELEC  =   -623765.8556  EHBOND  =         0.0000  RESTRAINT  =         0.0000
 EKCMT  =     35282.3627  VIRIAL  =     34267.9402  VOLUME     =   1734730.1879
 CMAP   =      1211.5506
                                                    Density    =         1.0280
 Ewald error estimate:   0.1096E-04
 ------------------------------------------------------------------------------

 NMR restraints: Bond =    0.000   Angle =     0.000   Torsion =     0.000
===============================================================================

 NSTEP =    16700   TIME(PS) =      67.200  TEMP(K) =   303.86  PRESS =   -51.7
 Etot   =   -373656.9187  EKtot   =    113494.4543  EPtot      =   -487151.3730
 BOND   =      8816.5803  ANGLE   =     30235.2546  DIHED      =     20383.2341
 1-4 NB =      9216.4491  1-4 EEL =     40007.3115  VDWAALS    =     27185.5817
 EELEC  =   -624179.5105  EHBOND  =         0.0000  RESTRAINT  =         0.0000
 EKCMT  =     35586.8814  VIRIAL  =     37522.1486  VOLUME     =   1734643.8881
 CMAP   =      1183.7262
                                                    Density    =         1.0280
 Ewald error estimate:   0.3326E-04
 ------------------------------------------------------------------------------

 NMR restraints: Bond =    0.000   Angle =     0.000   Torsion =     0.000
===============================================================================

 NSTEP =    16800   TIME(PS) =      67.300  TEMP(K) =   302.98  PRESS =  -126.6
 Etot   =   -373735.5076  EKtot   =    113165.4565  EPtot      =   -486900.9642
 BOND   =      8791.7320  ANGLE   =     30158.5301  DIHED      =     20276.9487
 1-4 NB =      9279.3332  1-4 EEL =     39934.1087  VDWAALS    =     26536.3462
 EELEC  =   -623095.0201  EHBOND  =         0.0000  RESTRAINT  =         0.0000
 EKCMT  =     35457.4329  VIRIAL  =     40197.1110  VOLUME     =   1734246.1012
 CMAP   =      1217.0570
                                                    Density    =         1.0282
 Ewald error estimate:   0.3303E-04
 ------------------------------------------------------------------------------

 NMR restraints: Bond =    0.000   Angle =     0.000   Torsion =     0.000
===============================================================================

 NSTEP =    16900   TIME(PS) =      67.400  TEMP(K) =   303.44  PRESS =     0.0
 Etot   =   -373851.0409  EKtot   =    113336.2435  EPtot      =   -487187.2845
 BOND   =      8826.3991  ANGLE   =     29970.8171  DIHED      =     20361.1589
 1-4 NB =      9230.6568  1-4 EEL =     39907.1039  VDWAALS    =     27078.6737
 EELEC  =   -623745.9324  EHBOND  =         0.0000  RESTRAINT  =         0.0000
 EKCMT  =     35269.1005  VIRIAL  =     35268.3061  VOLUME     =   1734053.3295
 CMAP   =      1183.8386
                                                    Density    =         1.0284
 Ewald error estimate:   0.1234E-04
 ------------------------------------------------------------------------------

 NMR restraints: Bond =    0.000   Angle =     0.000   Torsion =     0.000
===============================================================================

 NSTEP =    17000   TIME(PS) =      67.500  TEMP(K) =   303.88  PRESS =   -54.6
 Etot   =   -373817.4991  EKtot   =    113502.3235  EPtot      =   -487319.8226
 BOND   =      8908.8512  ANGLE   =     29853.9464  DIHED      =     20278.6594
 1-4 NB =      9328.2088  1-4 EEL =     39839.0421  VDWAALS    =     27076.8801
 EELEC  =   -623796.4828  EHBOND  =         0.0000  RESTRAINT  =         0.0000
 EKCMT  =     35314.4432  VIRIAL  =     37357.9515  VOLUME     =   1734145.7670
 CMAP   =      1191.0722
                                                    Density    =         1.0283
 Ewald error estimate:   0.5945E-04
 ------------------------------------------------------------------------------

 NMR restraints: Bond =    0.000   Angle =     0.000   Torsion =     0.000
===============================================================================

 NSTEP =    17100   TIME(PS) =      67.600  TEMP(K) =   302.96  PRESS =    21.0
 Etot   =   -374061.6752  EKtot   =    113158.7169  EPtot      =   -487220.3921
 BOND   =      8824.3923  ANGLE   =     29730.0797  DIHED      =     20222.0240
 1-4 NB =      9220.5722  1-4 EEL =     39871.9917  VDWAALS    =     27103.2983
 EELEC  =   -623390.2573  EHBOND  =         0.0000  RESTRAINT  =         0.0000
 EKCMT  =     35235.0937  VIRIAL  =     34449.0726  VOLUME     =   1733928.6712
 CMAP   =      1197.5070
                                                    Density    =         1.0284
 Ewald error estimate:   0.7593E-04
 ------------------------------------------------------------------------------

 NMR restraints: Bond =    0.000   Angle =     0.000   Torsion =     0.000
===============================================================================

 NSTEP =    17200   TIME(PS) =      67.700  TEMP(K) =   302.20  PRESS =  -142.1
 Etot   =   -374070.1970  EKtot   =    112871.8252  EPtot      =   -486942.0222
 BOND   =      8845.8920  ANGLE   =     29979.3066  DIHED      =     20345.2884
 1-4 NB =      9290.0140  1-4 EEL =     39877.9326  VDWAALS    =     27195.6804
 EELEC  =   -623672.8006  EHBOND  =         0.0000  RESTRAINT  =         0.0000
 EKCMT  =     35384.7888  VIRIAL  =     40703.3093  VOLUME     =   1733740.4718
 CMAP   =      1196.6644
                                                    Density    =         1.0285
 Ewald error estimate:   0.4431E-04
 ------------------------------------------------------------------------------

 NMR restraints: Bond =    0.000   Angle =     0.000   Torsion =     0.000
===============================================================================

 NSTEP =    17300   TIME(PS) =      67.800  TEMP(K) =   303.23  PRESS =  -113.6
 Etot   =   -373841.2848  EKtot   =    113259.2874  EPtot      =   -487100.5722
 BOND   =      8797.2598  ANGLE   =     29894.5534  DIHED      =     20269.3766
 1-4 NB =      9227.3244  1-4 EEL =     39826.8754  VDWAALS    =     27300.5206
 EELEC  =   -623616.3177  EHBOND  =         0.0000  RESTRAINT  =         0.0000
 EKCMT  =     35227.6891  VIRIAL  =     39480.6493  VOLUME     =   1733750.8797
 CMAP   =      1199.8352
                                                    Density    =         1.0285
 Ewald error estimate:   0.4786E-04
 ------------------------------------------------------------------------------

 NMR restraints: Bond =    0.000   Angle =     0.000   Torsion =     0.000
===============================================================================

 NSTEP =    17400   TIME(PS) =      67.900  TEMP(K) =   302.59  PRESS =   -10.3
 Etot   =   -373990.0167  EKtot   =    113018.5605  EPtot      =   -487008.5773
 BOND   =      8810.9516  ANGLE   =     30154.3813  DIHED      =     20302.9259
 1-4 NB =      9331.2235  1-4 EEL =     39824.5398  VDWAALS    =     27039.4926
 EELEC  =   -623660.7810  EHBOND  =         0.0000  RESTRAINT  =         0.0000
 EKCMT  =     35130.5527  VIRIAL  =     35514.3133  VOLUME     =   1733646.3664
 CMAP   =      1188.6890
                                                    Density    =         1.0286
 Ewald error estimate:   0.3284E-04
 ------------------------------------------------------------------------------

 NMR restraints: Bond =    0.000   Angle =     0.000   Torsion =     0.000
===============================================================================

 NSTEP =    17500   TIME(PS) =      68.000  TEMP(K) =   303.29  PRESS =   113.0
 Etot   =   -373817.1815  EKtot   =    113282.2448  EPtot      =   -487099.4262
 BOND   =      8780.2177  ANGLE   =     30115.3845  DIHED      =     20217.8630
 1-4 NB =      9249.9792  1-4 EEL =     39682.4313  VDWAALS    =     27284.4759
 EELEC  =   -623614.1273  EHBOND  =         0.0000  RESTRAINT  =         0.0000
 EKCMT  =     35353.9736  VIRIAL  =     31124.4738  VOLUME     =   1733552.3788
 CMAP   =      1184.3494
                                                    Density    =         1.0287
 Ewald error estimate:   0.4703E-05
 ------------------------------------------------------------------------------

 NMR restraints: Bond =    0.000   Angle =     0.000   Torsion =     0.000
===============================================================================

 NSTEP =    17600   TIME(PS) =      68.100  TEMP(K) =   303.87  PRESS =    84.5
 Etot   =   -373747.0471  EKtot   =    113498.9065  EPtot      =   -487245.9536
 BOND   =      8878.2941  ANGLE   =     30079.5939  DIHED      =     20135.7618
 1-4 NB =      9250.0254  1-4 EEL =     39891.8534  VDWAALS    =     27210.5871
 EELEC  =   -623873.6500  EHBOND  =         0.0000  RESTRAINT  =         0.0000
 EKCMT  =     35473.8204  VIRIAL  =     32308.8610  VOLUME     =   1733874.2800
 CMAP   =      1181.5806
                                                    Density    =         1.0285
 Ewald error estimate:   0.2013E-04
 ------------------------------------------------------------------------------

 NMR restraints: Bond =    0.000   Angle =     0.000   Torsion =     0.000
===============================================================================

 NSTEP =    17700   TIME(PS) =      68.200  TEMP(K) =   304.06  PRESS =   144.7
 Etot   =   -373627.6909  EKtot   =    113567.6295  EPtot      =   -487195.3204
 BOND   =      8912.8160  ANGLE   =     29923.0812  DIHED      =     20330.3548
 1-4 NB =      9241.1525  1-4 EEL =     39881.1032  VDWAALS    =     27294.6088
 EELEC  =   -623993.0878  EHBOND  =         0.0000  RESTRAINT  =         0.0000
 EKCMT  =     35378.9662  VIRIAL  =     29961.2940  VOLUME     =   1733895.0329
 CMAP   =      1214.6509
                                                    Density    =         1.0284
 Ewald error estimate:   0.7248E-04
 ------------------------------------------------------------------------------

 NMR restraints: Bond =    0.000   Angle =     0.000   Torsion =     0.000
===============================================================================

 NSTEP =    17800   TIME(PS) =      68.300  TEMP(K) =   303.65  PRESS =   -28.7
 Etot   =   -373659.3524  EKtot   =    113416.1091  EPtot      =   -487075.4616
 BOND   =      8719.1708  ANGLE   =     30127.1569  DIHED      =     20321.3992
 1-4 NB =      9270.4528  1-4 EEL =     39665.7294  VDWAALS    =     27099.9851
 EELEC  =   -623495.0961  EHBOND  =         0.0000  RESTRAINT  =         0.0000
 EKCMT  =     35346.0071  VIRIAL  =     36421.6677  VOLUME     =   1733776.1701
 CMAP   =      1215.7403
                                                    Density    =         1.0285
 Ewald error estimate:   0.2350E-04
 ------------------------------------------------------------------------------

 NMR restraints: Bond =    0.000   Angle =     0.000   Torsion =     0.000
===============================================================================

 NSTEP =    17900   TIME(PS) =      68.400  TEMP(K) =   303.80  PRESS =    56.7
 Etot   =   -373575.2459  EKtot   =    113470.4076  EPtot      =   -487045.6535
 BOND   =      8729.6077  ANGLE   =     30142.1041  DIHED      =     20255.9980
 1-4 NB =      9270.6253  1-4 EEL =     39867.6396  VDWAALS    =     27408.8604
 EELEC  =   -623921.7362  EHBOND  =         0.0000  RESTRAINT  =         0.0000
 EKCMT  =     35549.5741  VIRIAL  =     33428.1938  VOLUME     =   1733591.2591
 CMAP   =      1201.2475
                                                    Density    =         1.0286
 Ewald error estimate:   0.2816E-04
 ------------------------------------------------------------------------------

 NMR restraints: Bond =    0.000   Angle =     0.000   Torsion =     0.000
===============================================================================

 NSTEP =    18000   TIME(PS) =      68.500  TEMP(K) =   303.47  PRESS =    12.0
 Etot   =   -373698.0649  EKtot   =    113349.2144  EPtot      =   -487047.2793
 BOND   =      8789.7011  ANGLE   =     30112.2574  DIHED      =     20168.0600
 1-4 NB =      9263.1376  1-4 EEL =     39923.0001  VDWAALS    =     27501.0515
 EELEC  =   -624001.9582  EHBOND  =         0.0000  RESTRAINT  =         0.0000
 EKCMT  =     35467.6694  VIRIAL  =     35019.4927  VOLUME     =   1733816.3317
 CMAP   =      1197.4712
                                                    Density    =         1.0285
 Ewald error estimate:   0.4166E-04
 ------------------------------------------------------------------------------

 NMR restraints: Bond =    0.000   Angle =     0.000   Torsion =     0.000
===============================================================================

 NSTEP =    18100   TIME(PS) =      68.600  TEMP(K) =   304.31  PRESS =    -3.9
 Etot   =   -373668.5370  EKtot   =    113662.1145  EPtot      =   -487330.6514
 BOND   =      8744.9300  ANGLE   =     29900.3250  DIHED      =     20187.3555
 1-4 NB =      9242.9967  1-4 EEL =     40031.0293  VDWAALS    =     27003.1631
 EELEC  =   -623642.4436  EHBOND  =         0.0000  RESTRAINT  =         0.0000
 EKCMT  =     35525.4057  VIRIAL  =     35670.5368  VOLUME     =   1733543.0938
 CMAP   =      1201.9925
                                                    Density    =         1.0287
 Ewald error estimate:   0.2163E-04
 ------------------------------------------------------------------------------

 NMR restraints: Bond =    0.000   Angle =     0.000   Torsion =     0.000
===============================================================================

 NSTEP =    18200   TIME(PS) =      68.700  TEMP(K) =   303.43  PRESS =  -188.3
 Etot   =   -373768.3029  EKtot   =    113333.8693  EPtot      =   -487102.1722
 BOND   =      8915.0507  ANGLE   =     29804.5396  DIHED      =     20164.3646
 1-4 NB =      9292.7133  1-4 EEL =     39814.2351  VDWAALS    =     27066.6858
 EELEC  =   -623350.9810  EHBOND  =         0.0000  RESTRAINT  =         0.0000
 EKCMT  =     35497.3135  VIRIAL  =     42542.7665  VOLUME     =   1733377.2852
 CMAP   =      1191.2197
                                                    Density    =         1.0288
 Ewald error estimate:   0.1178E-03
 ------------------------------------------------------------------------------

 NMR restraints: Bond =    0.000   Angle =     0.000   Torsion =     0.000
===============================================================================

 NSTEP =    18300   TIME(PS) =      68.800  TEMP(K) =   303.64  PRESS =  -120.9
 Etot   =   -374115.9288  EKtot   =    113410.2021  EPtot      =   -487526.1310
 BOND   =      8727.1779  ANGLE   =     29944.8239  DIHED      =     20205.7846
 1-4 NB =      9248.9773  1-4 EEL =     39815.6407  VDWAALS    =     26808.9368
 EELEC  =   -623478.2177  EHBOND  =         0.0000  RESTRAINT  =         0.0000
 EKCMT  =     35487.5520  VIRIAL  =     40012.6068  VOLUME     =   1733312.6377
 CMAP   =      1200.7456
                                                    Density    =         1.0288
 Ewald error estimate:   0.3519E-04
 ------------------------------------------------------------------------------

 NMR restraints: Bond =    0.000   Angle =     0.000   Torsion =     0.000
===============================================================================

 NSTEP =    18400   TIME(PS) =      68.900  TEMP(K) =   303.06  PRESS =  -227.0
 Etot   =   -374411.9552  EKtot   =    113193.7068  EPtot      =   -487605.6620
 BOND   =      8731.1880  ANGLE   =     29861.6115  DIHED      =     20221.3335
 1-4 NB =      9207.6629  1-4 EEL =     39805.9563  VDWAALS    =     26401.7030
 EELEC  =   -623051.9895  EHBOND  =         0.0000  RESTRAINT  =         0.0000
 EKCMT  =     35365.5865  VIRIAL  =     43859.1837  VOLUME     =   1732854.1279
 CMAP   =      1216.8724
                                                    Density    =         1.0291
 Ewald error estimate:   0.5187E-05
 ------------------------------------------------------------------------------

 NMR restraints: Bond =    0.000   Angle =     0.000   Torsion =     0.000
===============================================================================

 NSTEP =    18500   TIME(PS) =      69.000  TEMP(K) =   303.21  PRESS =   -76.5
 Etot   =   -374461.7575  EKtot   =    113249.0684  EPtot      =   -487710.8260
 BOND   =      8701.7652  ANGLE   =     29939.5025  DIHED      =     20191.2653
 1-4 NB =      9297.5352  1-4 EEL =     39770.7817  VDWAALS    =     26543.0672
 EELEC  =   -623358.7543  EHBOND  =         0.0000  RESTRAINT  =         0.0000
 EKCMT  =     35502.9069  VIRIAL  =     38365.4416  VOLUME     =   1732528.0570
 CMAP   =      1204.0114
                                                    Density    =         1.0293
 Ewald error estimate:   0.4270E-04
 ------------------------------------------------------------------------------

 NMR restraints: Bond =    0.000   Angle =     0.000   Torsion =     0.000
===============================================================================

 NSTEP =    18600   TIME(PS) =      69.100  TEMP(K) =   302.92  PRESS =  -163.9
 Etot   =   -374342.9414  EKtot   =    113144.3444  EPtot      =   -487487.2859
 BOND   =      8717.9385  ANGLE   =     29847.6404  DIHED      =     20199.2976
 1-4 NB =      9200.3209  1-4 EEL =     39798.7743  VDWAALS    =     26846.5498
 EELEC  =   -623283.2722  EHBOND  =         0.0000  RESTRAINT  =         0.0000
 EKCMT  =     35124.1802  VIRIAL  =     41256.5366  VOLUME     =   1732469.6339
 CMAP   =      1185.4648
                                                    Density    =         1.0293
 Ewald error estimate:   0.4453E-05
 ------------------------------------------------------------------------------

 NMR restraints: Bond =    0.000   Angle =     0.000   Torsion =     0.000
===============================================================================

 NSTEP =    18700   TIME(PS) =      69.200  TEMP(K) =   302.36  PRESS =   -36.2
 Etot   =   -374294.1263  EKtot   =    112933.7461  EPtot      =   -487227.8724
 BOND   =      8701.4135  ANGLE   =     30010.0409  DIHED      =     20254.8265
 1-4 NB =      9282.0544  1-4 EEL =     39802.2451  VDWAALS    =     27181.4554
 EELEC  =   -623632.0267  EHBOND  =         0.0000  RESTRAINT  =         0.0000
 EKCMT  =     35078.8412  VIRIAL  =     36434.1643  VOLUME     =   1732228.2705
 CMAP   =      1172.1186
                                                    Density    =         1.0294
 Ewald error estimate:   0.8119E-05
 ------------------------------------------------------------------------------

 NMR restraints: Bond =    0.000   Angle =     0.000   Torsion =     0.000
===============================================================================

 NSTEP =    18800   TIME(PS) =      69.300  TEMP(K) =   302.72  PRESS =   -32.7
 Etot   =   -374300.1915  EKtot   =    113068.7081  EPtot      =   -487368.8997
 BOND   =      8678.7949  ANGLE   =     29977.2198  DIHED      =     20176.8713
 1-4 NB =      9272.3466  1-4 EEL =     39874.4329  VDWAALS    =     26476.8329
 EELEC  =   -623017.4549  EHBOND  =         0.0000  RESTRAINT  =         0.0000
 EKCMT  =     35327.1333  VIRIAL  =     36550.9252  VOLUME     =   1731897.6544
 CMAP   =      1192.0568
                                                    Density    =         1.0296
 Ewald error estimate:   0.9637E-04
 ------------------------------------------------------------------------------

 NMR restraints: Bond =    0.000   Angle =     0.000   Torsion =     0.000
===============================================================================

 NSTEP =    18900   TIME(PS) =      69.400  TEMP(K) =   302.42  PRESS =   -79.8
 Etot   =   -374446.4465  EKtot   =    112955.4583  EPtot      =   -487401.9048
 BOND   =      8648.2180  ANGLE   =     29999.4804  DIHED      =     20216.8043
 1-4 NB =      9238.5025  1-4 EEL =     39883.2739  VDWAALS    =     27297.1349
 EELEC  =   -623899.2952  EHBOND  =         0.0000  RESTRAINT  =         0.0000
 EKCMT  =     35158.6170  VIRIAL  =     38140.9828  VOLUME     =   1731617.3546
 CMAP   =      1213.9763
                                                    Density    =         1.0298
 Ewald error estimate:   0.7531E-04
 ------------------------------------------------------------------------------

 NMR restraints: Bond =    0.000   Angle =     0.000   Torsion =     0.000
===============================================================================

 NSTEP =    19000   TIME(PS) =      69.500  TEMP(K) =   302.64  PRESS =   -90.7
 Etot   =   -374448.4370  EKtot   =    113036.5564  EPtot      =   -487484.9934
 BOND   =      8623.1602  ANGLE   =     29810.0832  DIHED      =     20225.2848
 1-4 NB =      9323.4904  1-4 EEL =     39928.5203  VDWAALS    =     27062.0553
 EELEC  =   -623665.5529  EHBOND  =         0.0000  RESTRAINT  =         0.0000
 EKCMT  =     35246.4414  VIRIAL  =     38638.9594  VOLUME     =   1731597.4773
 CMAP   =      1207.9653
                                                    Density    =         1.0298
 Ewald error estimate:   0.4435E-04
 ------------------------------------------------------------------------------

 NMR restraints: Bond =    0.000   Angle =     0.000   Torsion =     0.000
===============================================================================

 NSTEP =    19100   TIME(PS) =      69.600  TEMP(K) =   302.68  PRESS =   -71.5
 Etot   =   -374379.6519  EKtot   =    113053.6785  EPtot      =   -487433.3303
 BOND   =      8608.7658  ANGLE   =     29901.2754  DIHED      =     20181.6272
 1-4 NB =      9263.6704  1-4 EEL =     39762.9375  VDWAALS    =     26817.2052
 EELEC  =   -623159.1342  EHBOND  =         0.0000  RESTRAINT  =         0.0000
 EKCMT  =     35228.9141  VIRIAL  =     37901.0585  VOLUME     =   1731326.4900
 CMAP   =      1190.3224
                                                    Density    =         1.0300
 Ewald error estimate:   0.1841E-04
 ------------------------------------------------------------------------------

 NMR restraints: Bond =    0.000   Angle =     0.000   Torsion =     0.000
===============================================================================

 NSTEP =    19200   TIME(PS) =      69.700  TEMP(K) =   303.17  PRESS =    86.5
 Etot   =   -374381.3440  EKtot   =    113236.6657  EPtot      =   -487618.0098
 BOND   =      8737.7047  ANGLE   =     29935.1081  DIHED      =     20175.1557
 1-4 NB =      9213.8680  1-4 EEL =     39779.7098  VDWAALS    =     27344.1249
 EELEC  =   -624003.2790  EHBOND  =         0.0000  RESTRAINT  =         0.0000
 EKCMT  =     35433.2418  VIRIAL  =     32199.6752  VOLUME     =   1731732.5156
 CMAP   =      1199.5981
                                                    Density    =         1.0297
 Ewald error estimate:   0.8947E-04
 ------------------------------------------------------------------------------

 NMR restraints: Bond =    0.000   Angle =     0.000   Torsion =     0.000
===============================================================================

 NSTEP =    19300   TIME(PS) =      69.800  TEMP(K) =   301.63  PRESS =  -185.5
 Etot   =   -374548.4781  EKtot   =    112660.8047  EPtot      =   -487209.2827
 BOND   =      8880.2947  ANGLE   =     30022.8627  DIHED      =     20145.4910
 1-4 NB =      9229.5040  1-4 EEL =     39794.2267  VDWAALS    =     26802.6091
 EELEC  =   -623313.8738  EHBOND  =         0.0000  RESTRAINT  =         0.0000
 EKCMT  =     34982.7107  VIRIAL  =     41918.4232  VOLUME     =   1731724.2955
 CMAP   =      1229.6030
                                                    Density    =         1.0297
 Ewald error estimate:   0.6545E-04
 ------------------------------------------------------------------------------

 NMR restraints: Bond =    0.000   Angle =     0.000   Torsion =     0.000
===============================================================================

 NSTEP =    19400   TIME(PS) =      69.900  TEMP(K) =   302.42  PRESS =   -43.1
 Etot   =   -374525.4479  EKtot   =    112954.6402  EPtot      =   -487480.0881
 BOND   =      8797.7924  ANGLE   =     29905.7287  DIHED      =     20209.6392
 1-4 NB =      9379.4707  1-4 EEL =     39808.8323  VDWAALS    =     26833.2362
 EELEC  =   -623625.0901  EHBOND  =         0.0000  RESTRAINT  =         0.0000
 EKCMT  =     35419.0296  VIRIAL  =     37030.9055  VOLUME     =   1731582.1534
 CMAP   =      1210.3025
                                                    Density    =         1.0298
 Ewald error estimate:   0.5258E-04
 ------------------------------------------------------------------------------

 NMR restraints: Bond =    0.000   Angle =     0.000   Torsion =     0.000
===============================================================================

 NSTEP =    19500   TIME(PS) =      70.000  TEMP(K) =   303.20  PRESS =    80.9
 Etot   =   -374324.4548  EKtot   =    113246.5522  EPtot      =   -487571.0071
 BOND   =      8714.0758  ANGLE   =     29762.1776  DIHED      =     20210.5438
 1-4 NB =      9262.1450  1-4 EEL =     39710.1106  VDWAALS    =     27044.0573
 EELEC  =   -623473.1456  EHBOND  =         0.0000  RESTRAINT  =         0.0000
 EKCMT  =     35367.8385  VIRIAL  =     32344.9124  VOLUME     =   1731369.9506
 CMAP   =      1199.0284
                                                    Density    =         1.0299
 Ewald error estimate:   0.7656E-04
 ------------------------------------------------------------------------------

 NMR restraints: Bond =    0.000   Angle =     0.000   Torsion =     0.000
===============================================================================

 NSTEP =    19600   TIME(PS) =      70.100  TEMP(K) =   302.89  PRESS =   -58.1
 Etot   =   -374307.8086  EKtot   =    113129.5500  EPtot      =   -487437.3586
 BOND   =      8714.9789  ANGLE   =     30049.9719  DIHED      =     20286.5178
 1-4 NB =      9225.0310  1-4 EEL =     39696.1486  VDWAALS    =     26892.4528
 EELEC  =   -623483.8748  EHBOND  =         0.0000  RESTRAINT  =         0.0000
 EKCMT  =     35395.7179  VIRIAL  =     37566.1189  VOLUME     =   1731466.8853
 CMAP   =      1181.4152
                                                    Density    =         1.0299
 Ewald error estimate:   0.7578E-06
 ------------------------------------------------------------------------------

 NMR restraints: Bond =    0.000   Angle =     0.000   Torsion =     0.000
===============================================================================

 NSTEP =    19700   TIME(PS) =      70.200  TEMP(K) =   303.12  PRESS =   -53.1
 Etot   =   -374479.9455  EKtot   =    113217.7773  EPtot      =   -487697.7228
 BOND   =      8815.1229  ANGLE   =     29992.1086  DIHED      =     20203.4261
 1-4 NB =      9331.9487  1-4 EEL =     39663.0300  VDWAALS    =     27349.6208
 EELEC  =   -624219.1341  EHBOND  =         0.0000  RESTRAINT  =         0.0000
 EKCMT  =     35249.1113  VIRIAL  =     37234.6749  VOLUME     =   1731314.3708
 CMAP   =      1166.1542
                                                    Density    =         1.0300
 Ewald error estimate:   0.6528E-04
 ------------------------------------------------------------------------------

 NMR restraints: Bond =    0.000   Angle =     0.000   Torsion =     0.000
===============================================================================

 NSTEP =    19800   TIME(PS) =      70.300  TEMP(K) =   302.82  PRESS =   -78.4
 Etot   =   -374426.5512  EKtot   =    113106.0802  EPtot      =   -487532.6314
 BOND   =      8750.9034  ANGLE   =     29742.8759  DIHED      =     20305.7985
 1-4 NB =      9326.1743  1-4 EEL =     39916.7890  VDWAALS    =     27039.5358
 EELEC  =   -623812.2601  EHBOND  =         0.0000  RESTRAINT  =         0.0000
 EKCMT  =     35361.4483  VIRIAL  =     38290.3576  VOLUME     =   1731277.0574
 CMAP   =      1197.5516
                                                    Density    =         1.0300
 Ewald error estimate:   0.3012E-04
 ------------------------------------------------------------------------------

 NMR restraints: Bond =    0.000   Angle =     0.000   Torsion =     0.000
===============================================================================

 NSTEP =    19900   TIME(PS) =      70.400  TEMP(K) =   302.90  PRESS =    46.7
 Etot   =   -374534.7523  EKtot   =    113135.8875  EPtot      =   -487670.6397
 BOND   =      8716.7266  ANGLE   =     29958.9427  DIHED      =     20188.9540
 1-4 NB =      9298.2417  1-4 EEL =     40009.1158  VDWAALS    =     27446.8779
 EELEC  =   -624506.9244  EHBOND  =         0.0000  RESTRAINT  =         0.0000
 EKCMT  =     35444.4705  VIRIAL  =     33699.9469  VOLUME     =   1731280.8766
 CMAP   =      1217.4259
                                                    Density    =         1.0300
 Ewald error estimate:   0.2567E-04
 ------------------------------------------------------------------------------

 NMR restraints: Bond =    0.000   Angle =     0.000   Torsion =     0.000
===============================================================================

 NSTEP =    20000   TIME(PS) =      70.500  TEMP(K) =   303.07  PRESS =    62.2
 Etot   =   -374723.1747  EKtot   =    113197.2000  EPtot      =   -487920.3747
 BOND   =      8809.0792  ANGLE   =     29705.7347  DIHED      =     20260.1976
 1-4 NB =      9237.0429  1-4 EEL =     39906.6390  VDWAALS    =     27171.2462
 EELEC  =   -624252.6827  EHBOND  =         0.0000  RESTRAINT  =         0.0000
 EKCMT  =     35553.0177  VIRIAL  =     33227.8676  VOLUME     =   1731434.9682
 CMAP   =      1242.3682
                                                    Density    =         1.0299
 Ewald error estimate:   0.1871E-04
 ------------------------------------------------------------------------------

 NMR restraints: Bond =    0.000   Angle =     0.000   Torsion =     0.000
===============================================================================

 NSTEP =    20100   TIME(PS) =      70.600  TEMP(K) =   303.19  PRESS =   121.6
 Etot   =   -374567.6485  EKtot   =    113242.7152  EPtot      =   -487810.3637
 BOND   =      8670.2839  ANGLE   =     29907.1674  DIHED      =     20156.6222
 1-4 NB =      9312.0565  1-4 EEL =     39838.0863  VDWAALS    =     27200.3900
 EELEC  =   -624089.5168  EHBOND  =         0.0000  RESTRAINT  =         0.0000
 EKCMT  =     35483.7343  VIRIAL  =     30938.5765  VOLUME     =   1731443.6789
 CMAP   =      1194.5468
                                                    Density    =         1.0299
 Ewald error estimate:   0.5138E-04
 ------------------------------------------------------------------------------

 NMR restraints: Bond =    0.000   Angle =     0.000   Torsion =     0.000
===============================================================================

 NSTEP =    20200   TIME(PS) =      70.700  TEMP(K) =   303.23  PRESS =     7.2
 Etot   =   -374260.2310  EKtot   =    113258.4931  EPtot      =   -487518.7241
 BOND   =      8731.9000  ANGLE   =     30026.1379  DIHED      =     20269.7331
 1-4 NB =      9306.9607  1-4 EEL =     39963.3908  VDWAALS    =     27256.6720
 EELEC  =   -624275.9016  EHBOND  =         0.0000  RESTRAINT  =         0.0000
 EKCMT  =     35393.7072  VIRIAL  =     35123.2628  VOLUME     =   1731528.3194
 CMAP   =      1202.3830
                                                    Density    =         1.0299
 Ewald error estimate:   0.4236E-04
 ------------------------------------------------------------------------------

 NMR restraints: Bond =    0.000   Angle =     0.000   Torsion =     0.000
===============================================================================

 NSTEP =    20300   TIME(PS) =      70.800  TEMP(K) =   302.83  PRESS =   -74.1
 Etot   =   -374075.5555  EKtot   =    113108.2849  EPtot      =   -487183.8404
 BOND   =      8783.9154  ANGLE   =     30106.2234  DIHED      =     20249.3511
 1-4 NB =      9324.7429  1-4 EEL =     39570.9753  VDWAALS    =     26954.6718
 EELEC  =   -623385.9026  EHBOND  =         0.0000  RESTRAINT  =         0.0000
 EKCMT  =     35490.8992  VIRIAL  =     38261.7934  VOLUME     =   1731672.3092
 CMAP   =      1212.1822
                                                    Density    =         1.0298
 Ewald error estimate:   0.6686E-04
 ------------------------------------------------------------------------------

 NMR restraints: Bond =    0.000   Angle =     0.000   Torsion =     0.000
===============================================================================

 NSTEP =    20400   TIME(PS) =      70.900  TEMP(K) =   303.16  PRESS =   -46.8
 Etot   =   -374453.8897  EKtot   =    113232.6971  EPtot      =   -487686.5868
 BOND   =      8651.9601  ANGLE   =     29856.7561  DIHED      =     20264.4059
 1-4 NB =      9322.1791  1-4 EEL =     39902.8852  VDWAALS    =     27001.2382
 EELEC  =   -623889.5302  EHBOND  =         0.0000  RESTRAINT  =         0.0000
 EKCMT  =     35263.3543  VIRIAL  =     37012.9190  VOLUME     =   1731492.2068
 CMAP   =      1203.5186
                                                    Density    =         1.0299
 Ewald error estimate:   0.1274E-04
 ------------------------------------------------------------------------------

 NMR restraints: Bond =    0.000   Angle =     0.000   Torsion =     0.000
===============================================================================

 NSTEP =    20500   TIME(PS) =      71.000  TEMP(K) =   303.09  PRESS =   -15.8
 Etot   =   -374370.5302  EKtot   =    113207.7713  EPtot      =   -487578.3016
 BOND   =      8735.2454  ANGLE   =     30031.5509  DIHED      =     20250.4522
 1-4 NB =      9247.7798  1-4 EEL =     39781.6889  VDWAALS    =     26714.2140
 EELEC  =   -623529.0413  EHBOND  =         0.0000  RESTRAINT  =         0.0000
 EKCMT  =     35239.1406  VIRIAL  =     35830.9738  VOLUME     =   1731341.7427
 CMAP   =      1189.8084
                                                    Density    =         1.0300
 Ewald error estimate:   0.9596E-05
 ------------------------------------------------------------------------------

 NMR restraints: Bond =    0.000   Angle =     0.000   Torsion =     0.000
===============================================================================

 NSTEP =    20600   TIME(PS) =      71.100  TEMP(K) =   303.62  PRESS =    38.6
 Etot   =   -374243.7706  EKtot   =    113404.7787  EPtot      =   -487648.5493
 BOND   =      8855.5370  ANGLE   =     30029.5582  DIHED      =     20247.9415
 1-4 NB =      9257.8163  1-4 EEL =     39872.5043  VDWAALS    =     27088.2283
 EELEC  =   -624207.4105  EHBOND  =         0.0000  RESTRAINT  =         0.0000
 EKCMT  =     35491.9654  VIRIAL  =     34050.3350  VOLUME     =   1731343.2117
 CMAP   =      1207.2755
                                                    Density    =         1.0300
 Ewald error estimate:   0.5010E-04
 ------------------------------------------------------------------------------

 NMR restraints: Bond =    0.000   Angle =     0.000   Torsion =     0.000
===============================================================================

 NSTEP =    20700   TIME(PS) =      71.200  TEMP(K) =   303.69  PRESS =  -118.4
 Etot   =   -374085.9810  EKtot   =    113430.0550  EPtot      =   -487516.0359
 BOND   =      8927.2220  ANGLE   =     29983.6487  DIHED      =     20242.1674
 1-4 NB =      9246.8793  1-4 EEL =     39731.3099  VDWAALS    =     27262.5428
 EELEC  =   -624129.8324  EHBOND  =         0.0000  RESTRAINT  =         0.0000
 EKCMT  =     35543.7232  VIRIAL  =     39970.6659  VOLUME     =   1731357.7523
 CMAP   =      1220.0263
                                                    Density    =         1.0300
 Ewald error estimate:   0.1367E-04
 ------------------------------------------------------------------------------

 NMR restraints: Bond =    0.000   Angle =     0.000   Torsion =     0.000
===============================================================================

 NSTEP =    20800   TIME(PS) =      71.300  TEMP(K) =   304.19  PRESS =    37.7
 Etot   =   -374170.1242  EKtot   =    113616.4913  EPtot      =   -487786.6155
 BOND   =      8723.1617  ANGLE   =     29951.3734  DIHED      =     20167.8009
 1-4 NB =      9312.2943  1-4 EEL =     39963.9900  VDWAALS    =     27090.6748
 EELEC  =   -624205.8233  EHBOND  =         0.0000  RESTRAINT  =         0.0000
 EKCMT  =     35579.5235  VIRIAL  =     34168.3952  VOLUME     =   1731328.3620
 CMAP   =      1209.9127
                                                    Density    =         1.0300
 Ewald error estimate:   0.1516E-04
 ------------------------------------------------------------------------------

 NMR restraints: Bond =    0.000   Angle =     0.000   Torsion =     0.000
===============================================================================

 NSTEP =    20900   TIME(PS) =      71.400  TEMP(K) =   302.88  PRESS =   -89.1
 Etot   =   -374315.1440  EKtot   =    113128.0356  EPtot      =   -487443.1796
 BOND   =      8848.5307  ANGLE   =     29972.7223  DIHED      =     20215.2645
 1-4 NB =      9186.0098  1-4 EEL =     39843.0000  VDWAALS    =     26842.1251
 EELEC  =   -623545.4974  EHBOND  =         0.0000  RESTRAINT  =         0.0000
 EKCMT  =     35252.4966  VIRIAL  =     38582.5410  VOLUME     =   1731271.8291
 CMAP   =      1194.6653
                                                    Density    =         1.0300
 Ewald error estimate:   0.6685E-06
 ------------------------------------------------------------------------------

 NMR restraints: Bond =    0.000   Angle =     0.000   Torsion =     0.000
===============================================================================

 NSTEP =    21000   TIME(PS) =      71.500  TEMP(K) =   303.78  PRESS =   -74.2
 Etot   =   -374245.7121  EKtot   =    113462.9459  EPtot      =   -487708.6580
 BOND   =      8671.7693  ANGLE   =     29895.6812  DIHED      =     20326.5303
 1-4 NB =      9290.5979  1-4 EEL =     39959.0338  VDWAALS    =     26899.8243
 EELEC  =   -623962.8210  EHBOND  =         0.0000  RESTRAINT  =         0.0000
 EKCMT  =     35331.9317  VIRIAL  =     38104.9155  VOLUME     =   1731370.6372
 CMAP   =      1210.7262
                                                    Density    =         1.0299
 Ewald error estimate:   0.7087E-04
 ------------------------------------------------------------------------------

 NMR restraints: Bond =    0.000   Angle =     0.000   Torsion =     0.000
===============================================================================

 NSTEP =    21100   TIME(PS) =      71.600  TEMP(K) =   303.49  PRESS =  -116.7
 Etot   =   -374222.0476  EKtot   =    113356.0007  EPtot      =   -487578.0483
 BOND   =      8799.9720  ANGLE   =     29979.9184  DIHED      =     20234.8453
 1-4 NB =      9214.6171  1-4 EEL =     39884.4696  VDWAALS    =     27192.8781
 EELEC  =   -624096.1349  EHBOND  =         0.0000  RESTRAINT  =         0.0000
 EKCMT  =     35362.9826  VIRIAL  =     39725.4648  VOLUME     =   1731395.1277
 CMAP   =      1211.3861
                                                    Density    =         1.0299
 Ewald error estimate:   0.6338E-04
 ------------------------------------------------------------------------------

 NMR restraints: Bond =    0.000   Angle =     0.000   Torsion =     0.000
===============================================================================

 NSTEP =    21200   TIME(PS) =      71.700  TEMP(K) =   303.11  PRESS =   -58.6
 Etot   =   -374066.7617  EKtot   =    113211.8691  EPtot      =   -487278.6308
 BOND   =      8740.0654  ANGLE   =     30084.0234  DIHED      =     20127.0735
 1-4 NB =      9249.9282  1-4 EEL =     39828.4070  VDWAALS    =     26653.8821
 EELEC  =   -623166.7111  EHBOND  =         0.0000  RESTRAINT  =         0.0000
 EKCMT  =     35309.1125  VIRIAL  =     37501.1790  VOLUME     =   1731052.4991
 CMAP   =      1204.7007
                                                    Density    =         1.0301
 Ewald error estimate:   0.3467E-04
 ------------------------------------------------------------------------------

 NMR restraints: Bond =    0.000   Angle =     0.000   Torsion =     0.000
===============================================================================

 NSTEP =    21300   TIME(PS) =      71.800  TEMP(K) =   303.81  PRESS =   110.3
 Etot   =   -374015.6901  EKtot   =    113474.6130  EPtot      =   -487490.3031
 BOND   =      8826.0629  ANGLE   =     29940.7196  DIHED      =     20130.8533
 1-4 NB =      9209.7319  1-4 EEL =     39597.8925  VDWAALS    =     26899.6305
 EELEC  =   -623298.1219  EHBOND  =         0.0000  RESTRAINT  =         0.0000
 EKCMT  =     35400.3881  VIRIAL  =     31277.3903  VOLUME     =   1731096.7965
 CMAP   =      1202.9281
                                                    Density    =         1.0301
 Ewald error estimate:   0.2628E-04
 ------------------------------------------------------------------------------

 NMR restraints: Bond =    0.000   Angle =     0.000   Torsion =     0.000
===============================================================================

 NSTEP =    21400   TIME(PS) =      71.900  TEMP(K) =   303.11  PRESS =  -179.0
 Etot   =   -374410.7231  EKtot   =    113213.1084  EPtot      =   -487623.8315
 BOND   =      8796.1977  ANGLE   =     30013.7538  DIHED      =     20224.3440
 1-4 NB =      9281.2639  1-4 EEL =     39772.1901  VDWAALS    =     26628.9852
 EELEC  =   -623547.6644  EHBOND  =         0.0000  RESTRAINT  =         0.0000
 EKCMT  =     35331.2713  VIRIAL  =     42021.8941  VOLUME     =   1731008.6439
 CMAP   =      1207.0982
                                                    Density    =         1.0302
 Ewald error estimate:   0.6951E-04
 ------------------------------------------------------------------------------

 NMR restraints: Bond =    0.000   Angle =     0.000   Torsion =     0.000
===============================================================================

 NSTEP =    21500   TIME(PS) =      72.000  TEMP(K) =   303.67  PRESS =   -21.2
 Etot   =   -374589.6701  EKtot   =    113422.2628  EPtot      =   -488011.9329
 BOND   =      8690.5677  ANGLE   =     29913.1321  DIHED      =     20250.7842
 1-4 NB =      9211.5264  1-4 EEL =     39753.2890  VDWAALS    =     26697.9139
 EELEC  =   -623750.2770  EHBOND  =         0.0000  RESTRAINT  =         0.0000
 EKCMT  =     35512.7875  VIRIAL  =     36304.2949  VOLUME     =   1730617.0228
 CMAP   =      1221.1309
                                                    Density    =         1.0304
 Ewald error estimate:   0.4203E-04
 ------------------------------------------------------------------------------

 NMR restraints: Bond =    0.000   Angle =     0.000   Torsion =     0.000
===============================================================================

 NSTEP =    21600   TIME(PS) =      72.100  TEMP(K) =   302.52  PRESS =    22.7
 Etot   =   -374619.4737  EKtot   =    112993.2414  EPtot      =   -487612.7151
 BOND   =      8667.9213  ANGLE   =     29877.1752  DIHED      =     20234.0760
 1-4 NB =      9216.4988  1-4 EEL =     39734.3902  VDWAALS    =     26923.8003
 EELEC  =   -623459.2633  EHBOND  =         0.0000  RESTRAINT  =         0.0000
 EKCMT  =     35306.4843  VIRIAL  =     34458.1628  VOLUME     =   1730738.9662
 CMAP   =      1192.6864
                                                    Density    =         1.0303
 Ewald error estimate:   0.3539E-04
 ------------------------------------------------------------------------------

 NMR restraints: Bond =    0.000   Angle =     0.000   Torsion =     0.000
===============================================================================

 NSTEP =    21700   TIME(PS) =      72.200  TEMP(K) =   302.73  PRESS =  -196.9
 Etot   =   -374457.1338  EKtot   =    113073.3273  EPtot      =   -487530.4611
 BOND   =      8752.0632  ANGLE   =     30006.9772  DIHED      =     20202.5740
 1-4 NB =      9222.8832  1-4 EEL =     39725.9459  VDWAALS    =     26707.3219
 EELEC  =   -623378.8588  EHBOND  =         0.0000  RESTRAINT  =         0.0000
 EKCMT  =     35358.6221  VIRIAL  =     42713.4337  VOLUME     =   1730315.5792
 CMAP   =      1230.6324
                                                    Density    =         1.0306
 Ewald error estimate:   0.1404E-04
 ------------------------------------------------------------------------------

 NMR restraints: Bond =    0.000   Angle =     0.000   Torsion =     0.000
===============================================================================

 NSTEP =    21800   TIME(PS) =      72.300  TEMP(K) =   303.50  PRESS =    39.8
 Etot   =   -374338.1716  EKtot   =    113359.0048  EPtot      =   -487697.1765
 BOND   =      8710.3585  ANGLE   =     29846.2129  DIHED      =     20238.3524
 1-4 NB =      9282.8971  1-4 EEL =     39783.8432  VDWAALS    =     26674.3990
 EELEC  =   -623415.9286  EHBOND  =         0.0000  RESTRAINT  =         0.0000
 EKCMT  =     35255.1426  VIRIAL  =     33768.8517  VOLUME     =   1729889.8495
 CMAP   =      1182.6889
                                                    Density    =         1.0308
 Ewald error estimate:   0.8439E-04
 ------------------------------------------------------------------------------

 NMR restraints: Bond =    0.000   Angle =     0.000   Torsion =     0.000
===============================================================================

 NSTEP =    21900   TIME(PS) =      72.400  TEMP(K) =   304.12  PRESS =    72.8
 Etot   =   -374145.8437  EKtot   =    113591.1570  EPtot      =   -487737.0007
 BOND   =      8764.5615  ANGLE   =     29896.9105  DIHED      =     20312.7157
 1-4 NB =      9273.9699  1-4 EEL =     39615.5634  VDWAALS    =     27098.6228
 EELEC  =   -623892.9870  EHBOND  =         0.0000  RESTRAINT  =         0.0000
 EKCMT  =     35569.2865  VIRIAL  =     32851.3109  VOLUME     =   1729803.8040
 CMAP   =      1193.6425
                                                    Density    =         1.0309
 Ewald error estimate:   0.3487E-04
 ------------------------------------------------------------------------------

 NMR restraints: Bond =    0.000   Angle =     0.000   Torsion =     0.000
===============================================================================

 NSTEP =    22000   TIME(PS) =      72.500  TEMP(K) =   303.51  PRESS =    13.4
 Etot   =   -374195.8608  EKtot   =    113363.5293  EPtot      =   -487559.3901
 BOND   =      8638.3238  ANGLE   =     29873.7303  DIHED      =     20303.4635
 1-4 NB =      9289.3894  1-4 EEL =     39967.2046  VDWAALS    =     26936.5960
 EELEC  =   -623761.6086  EHBOND  =         0.0000  RESTRAINT  =         0.0000
 EKCMT  =     35561.5591  VIRIAL  =     35059.7935  VOLUME     =   1729802.0442
 CMAP   =      1193.5108
                                                    Density    =         1.0309
 Ewald error estimate:   0.7463E-04
 ------------------------------------------------------------------------------

 NMR restraints: Bond =    0.000   Angle =     0.000   Torsion =     0.000
===============================================================================

 NSTEP =    22100   TIME(PS) =      72.600  TEMP(K) =   302.77  PRESS =   -76.5
 Etot   =   -374286.7912  EKtot   =    113088.3040  EPtot      =   -487375.0953
 BOND   =      8745.4908  ANGLE   =     29879.4169  DIHED      =     20174.1533
 1-4 NB =      9294.4184  1-4 EEL =     39697.5426  VDWAALS    =     27290.2220
 EELEC  =   -623658.7889  EHBOND  =         0.0000  RESTRAINT  =         0.0000
 EKCMT  =     35257.6422  VIRIAL  =     38114.6903  VOLUME     =   1729843.2744
 CMAP   =      1202.4497
                                                    Density    =         1.0309
 Ewald error estimate:   0.1471E-04
 ------------------------------------------------------------------------------

 NMR restraints: Bond =    0.000   Angle =     0.000   Torsion =     0.000
===============================================================================

 NSTEP =    22200   TIME(PS) =      72.700  TEMP(K) =   302.99  PRESS =   -55.9
 Etot   =   -374290.8764  EKtot   =    113170.0831  EPtot      =   -487460.9594
 BOND   =      8722.1420  ANGLE   =     29899.1760  DIHED      =     20153.9322
 1-4 NB =      9265.9813  1-4 EEL =     39795.5323  VDWAALS    =     27091.0057
 EELEC  =   -623608.2431  EHBOND  =         0.0000  RESTRAINT  =         0.0000
 EKCMT  =     35313.4756  VIRIAL  =     37400.9058  VOLUME     =   1729635.0780
 CMAP   =      1219.5141
                                                    Density    =         1.0310
 Ewald error estimate:   0.5210E-04
 ------------------------------------------------------------------------------

 NMR restraints: Bond =    0.000   Angle =     0.000   Torsion =     0.000
===============================================================================

 NSTEP =    22300   TIME(PS) =      72.800  TEMP(K) =   303.04  PRESS =   -31.6
 Etot   =   -374282.0006  EKtot   =    113187.2613  EPtot      =   -487469.2619
 BOND   =      8826.7148  ANGLE   =     30103.8171  DIHED      =     20243.4093
 1-4 NB =      9242.6899  1-4 EEL =     39923.0427  VDWAALS    =     26864.5420
 EELEC  =   -623880.0207  EHBOND  =         0.0000  RESTRAINT  =         0.0000
 EKCMT  =     35405.0664  VIRIAL  =     36585.7942  VOLUME     =   1729396.3781
 CMAP   =      1206.5429
                                                    Density    =         1.0311
 Ewald error estimate:   0.1962E-05
 ------------------------------------------------------------------------------

 NMR restraints: Bond =    0.000   Angle =     0.000   Torsion =     0.000
===============================================================================

 NSTEP =    22400   TIME(PS) =      72.900  TEMP(K) =   303.86  PRESS =   -41.4
 Etot   =   -374144.9391  EKtot   =    113491.9566  EPtot      =   -487636.8957
 BOND   =      8785.5102  ANGLE   =     29962.9264  DIHED      =     20129.2560
 1-4 NB =      9249.9913  1-4 EEL =     39704.0569  VDWAALS    =     27094.4648
 EELEC  =   -623767.5507  EHBOND  =         0.0000  RESTRAINT  =         0.0000
 EKCMT  =     35403.4685  VIRIAL  =     36950.5840  VOLUME     =   1729667.0278
 CMAP   =      1204.4495
                                                    Density    =         1.0310
 Ewald error estimate:   0.2791E-04
 ------------------------------------------------------------------------------

 NMR restraints: Bond =    0.000   Angle =     0.000   Torsion =     0.000
===============================================================================

 NSTEP =    22500   TIME(PS) =      73.000  TEMP(K) =   303.18  PRESS =    77.8
 Etot   =   -374057.7100  EKtot   =    113241.5147  EPtot      =   -487299.2247
 BOND   =      8959.2549  ANGLE   =     29871.5055  DIHED      =     20147.8788
 1-4 NB =      9245.8019  1-4 EEL =     39751.3791  VDWAALS    =     26930.1601
 EELEC  =   -623447.7045  EHBOND  =         0.0000  RESTRAINT  =         0.0000
 EKCMT  =     35313.9503  VIRIAL  =     32408.3048  VOLUME     =   1729611.0495
 CMAP   =      1242.4994
                                                    Density    =         1.0310
 Ewald error estimate:   0.2261E-04
 ------------------------------------------------------------------------------

 NMR restraints: Bond =    0.000   Angle =     0.000   Torsion =     0.000
===============================================================================

 NSTEP =    22600   TIME(PS) =      73.100  TEMP(K) =   303.95  PRESS =     8.7
 Etot   =   -373964.1644  EKtot   =    113526.1348  EPtot      =   -487490.2992
 BOND   =      8794.6306  ANGLE   =     29910.9751  DIHED      =     20166.2139
 1-4 NB =      9304.2628  1-4 EEL =     39791.5220  VDWAALS    =     27108.7438
 EELEC  =   -623768.8434  EHBOND  =         0.0000  RESTRAINT  =         0.0000
 EKCMT  =     35366.2959  VIRIAL  =     35042.2179  VOLUME     =   1729492.0869
 CMAP   =      1202.1959
                                                    Density    =         1.0311
 Ewald error estimate:   0.4701E-04
 ------------------------------------------------------------------------------

 NMR restraints: Bond =    0.000   Angle =     0.000   Torsion =     0.000
===============================================================================

 NSTEP =    22700   TIME(PS) =      73.200  TEMP(K) =   304.04  PRESS =   -98.1
 Etot   =   -373997.5303  EKtot   =    113561.4598  EPtot      =   -487558.9902
 BOND   =      8683.1276  ANGLE   =     30019.5997  DIHED      =     20148.4145
 1-4 NB =      9308.0034  1-4 EEL =     39660.8656  VDWAALS    =     26350.2282
 EELEC  =   -622943.9792  EHBOND  =         0.0000  RESTRAINT  =         0.0000
 EKCMT  =     35537.5850  VIRIAL  =     39200.7903  VOLUME     =   1729233.4069
 CMAP   =      1214.7501
                                                    Density    =         1.0312
 Ewald error estimate:   0.2595E-05
 ------------------------------------------------------------------------------

 NMR restraints: Bond =    0.000   Angle =     0.000   Torsion =     0.000
===============================================================================

 NSTEP =    22800   TIME(PS) =      73.300  TEMP(K) =   303.73  PRESS =  -149.0
 Etot   =   -373954.7160  EKtot   =    113446.2109  EPtot      =   -487400.9269
 BOND   =      8805.9396  ANGLE   =     29946.2346  DIHED      =     20180.2915
 1-4 NB =      9232.1050  1-4 EEL =     39745.6580  VDWAALS    =     26655.5886
 EELEC  =   -623165.0139  EHBOND  =         0.0000  RESTRAINT  =         0.0000
 EKCMT  =     35329.5700  VIRIAL  =     40890.8060  VOLUME     =   1729104.7497
 CMAP   =      1198.2696
                                                    Density    =         1.0313
 Ewald error estimate:   0.5012E-04
 ------------------------------------------------------------------------------

 NMR restraints: Bond =    0.000   Angle =     0.000   Torsion =     0.000
===============================================================================

 NSTEP =    22900   TIME(PS) =      73.400  TEMP(K) =   304.59  PRESS =  -151.0
 Etot   =   -374081.9985  EKtot   =    113767.3853  EPtot      =   -487849.3838
 BOND   =      8736.7358  ANGLE   =     29766.6653  DIHED      =     20207.5320
 1-4 NB =      9250.4654  1-4 EEL =     39808.6828  VDWAALS    =     26613.1827
 EELEC  =   -623463.8389  EHBOND  =         0.0000  RESTRAINT  =         0.0000
 EKCMT  =     35510.6929  VIRIAL  =     41145.1622  VOLUME     =   1728737.3739
 CMAP   =      1231.1911
                                                    Density    =         1.0315
 Ewald error estimate:   0.1091E-04
 ------------------------------------------------------------------------------

 NMR restraints: Bond =    0.000   Angle =     0.000   Torsion =     0.000
===============================================================================

 NSTEP =    23000   TIME(PS) =      73.500  TEMP(K) =   303.40  PRESS =   133.3
 Etot   =   -374111.5665  EKtot   =    113323.5974  EPtot      =   -487435.1639
 BOND   =      8746.4607  ANGLE   =     29896.6478  DIHED      =     20154.9642
 1-4 NB =      9237.1663  1-4 EEL =     39771.6182  VDWAALS    =     27293.9356
 EELEC  =   -623744.5815  EHBOND  =         0.0000  RESTRAINT  =         0.0000
 EKCMT  =     35297.5523  VIRIAL  =     30322.3183  VOLUME     =   1728692.4857
 CMAP   =      1208.6249
                                                    Density    =         1.0315
 Ewald error estimate:   0.2273E-04
 ------------------------------------------------------------------------------

 NMR restraints: Bond =    0.000   Angle =     0.000   Torsion =     0.000
===============================================================================

 NSTEP =    23100   TIME(PS) =      73.600  TEMP(K) =   303.61  PRESS =   -44.1
 Etot   =   -374261.0098  EKtot   =    113401.8716  EPtot      =   -487662.8814
 BOND   =      8711.7779  ANGLE   =     30096.2116  DIHED      =     20203.9511
 1-4 NB =      9238.7502  1-4 EEL =     39830.0188  VDWAALS    =     27145.2729
 EELEC  =   -624107.1826  EHBOND  =         0.0000  RESTRAINT  =         0.0000
 EKCMT  =     35527.0090  VIRIAL  =     37171.4736  VOLUME     =   1728793.2348
 CMAP   =      1218.3187
                                                    Density    =         1.0315
 Ewald error estimate:   0.2953E-04
 ------------------------------------------------------------------------------

 NMR restraints: Bond =    0.000   Angle =     0.000   Torsion =     0.000
===============================================================================

 NSTEP =    23200   TIME(PS) =      73.700  TEMP(K) =   304.11  PRESS =   -15.4
 Etot   =   -374156.3093  EKtot   =    113588.4657  EPtot      =   -487744.7750
 BOND   =      8782.9717  ANGLE   =     30091.7342  DIHED      =     20092.7313
 1-4 NB =      9207.1789  1-4 EEL =     39646.7836  VDWAALS    =     26820.6501
 EELEC  =   -623581.7771  EHBOND  =         0.0000  RESTRAINT  =         0.0000
 EKCMT  =     35663.8739  VIRIAL  =     36237.5666  VOLUME     =   1728670.2680
 CMAP   =      1194.9523
                                                    Density    =         1.0316
 Ewald error estimate:   0.4202E-05
 ------------------------------------------------------------------------------

 NMR restraints: Bond =    0.000   Angle =     0.000   Torsion =     0.000
===============================================================================

 NSTEP =    23300   TIME(PS) =      73.800  TEMP(K) =   303.49  PRESS =   100.4
 Etot   =   -374095.0958  EKtot   =    113357.2794  EPtot      =   -487452.3752
 BOND   =      8701.1682  ANGLE   =     29925.0904  DIHED      =     20209.9659
 1-4 NB =      9297.0206  1-4 EEL =     39871.5253  VDWAALS    =     27016.2120
 EELEC  =   -623674.4848  EHBOND  =         0.0000  RESTRAINT  =         0.0000
 EKCMT  =     35414.5064  VIRIAL  =     31666.3820  VOLUME     =   1728886.8772
 CMAP   =      1201.1271
                                                    Density    =         1.0314
 Ewald error estimate:   0.4472E-04
 ------------------------------------------------------------------------------

 NMR restraints: Bond =    0.000   Angle =     0.000   Torsion =     0.000
===============================================================================

 NSTEP =    23400   TIME(PS) =      73.900  TEMP(K) =   303.76  PRESS =   -24.0
 Etot   =   -374008.2974  EKtot   =    113454.7858  EPtot      =   -487463.0832
 BOND   =      8805.0319  ANGLE   =     30034.5693  DIHED      =     20120.9351
 1-4 NB =      9309.6265  1-4 EEL =     39918.2714  VDWAALS    =     26902.1671
 EELEC  =   -623768.0765  EHBOND  =         0.0000  RESTRAINT  =         0.0000
 EKCMT  =     35358.2980  VIRIAL  =     36254.4096  VOLUME     =   1729249.3886
 CMAP   =      1214.3921
                                                    Density    =         1.0312
 Ewald error estimate:   0.5424E-04
 ------------------------------------------------------------------------------

 NMR restraints: Bond =    0.000   Angle =     0.000   Torsion =     0.000
===============================================================================

 NSTEP =    23500   TIME(PS) =      74.000  TEMP(K) =   304.50  PRESS =    67.5
 Etot   =   -374135.9541  EKtot   =    113732.3278  EPtot      =   -487868.2819
 BOND   =      8770.4313  ANGLE   =     29928.5546  DIHED      =     20144.3197
 1-4 NB =      9270.9661  1-4 EEL =     39895.1527  VDWAALS    =     27084.2745
 EELEC  =   -624169.2242  EHBOND  =         0.0000  RESTRAINT  =         0.0000
 EKCMT  =     35596.6943  VIRIAL  =     33077.8107  VOLUME     =   1729184.9326
 CMAP   =      1207.2434
                                                    Density    =         1.0313
 Ewald error estimate:   0.1093E-04
 ------------------------------------------------------------------------------

 NMR restraints: Bond =    0.000   Angle =     0.000   Torsion =     0.000
===============================================================================

 NSTEP =    23600   TIME(PS) =      74.100  TEMP(K) =   303.32  PRESS =    42.4
 Etot   =   -374038.4372  EKtot   =    113291.3556  EPtot      =   -487329.7927
 BOND   =      8693.9850  ANGLE   =     30073.6576  DIHED      =     20238.0049
 1-4 NB =      9294.9006  1-4 EEL =     39823.4669  VDWAALS    =     27591.2667
 EELEC  =   -624252.0513  EHBOND  =         0.0000  RESTRAINT  =         0.0000
 EKCMT  =     35371.8113  VIRIAL  =     33788.3628  VOLUME     =   1729473.3999
 CMAP   =      1206.9768
                                                    Density    =         1.0311
 Ewald error estimate:   0.2624E-04
 ------------------------------------------------------------------------------

 NMR restraints: Bond =    0.000   Angle =     0.000   Torsion =     0.000
===============================================================================

 NSTEP =    23700   TIME(PS) =      74.200  TEMP(K) =   304.06  PRESS =    16.8
 Etot   =   -374019.6080  EKtot   =    113567.0857  EPtot      =   -487586.6937
 BOND   =      8718.5976  ANGLE   =     30054.9864  DIHED      =     20184.5215
 1-4 NB =      9336.0154  1-4 EEL =     39886.0520  VDWAALS    =     26709.6138
 EELEC  =   -623682.5173  EHBOND  =         0.0000  RESTRAINT  =         0.0000
 EKCMT  =     35565.9574  VIRIAL  =     34937.7605  VOLUME     =   1729776.0219
 CMAP   =      1206.0370
                                                    Density    =         1.0309
 Ewald error estimate:   0.2848E-04
 ------------------------------------------------------------------------------

 NMR restraints: Bond =    0.000   Angle =     0.000   Torsion =     0.000
===============================================================================

 NSTEP =    23800   TIME(PS) =      74.300  TEMP(K) =   303.80  PRESS =   -61.6
 Etot   =   -374068.3888  EKtot   =    113472.8863  EPtot      =   -487541.2751
 BOND   =      8807.7884  ANGLE   =     30003.6534  DIHED      =     20189.9853
 1-4 NB =      9237.1461  1-4 EEL =     39953.1385  VDWAALS    =     27744.6794
 EELEC  =   -624683.8034  EHBOND  =         0.0000  RESTRAINT  =         0.0000
 EKCMT  =     35529.7248  VIRIAL  =     37830.5271  VOLUME     =   1729715.1035
 CMAP   =      1206.1373
                                                    Density    =         1.0309
 Ewald error estimate:   0.3201E-04
 ------------------------------------------------------------------------------

 NMR restraints: Bond =    0.000   Angle =     0.000   Torsion =     0.000
===============================================================================

 NSTEP =    23900   TIME(PS) =      74.400  TEMP(K) =   303.64  PRESS =    30.8
 Etot   =   -374244.2001  EKtot   =    113413.1987  EPtot      =   -487657.3988
 BOND   =      8679.4676  ANGLE   =     30098.0649  DIHED      =     20174.8210
 1-4 NB =      9302.2241  1-4 EEL =     39835.2656  VDWAALS    =     26623.3209
 EELEC  =   -623536.5366  EHBOND  =         0.0000  RESTRAINT  =         0.0000
 EKCMT  =     35430.0621  VIRIAL  =     34277.9664  VOLUME     =   1729757.1386
 CMAP   =      1165.9737
                                                    Density    =         1.0309
 Ewald error estimate:   0.4867E-05
 ------------------------------------------------------------------------------

 NMR restraints: Bond =    0.000   Angle =     0.000   Torsion =     0.000
===============================================================================

 NSTEP =    24000   TIME(PS) =      74.500  TEMP(K) =   303.41  PRESS =   -24.5
 Etot   =   -374209.2957  EKtot   =    113326.2059  EPtot      =   -487535.5016
 BOND   =      8819.0547  ANGLE   =     30010.3068  DIHED      =     20186.5292
 1-4 NB =      9231.9253  1-4 EEL =     39928.4419  VDWAALS    =     26957.2438
 EELEC  =   -623866.3816  EHBOND  =         0.0000  RESTRAINT  =         0.0000
 EKCMT  =     35300.9639  VIRIAL  =     36215.1311  VOLUME     =   1729302.8543
 CMAP   =      1197.3783
                                                    Density    =         1.0312
 Ewald error estimate:   0.2204E-04
 ------------------------------------------------------------------------------

 NMR restraints: Bond =    0.000   Angle =     0.000   Torsion =     0.000
===============================================================================

 NSTEP =    24100   TIME(PS) =      74.600  TEMP(K) =   302.92  PRESS =    82.3
 Etot   =   -374244.4421  EKtot   =    113141.3233  EPtot      =   -487385.7653
 BOND   =      8843.2010  ANGLE   =     29884.8645  DIHED      =     20115.5381
 1-4 NB =      9275.9071  1-4 EEL =     39907.4925  VDWAALS    =     27447.1794
 EELEC  =   -624071.6560  EHBOND  =         0.0000  RESTRAINT  =         0.0000
 EKCMT  =     35366.7540  VIRIAL  =     32294.9677  VOLUME     =   1729353.1234
 CMAP   =      1211.7079
                                                    Density    =         1.0312
 Ewald error estimate:   0.1936E-04
 ------------------------------------------------------------------------------

 NMR restraints: Bond =    0.000   Angle =     0.000   Torsion =     0.000
===============================================================================

 NSTEP =    24200   TIME(PS) =      74.700  TEMP(K) =   303.31  PRESS =   165.9
 Etot   =   -374458.2605  EKtot   =    113289.5619  EPtot      =   -487747.8224
 BOND   =      8836.4654  ANGLE   =     30090.7920  DIHED      =     20080.9283
 1-4 NB =      9239.1011  1-4 EEL =     39639.8190  VDWAALS    =     27029.9500
 EELEC  =   -623861.4149  EHBOND  =         0.0000  RESTRAINT  =         0.0000
 EKCMT  =     35474.3837  VIRIAL  =     29278.4674  VOLUME     =   1729404.0771
 CMAP   =      1196.5367
                                                    Density    =         1.0311
 Ewald error estimate:   0.5109E-04
 ------------------------------------------------------------------------------

 NMR restraints: Bond =    0.000   Angle =     0.000   Torsion =     0.000
===============================================================================

 NSTEP =    24300   TIME(PS) =      74.800  TEMP(K) =   303.00  PRESS =   -52.6
 Etot   =   -374425.0880  EKtot   =    113170.8873  EPtot      =   -487595.9752
 BOND   =      8737.3815  ANGLE   =     29723.0232  DIHED      =     20238.5700
 1-4 NB =      9263.1918  1-4 EEL =     39980.2962  VDWAALS    =     26736.6747
 EELEC  =   -623478.8813  EHBOND  =         0.0000  RESTRAINT  =         0.0000
 EKCMT  =     35440.6875  VIRIAL  =     37406.3030  VOLUME     =   1729206.1848
 CMAP   =      1203.7687
                                                    Density    =         1.0312
 Ewald error estimate:   0.3201E-04
 ------------------------------------------------------------------------------

 NMR restraints: Bond =    0.000   Angle =     0.000   Torsion =     0.000
===============================================================================

 NSTEP =    24400   TIME(PS) =      74.900  TEMP(K) =   302.97  PRESS =     4.7
 Etot   =   -374319.2229  EKtot   =    113162.1041  EPtot      =   -487481.3270
 BOND   =      8765.9734  ANGLE   =     30107.5968  DIHED      =     20175.5856
 1-4 NB =      9270.7449  1-4 EEL =     39804.0258  VDWAALS    =     26995.9564
 EELEC  =   -623775.0758  EHBOND  =         0.0000  RESTRAINT  =         0.0000
 EKCMT  =     35481.7406  VIRIAL  =     35307.9321  VOLUME     =   1729343.3561
 CMAP   =      1173.8659
                                                    Density    =         1.0312
 Ewald error estimate:   0.5723E-04
 ------------------------------------------------------------------------------

 NMR restraints: Bond =    0.000   Angle =     0.000   Torsion =     0.000
===============================================================================

 NSTEP =    24500   TIME(PS) =      75.000  TEMP(K) =   304.42  PRESS =    11.3
 Etot   =   -374151.9613  EKtot   =    113703.1170  EPtot      =   -487855.0783
 BOND   =      8732.9620  ANGLE   =     29733.5219  DIHED      =     20165.2154
 1-4 NB =      9297.6605  1-4 EEL =     39853.3430  VDWAALS    =     26960.2936
 EELEC  =   -623786.0078  EHBOND  =         0.0000  RESTRAINT  =         0.0000
 EKCMT  =     35546.8213  VIRIAL  =     35123.9961  VOLUME     =   1729353.4592
 CMAP   =      1187.9332
                                                    Density    =         1.0312
 Ewald error estimate:   0.6968E-04
 ------------------------------------------------------------------------------

 NMR restraints: Bond =    0.000   Angle =     0.000   Torsion =     0.000
===============================================================================

 NSTEP =    24600   TIME(PS) =      75.100  TEMP(K) =   303.52  PRESS =   -97.6
 Etot   =   -374277.5690  EKtot   =    113367.8068  EPtot      =   -487645.3759
 BOND   =      8770.6700  ANGLE   =     29970.1344  DIHED      =     20126.9228
 1-4 NB =      9231.3101  1-4 EEL =     39522.7077  VDWAALS    =     26714.0286
 EELEC  =   -623179.9633  EHBOND  =         0.0000  RESTRAINT  =         0.0000
 EKCMT  =     35494.7475  VIRIAL  =     39138.9960  VOLUME     =   1729324.1000
 CMAP   =      1198.8138
                                                    Density    =         1.0312
 Ewald error estimate:   0.5081E-04
 ------------------------------------------------------------------------------

 NMR restraints: Bond =    0.000   Angle =     0.000   Torsion =     0.000
===============================================================================

 NSTEP =    24700   TIME(PS) =      75.200  TEMP(K) =   303.19  PRESS =   -69.5
 Etot   =   -374360.8185  EKtot   =    113245.1176  EPtot      =   -487605.9361
 BOND   =      8612.1630  ANGLE   =     30116.2781  DIHED      =     20197.3895
 1-4 NB =      9224.5156  1-4 EEL =     39786.2073  VDWAALS    =     26718.1018
 EELEC  =   -623477.9860  EHBOND  =         0.0000  RESTRAINT  =         0.0000
 EKCMT  =     35539.1947  VIRIAL  =     38131.9725  VOLUME     =   1729040.7738
 CMAP   =      1217.3947
                                                    Density    =         1.0313
 Ewald error estimate:   0.4208E-04
 ------------------------------------------------------------------------------

 NMR restraints: Bond =    0.000   Angle =     0.000   Torsion =     0.000
===============================================================================

 NSTEP =    24800   TIME(PS) =      75.300  TEMP(K) =   303.48  PRESS =    11.0
 Etot   =   -374206.8863  EKtot   =    113351.2779  EPtot      =   -487558.1641
 BOND   =      8670.3131  ANGLE   =     30010.5530  DIHED      =     20157.2456
 1-4 NB =      9292.2320  1-4 EEL =     39832.5256  VDWAALS    =     26756.7133
 EELEC  =   -623491.7431  EHBOND  =         0.0000  RESTRAINT  =         0.0000
 EKCMT  =     35540.3708  VIRIAL  =     35131.0816  VOLUME     =   1729230.2483
 CMAP   =      1213.9964
                                                    Density    =         1.0312
 Ewald error estimate:   0.5368E-04
 ------------------------------------------------------------------------------

 NMR restraints: Bond =    0.000   Angle =     0.000   Torsion =     0.000
===============================================================================

 NSTEP =    24900   TIME(PS) =      75.400  TEMP(K) =   303.75  PRESS =    72.3
 Etot   =   -374037.6387  EKtot   =    113453.1174  EPtot      =   -487490.7560
 BOND   =      8841.2448  ANGLE   =     29965.8029  DIHED      =     20189.2724
 1-4 NB =      9276.1493  1-4 EEL =     39851.3492  VDWAALS    =     26870.6923
 EELEC  =   -623680.1346  EHBOND  =         0.0000  RESTRAINT  =         0.0000
 EKCMT  =     35682.8701  VIRIAL  =     32983.7815  VOLUME     =   1729356.7229
 CMAP   =      1194.8676
                                                    Density    =         1.0311
 Ewald error estimate:   0.1009E-04
 ------------------------------------------------------------------------------

 NMR restraints: Bond =    0.000   Angle =     0.000   Torsion =     0.000
===============================================================================

 NSTEP =    25000   TIME(PS) =      75.500  TEMP(K) =   303.48  PRESS =    44.9
 Etot   =   -374075.4071  EKtot   =    113351.7022  EPtot      =   -487427.1092
 BOND   =      8841.0350  ANGLE   =     30085.9615  DIHED      =     20146.4532
 1-4 NB =      9229.5633  1-4 EEL =     39542.4942  VDWAALS    =     26738.1578
 EELEC  =   -623211.1136  EHBOND  =         0.0000  RESTRAINT  =         0.0000
 EKCMT  =     35557.8779  VIRIAL  =     33881.7326  VOLUME     =   1729484.3844
 CMAP   =      1200.3393
                                                    Density    =         1.0311
 Ewald error estimate:   0.5006E-04
 ------------------------------------------------------------------------------

 NMR restraints: Bond =    0.000   Angle =     0.000   Torsion =     0.000
===============================================================================

 NSTEP =    25100   TIME(PS) =      75.600  TEMP(K) =   303.05  PRESS =   -74.3
 Etot   =   -374197.9726  EKtot   =    113191.2668  EPtot      =   -487389.2394
 BOND   =      8919.4596  ANGLE   =     29943.2164  DIHED      =     20178.7149
 1-4 NB =      9198.3289  1-4 EEL =     39777.1995  VDWAALS    =     26746.0612
 EELEC  =   -623350.0341  EHBOND  =         0.0000  RESTRAINT  =         0.0000
 EKCMT  =     35428.5099  VIRIAL  =     38203.9186  VOLUME     =   1729610.3779
 CMAP   =      1197.8142
                                                    Density    =         1.0310
 Ewald error estimate:   0.9477E-05
 ------------------------------------------------------------------------------

 NMR restraints: Bond =    0.000   Angle =     0.000   Torsion =     0.000
===============================================================================

 NSTEP =    25200   TIME(PS) =      75.700  TEMP(K) =   303.16  PRESS =   -14.6
 Etot   =   -374147.7573  EKtot   =    113232.2147  EPtot      =   -487379.9720
 BOND   =      8713.9567  ANGLE   =     29995.5776  DIHED      =     20189.0368
 1-4 NB =      9290.6574  1-4 EEL =     39851.7536  VDWAALS    =     26852.4816
 EELEC  =   -623473.1340  EHBOND  =         0.0000  RESTRAINT  =         0.0000
 EKCMT  =     35471.6706  VIRIAL  =     36016.0095  VOLUME     =   1729217.2627
 CMAP   =      1199.6983
                                                    Density    =         1.0312
 Ewald error estimate:   0.1815E-04
 ------------------------------------------------------------------------------

 NMR restraints: Bond =    0.000   Angle =     0.000   Torsion =     0.000
===============================================================================

 NSTEP =    25300   TIME(PS) =      75.800  TEMP(K) =   304.20  PRESS =    98.9
 Etot   =   -374286.3534  EKtot   =    113622.3195  EPtot      =   -487908.6729
 BOND   =      8655.2417  ANGLE   =     30020.7574  DIHED      =     20040.6042
 1-4 NB =      9331.4162  1-4 EEL =     39657.6481  VDWAALS    =     27201.3633
 EELEC  =   -624021.6393  EHBOND  =         0.0000  RESTRAINT  =         0.0000
 EKCMT  =     35496.8053  VIRIAL  =     31805.7988  VOLUME     =   1729140.7124
 CMAP   =      1205.9354
                                                    Density    =         1.0313
 Ewald error estimate:   0.1956E-04
 ------------------------------------------------------------------------------

 NMR restraints: Bond =    0.000   Angle =     0.000   Torsion =     0.000
===============================================================================

 NSTEP =    25400   TIME(PS) =      75.900  TEMP(K) =   304.17  PRESS =   -23.7
 Etot   =   -374235.3945  EKtot   =    113610.0930  EPtot      =   -487845.4875
 BOND   =      8851.1551  ANGLE   =     29899.8168  DIHED      =     20068.2916
 1-4 NB =      9300.6548  1-4 EEL =     39770.7729  VDWAALS    =     27020.6035
 EELEC  =   -623978.2982  EHBOND  =         0.0000  RESTRAINT  =         0.0000
 EKCMT  =     35546.4195  VIRIAL  =     36432.0365  VOLUME     =   1729312.9407
 CMAP   =      1221.5160
                                                    Density    =         1.0312
 Ewald error estimate:   0.9727E-05
 ------------------------------------------------------------------------------

 NMR restraints: Bond =    0.000   Angle =     0.000   Torsion =     0.000
===============================================================================

 NSTEP =    25500   TIME(PS) =      76.000  TEMP(K) =   304.43  PRESS =   -92.3
 Etot   =   -374251.3990  EKtot   =    113707.0392  EPtot      =   -487958.4382
 BOND   =      8723.1817  ANGLE   =     29928.5262  DIHED      =     20127.6822
 1-4 NB =      9301.4269  1-4 EEL =     39760.2313  VDWAALS    =     26841.7151
 EELEC  =   -623867.6422  EHBOND  =         0.0000  RESTRAINT  =         0.0000
 EKCMT  =     35534.7217  VIRIAL  =     38981.0693  VOLUME     =   1729244.6144
 CMAP   =      1226.4405
                                                    Density    =         1.0312
 Ewald error estimate:   0.2860E-04
 ------------------------------------------------------------------------------

 NMR restraints: Bond =    0.000   Angle =     0.000   Torsion =     0.000
===============================================================================

 NSTEP =    25600   TIME(PS) =      76.100  TEMP(K) =   304.33  PRESS =   -31.8
 Etot   =   -374082.7600  EKtot   =    113668.0100  EPtot      =   -487750.7700
 BOND   =      8849.3892  ANGLE   =     30031.7797  DIHED      =     20141.3290
 1-4 NB =      9275.2397  1-4 EEL =     39699.0999  VDWAALS    =     26952.2036
 EELEC  =   -623892.6045  EHBOND  =         0.0000  RESTRAINT  =         0.0000
 EKCMT  =     35568.3819  VIRIAL  =     36754.1517  VOLUME     =   1729085.1915
 CMAP   =      1192.7934
                                                    Density    =         1.0313
 Ewald error estimate:   0.2493E-04
 ------------------------------------------------------------------------------

 NMR restraints: Bond =    0.000   Angle =     0.000   Torsion =     0.000
===============================================================================

 NSTEP =    25700   TIME(PS) =      76.200  TEMP(K) =   305.09  PRESS =     7.3
 Etot   =   -373950.2878  EKtot   =    113952.3695  EPtot      =   -487902.6573
 BOND   =      8688.2788  ANGLE   =     30001.6978  DIHED      =     20039.6749
 1-4 NB =      9227.0180  1-4 EEL =     39842.2354  VDWAALS    =     26976.7223
 EELEC  =   -623918.7800  EHBOND  =         0.0000  RESTRAINT  =         0.0000
 EKCMT  =     35598.0252  VIRIAL  =     35324.7450  VOLUME     =   1729240.3326
 CMAP   =      1240.4955
                                                    Density    =         1.0312
 Ewald error estimate:   0.3945E-04
 ------------------------------------------------------------------------------

 NMR restraints: Bond =    0.000   Angle =     0.000   Torsion =     0.000
===============================================================================

 NSTEP =    25800   TIME(PS) =      76.300  TEMP(K) =   305.28  PRESS =   -59.9
 Etot   =   -373710.1847  EKtot   =    114023.2924  EPtot      =   -487733.4771
 BOND   =      8857.6388  ANGLE   =     30026.9267  DIHED      =     20062.4644
 1-4 NB =      9293.1243  1-4 EEL =     39708.9993  VDWAALS    =     26709.8535
 EELEC  =   -623584.8647  EHBOND  =         0.0000  RESTRAINT  =         0.0000
 EKCMT  =     35704.4108  VIRIAL  =     37939.8968  VOLUME     =   1729167.0925
 CMAP   =      1192.3806
                                                    Density    =         1.0313
 Ewald error estimate:   0.4817E-04
 ------------------------------------------------------------------------------

 NMR restraints: Bond =    0.000   Angle =     0.000   Torsion =     0.000
===============================================================================

 NSTEP =    25900   TIME(PS) =      76.400  TEMP(K) =   304.47  PRESS =  -116.7
 Etot   =   -373832.0486  EKtot   =    113720.9920  EPtot      =   -487553.0406
 BOND   =      8788.1796  ANGLE   =     30138.7152  DIHED      =     20086.8968
 1-4 NB =      9277.0577  1-4 EEL =     39806.0183  VDWAALS    =     26865.5578
 EELEC  =   -623695.0162  EHBOND  =         0.0000  RESTRAINT  =         0.0000
 EKCMT  =     35556.8478  VIRIAL  =     39913.7772  VOLUME     =   1729184.5430
 CMAP   =      1179.5502
                                                    Density    =         1.0313
 Ewald error estimate:   0.2030E-04
 ------------------------------------------------------------------------------

 NMR restraints: Bond =    0.000   Angle =     0.000   Torsion =     0.000
===============================================================================

 NSTEP =    26000   TIME(PS) =      76.500  TEMP(K) =   303.60  PRESS =    86.3
 Etot   =   -373965.3504  EKtot   =    113395.1220  EPtot      =   -487360.4724
 BOND   =      8816.2889  ANGLE   =     30302.3509  DIHED      =     20013.8514
 1-4 NB =      9211.9493  1-4 EEL =     39673.2703  VDWAALS    =     27190.1254
 EELEC  =   -623775.8933  EHBOND  =         0.0000  RESTRAINT  =         0.0000
 EKCMT  =     35285.7159  VIRIAL  =     32063.0766  VOLUME     =   1729115.2501
 CMAP   =      1207.5846
                                                    Density    =         1.0313
 Ewald error estimate:   0.4665E-04
 ------------------------------------------------------------------------------

 NMR restraints: Bond =    0.000   Angle =     0.000   Torsion =     0.000
===============================================================================

 NSTEP =    26100   TIME(PS) =      76.600  TEMP(K) =   304.23  PRESS =   -24.9
 Etot   =   -374254.3246  EKtot   =    113632.3787  EPtot      =   -487886.7033
 BOND   =      8972.7435  ANGLE   =     30114.8775  DIHED      =     19985.5953
 1-4 NB =      9226.6143  1-4 EEL =     39688.6615  VDWAALS    =     26938.4609
 EELEC  =   -624041.7908  EHBOND  =         0.0000  RESTRAINT  =         0.0000
 EKCMT  =     35307.0258  VIRIAL  =     36237.5106  VOLUME     =   1728888.0319
 CMAP   =      1228.1345
                                                    Density    =         1.0314
 Ewald error estimate:   0.4218E-04
 ------------------------------------------------------------------------------

 NMR restraints: Bond =    0.000   Angle =     0.000   Torsion =     0.000
===============================================================================

 NSTEP =    26200   TIME(PS) =      76.700  TEMP(K) =   303.32  PRESS =   -43.3
 Etot   =   -374433.9382  EKtot   =    113292.0542  EPtot      =   -487725.9924
 BOND   =      8774.7261  ANGLE   =     30186.8140  DIHED      =     20151.6324
 1-4 NB =      9261.5866  1-4 EEL =     39762.9786  VDWAALS    =     26592.3912
 EELEC  =   -623679.5251  EHBOND  =         0.0000  RESTRAINT  =         0.0000
 EKCMT  =     35332.9431  VIRIAL  =     36947.8587  VOLUME     =   1728854.2618
 CMAP   =      1223.4038
                                                    Density    =         1.0314
 Ewald error estimate:   0.2609E-04
 ------------------------------------------------------------------------------

 NMR restraints: Bond =    0.000   Angle =     0.000   Torsion =     0.000
===============================================================================

 NSTEP =    26300   TIME(PS) =      76.800  TEMP(K) =   301.85  PRESS =   -31.1
 Etot   =   -374566.1503  EKtot   =    112741.6450  EPtot      =   -487307.7953
 BOND   =      8741.3259  ANGLE   =     30179.4179  DIHED      =     20150.2693
 1-4 NB =      9312.2405  1-4 EEL =     39857.1699  VDWAALS    =     26817.6260
 EELEC  =   -623585.1690  EHBOND  =         0.0000  RESTRAINT  =         0.0000
 EKCMT  =     35223.2894  VIRIAL  =     36384.4034  VOLUME     =   1728647.0095
 CMAP   =      1219.3242
                                                    Density    =         1.0316
 Ewald error estimate:   0.6041E-04
 ------------------------------------------------------------------------------

 NMR restraints: Bond =    0.000   Angle =     0.000   Torsion =     0.000
===============================================================================

 NSTEP =    26400   TIME(PS) =      76.900  TEMP(K) =   303.18  PRESS =   -38.1
 Etot   =   -374396.6573  EKtot   =    113240.8739  EPtot      =   -487637.5312
 BOND   =      8707.9410  ANGLE   =     30169.9618  DIHED      =     20100.8666
 1-4 NB =      9221.0522  1-4 EEL =     39633.8195  VDWAALS    =     26843.1102
 EELEC  =   -623535.1438  EHBOND  =         0.0000  RESTRAINT  =         0.0000
 EKCMT  =     35208.3610  VIRIAL  =     36629.9547  VOLUME     =   1728391.8903
 CMAP   =      1220.8613
                                                    Density    =         1.0317
 Ewald error estimate:   0.1133E-04
 ------------------------------------------------------------------------------

 NMR restraints: Bond =    0.000   Angle =     0.000   Torsion =     0.000
===============================================================================

 NSTEP =    26500   TIME(PS) =      77.000  TEMP(K) =   302.70  PRESS =   -36.3
 Etot   =   -374474.9712  EKtot   =    113060.8145  EPtot      =   -487535.7856
 BOND   =      8849.0788  ANGLE   =     30151.2342  DIHED      =     20158.4553
 1-4 NB =      9278.5388  1-4 EEL =     39700.3056  VDWAALS    =     26928.2382
 EELEC  =   -623788.4538  EHBOND  =         0.0000  RESTRAINT  =         0.0000
 EKCMT  =     35132.1645  VIRIAL  =     36486.7395  VOLUME     =   1728207.2227
 CMAP   =      1186.8173
                                                    Density    =         1.0318
 Ewald error estimate:   0.5311E-04
 ------------------------------------------------------------------------------

 NMR restraints: Bond =    0.000   Angle =     0.000   Torsion =     0.000
===============================================================================

 NSTEP =    26600   TIME(PS) =      77.100  TEMP(K) =   304.21  PRESS =   -69.6
 Etot   =   -374738.6987  EKtot   =    113624.4884  EPtot      =   -488363.1870
 BOND   =      8599.7529  ANGLE   =     30204.1742  DIHED      =     20085.8157
 1-4 NB =      9273.8497  1-4 EEL =     39712.3559  VDWAALS    =     26549.8458
 EELEC  =   -623969.5371  EHBOND  =         0.0000  RESTRAINT  =         0.0000
 EKCMT  =     35501.7088  VIRIAL  =     38097.6065  VOLUME     =   1728176.7641
 CMAP   =      1180.5559
                                                    Density    =         1.0319
 Ewald error estimate:   0.2827E-04
 ------------------------------------------------------------------------------

 NMR restraints: Bond =    0.000   Angle =     0.000   Torsion =     0.000
===============================================================================

 NSTEP =    26700   TIME(PS) =      77.200  TEMP(K) =   303.56  PRESS =    91.7
 Etot   =   -374707.3872  EKtot   =    113380.0074  EPtot      =   -488087.3946
 BOND   =      8609.1650  ANGLE   =     30108.7193  DIHED      =     20124.6244
 1-4 NB =      9239.6078  1-4 EEL =     39759.9842  VDWAALS    =     26248.8222
 EELEC  =   -623371.9012  EHBOND  =         0.0000  RESTRAINT  =         0.0000
 EKCMT  =     35207.9170  VIRIAL  =     31785.8557  VOLUME     =   1727806.9223
 CMAP   =      1193.5838
                                                    Density    =         1.0321
 Ewald error estimate:   0.9086E-05
 ------------------------------------------------------------------------------

 NMR restraints: Bond =    0.000   Angle =     0.000   Torsion =     0.000
===============================================================================

 NSTEP =    26800   TIME(PS) =      77.300  TEMP(K) =   303.17  PRESS =    -1.9
 Etot   =   -374862.9514  EKtot   =    113234.3882  EPtot      =   -488097.3396
 BOND   =      8777.3376  ANGLE   =     29883.8746  DIHED      =     20074.7394
 1-4 NB =      9237.8407  1-4 EEL =     39895.4785  VDWAALS    =     26897.9228
 EELEC  =   -624069.8030  EHBOND  =         0.0000  RESTRAINT  =         0.0000
 EKCMT  =     35125.3970  VIRIAL  =     35196.2389  VOLUME     =   1727662.0292
 CMAP   =      1205.2698
                                                    Density    =         1.0322
 Ewald error estimate:   0.1567E-04
 ------------------------------------------------------------------------------

 NMR restraints: Bond =    0.000   Angle =     0.000   Torsion =     0.000
===============================================================================

 NSTEP =    26900   TIME(PS) =      77.400  TEMP(K) =   303.66  PRESS =   -76.6
 Etot   =   -374900.2716  EKtot   =    113420.4866  EPtot      =   -488320.7582
 BOND   =      8751.6737  ANGLE   =     30061.9262  DIHED      =     20005.0963
 1-4 NB =      9221.6761  1-4 EEL =     39650.9120  VDWAALS    =     26739.9900
 EELEC  =   -623929.4094  EHBOND  =         0.0000  RESTRAINT  =         0.0000
 EKCMT  =     35599.1219  VIRIAL  =     38456.2277  VOLUME     =   1727765.2679
 CMAP   =      1177.3769
                                                    Density    =         1.0321
 Ewald error estimate:   0.9394E-05
 ------------------------------------------------------------------------------

 NMR restraints: Bond =    0.000   Angle =     0.000   Torsion =     0.000
===============================================================================

 NSTEP =    27000   TIME(PS) =      77.500  TEMP(K) =   303.25  PRESS =   -67.3
 Etot   =   -374858.1621  EKtot   =    113264.9865  EPtot      =   -488123.1486
 BOND   =      8746.8480  ANGLE   =     29871.0686  DIHED      =     20075.0570
 1-4 NB =      9213.7446  1-4 EEL =     39886.0715  VDWAALS    =     26582.9302
 EELEC  =   -623687.7614  EHBOND  =         0.0000  RESTRAINT  =         0.0000
 EKCMT  =     35310.6687  VIRIAL  =     37821.7303  VOLUME     =   1727666.8209
 CMAP   =      1188.8928
                                                    Density    =         1.0322
 Ewald error estimate:   0.5926E-05
 ------------------------------------------------------------------------------

 NMR restraints: Bond =    0.000   Angle =     0.000   Torsion =     0.000
===============================================================================

 NSTEP =    27100   TIME(PS) =      77.600  TEMP(K) =   303.41  PRESS =   -52.2
 Etot   =   -374777.4387  EKtot   =    113324.1654  EPtot      =   -488101.6040
 BOND   =      8873.8509  ANGLE   =     29819.2462  DIHED      =     20087.4107
 1-4 NB =      9251.8791  1-4 EEL =     39734.1762  VDWAALS    =     26852.4313
 EELEC  =   -623909.2659  EHBOND  =         0.0000  RESTRAINT  =         0.0000
 EKCMT  =     35402.4488  VIRIAL  =     37347.9261  VOLUME     =   1727402.2199
 CMAP   =      1188.6675
                                                    Density    =         1.0323
 Ewald error estimate:   0.3956E-04
 ------------------------------------------------------------------------------

 NMR restraints: Bond =    0.000   Angle =     0.000   Torsion =     0.000
===============================================================================

 NSTEP =    27200   TIME(PS) =      77.700  TEMP(K) =   303.28  PRESS =   -55.5
 Etot   =   -375058.2122  EKtot   =    113275.5838  EPtot      =   -488333.7960
 BOND   =      8807.4922  ANGLE   =     30098.5315  DIHED      =     19934.5722
 1-4 NB =      9222.7975  1-4 EEL =     39691.7684  VDWAALS    =     26782.1344
 EELEC  =   -624076.8967  EHBOND  =         0.0000  RESTRAINT  =         0.0000
 EKCMT  =     35444.1727  VIRIAL  =     37514.9921  VOLUME     =   1727072.8569
 CMAP   =      1205.8046
                                                    Density    =         1.0325
 Ewald error estimate:   0.3994E-04
 ------------------------------------------------------------------------------

 NMR restraints: Bond =    0.000   Angle =     0.000   Torsion =     0.000
===============================================================================

 NSTEP =    27300   TIME(PS) =      77.800  TEMP(K) =   302.46  PRESS =   -72.7
 Etot   =   -375236.7773  EKtot   =    112970.2587  EPtot      =   -488207.0361
 BOND   =      8900.3007  ANGLE   =     29998.3176  DIHED      =     20102.7141
 1-4 NB =      9251.7636  1-4 EEL =     39761.4921  VDWAALS    =     26727.8802
 EELEC  =   -624150.6843  EHBOND  =         0.0000  RESTRAINT  =         0.0000
 EKCMT  =     35219.5449  VIRIAL  =     37929.6213  VOLUME     =   1726930.3580
 CMAP   =      1201.1801
                                                    Density    =         1.0326
 Ewald error estimate:   0.4304E-05
 ------------------------------------------------------------------------------

 NMR restraints: Bond =    0.000   Angle =     0.000   Torsion =     0.000
===============================================================================

 NSTEP =    27400   TIME(PS) =      77.900  TEMP(K) =   303.17  PRESS =   -23.7
 Etot   =   -375013.0106  EKtot   =    113237.8381  EPtot      =   -488250.8486
 BOND   =      8684.4863  ANGLE   =     30001.7331  DIHED      =     20087.3096
 1-4 NB =      9296.2719  1-4 EEL =     39890.4411  VDWAALS    =     26358.8413
 EELEC  =   -623785.1936  EHBOND  =         0.0000  RESTRAINT  =         0.0000
 EKCMT  =     35402.2394  VIRIAL  =     36285.8257  VOLUME     =   1726902.3392
 CMAP   =      1215.2616
                                                    Density    =         1.0326
 Ewald error estimate:   0.5562E-05
 ------------------------------------------------------------------------------

 NMR restraints: Bond =    0.000   Angle =     0.000   Torsion =     0.000
===============================================================================

 NSTEP =    27500   TIME(PS) =      78.000  TEMP(K) =   303.00  PRESS =    90.1
 Etot   =   -374801.0749  EKtot   =    113172.2814  EPtot      =   -487973.3563
 BOND   =      8805.8755  ANGLE   =     30078.3715  DIHED      =     20091.7345
 1-4 NB =      9216.3256  1-4 EEL =     39761.5348  VDWAALS    =     26993.4107
 EELEC  =   -624122.5050  EHBOND  =         0.0000  RESTRAINT  =         0.0000
 EKCMT  =     35441.8664  VIRIAL  =     32082.5506  VOLUME     =   1726789.2093
 CMAP   =      1201.8962
                                                    Density    =         1.0327
 Ewald error estimate:   0.4946E-04
 ------------------------------------------------------------------------------

 NMR restraints: Bond =    0.000   Angle =     0.000   Torsion =     0.000
===============================================================================

 NSTEP =    27600   TIME(PS) =      78.100  TEMP(K) =   302.73  PRESS =    50.9
 Etot   =   -375127.6021  EKtot   =    113072.8190  EPtot      =   -488200.4211
 BOND   =      8768.9817  ANGLE   =     29851.6781  DIHED      =     20097.8645
 1-4 NB =      9284.2053  1-4 EEL =     39979.8486  VDWAALS    =     27043.7498
 EELEC  =   -624405.1384  EHBOND  =         0.0000  RESTRAINT  =         0.0000
 EKCMT  =     35342.6326  VIRIAL  =     33444.4915  VOLUME     =   1726927.6838
 CMAP   =      1178.3893
                                                    Density    =         1.0326
 Ewald error estimate:   0.1244E-04
 ------------------------------------------------------------------------------

 NMR restraints: Bond =    0.000   Angle =     0.000   Torsion =     0.000
===============================================================================

 NSTEP =    27700   TIME(PS) =      78.200  TEMP(K) =   302.56  PRESS =     2.0
 Etot   =   -374975.8470  EKtot   =    113007.9208  EPtot      =   -487983.7678
 BOND   =      8822.0854  ANGLE   =     29900.2662  DIHED      =     20117.4407
 1-4 NB =      9306.8191  1-4 EEL =     39869.4405  VDWAALS    =     26923.2554
 EELEC  =   -624126.6108  EHBOND  =         0.0000  RESTRAINT  =         0.0000
 EKCMT  =     35375.7231  VIRIAL  =     35299.6063  VOLUME     =   1726950.4999
 CMAP   =      1203.5356
                                                    Density    =         1.0326
 Ewald error estimate:   0.4213E-04
 ------------------------------------------------------------------------------

 NMR restraints: Bond =    0.000   Angle =     0.000   Torsion =     0.000
===============================================================================

 NSTEP =    27800   TIME(PS) =      78.300  TEMP(K) =   303.28  PRESS =    21.3
 Etot   =   -375014.7991  EKtot   =    113277.2169  EPtot      =   -488292.0160
 BOND   =      8718.0260  ANGLE   =     30057.9024  DIHED      =     20027.3575
 1-4 NB =      9306.5563  1-4 EEL =     39708.8574  VDWAALS    =     27045.7464
 EELEC  =   -624389.8583  EHBOND  =         0.0000  RESTRAINT  =         0.0000
 EKCMT  =     35521.4715  VIRIAL  =     34725.4049  VOLUME     =   1727414.7118
 CMAP   =      1233.3964
                                                    Density    =         1.0323
 Ewald error estimate:   0.1019E-04
 ------------------------------------------------------------------------------

 NMR restraints: Bond =    0.000   Angle =     0.000   Torsion =     0.000
===============================================================================

 NSTEP =    27900   TIME(PS) =      78.400  TEMP(K) =   303.30  PRESS =    30.1
 Etot   =   -375255.1958  EKtot   =    113285.0054  EPtot      =   -488540.2012
 BOND   =      8798.1258  ANGLE   =     29866.1037  DIHED      =     20133.5616
 1-4 NB =      9273.7184  1-4 EEL =     39638.2715  VDWAALS    =     27596.0855
 EELEC  =   -625041.1105  EHBOND  =         0.0000  RESTRAINT  =         0.0000
 EKCMT  =     35398.9209  VIRIAL  =     34277.7417  VOLUME     =   1727639.7207
 CMAP   =      1195.0428
                                                    Density    =         1.0322
 Ewald error estimate:   0.2116E-04
 ------------------------------------------------------------------------------

 NMR restraints: Bond =    0.000   Angle =     0.000   Torsion =     0.000
===============================================================================

 NSTEP =    28000   TIME(PS) =      78.500  TEMP(K) =   303.41  PRESS =   -37.9
 Etot   =   -375289.3573  EKtot   =    113327.3848  EPtot      =   -488616.7420
 BOND   =      8795.6157  ANGLE   =     29874.7385  DIHED      =     20073.1145
 1-4 NB =      9249.3550  1-4 EEL =     39831.9748  VDWAALS    =     27050.4249
 EELEC  =   -624697.9350  EHBOND  =         0.0000  RESTRAINT  =         0.0000
 EKCMT  =     35523.9545  VIRIAL  =     36937.4386  VOLUME     =   1727626.4762
 CMAP   =      1205.9696
                                                    Density    =         1.0322
 Ewald error estimate:   0.6501E-04
 ------------------------------------------------------------------------------

 NMR restraints: Bond =    0.000   Angle =     0.000   Torsion =     0.000
===============================================================================

 NSTEP =    28100   TIME(PS) =      78.600  TEMP(K) =   303.30  PRESS =   167.9
 Etot   =   -375025.1889  EKtot   =    113283.1937  EPtot      =   -488308.3825
 BOND   =      8732.3671  ANGLE   =     29929.2979  DIHED      =     20155.1000
 1-4 NB =      9264.0297  1-4 EEL =     39629.0358  VDWAALS    =     26953.8811
 EELEC  =   -624164.9098  EHBOND  =         0.0000  RESTRAINT  =         0.0000
 EKCMT  =     35500.1069  VIRIAL  =     29235.5485  VOLUME     =   1727818.2431
 CMAP   =      1192.8157
                                                    Density    =         1.0321
 Ewald error estimate:   0.1184E-04
 ------------------------------------------------------------------------------

 NMR restraints: Bond =    0.000   Angle =     0.000   Torsion =     0.000
===============================================================================

 NSTEP =    28200   TIME(PS) =      78.700  TEMP(K) =   301.98  PRESS =   -13.1
 Etot   =   -375241.8425  EKtot   =    112792.0723  EPtot      =   -488033.9148
 BOND   =      8878.7880  ANGLE   =     29957.1005  DIHED      =     20122.2264
 1-4 NB =      9272.8066  1-4 EEL =     39827.9593  VDWAALS    =     26870.1533
 EELEC  =   -624184.5566  EHBOND  =         0.0000  RESTRAINT  =         0.0000
 EKCMT  =     35326.6439  VIRIAL  =     35815.0054  VOLUME     =   1727601.0741
 CMAP   =      1221.6077
                                                    Density    =         1.0322
 Ewald error estimate:   0.5588E-04
 ------------------------------------------------------------------------------

 NMR restraints: Bond =    0.000   Angle =     0.000   Torsion =     0.000
===============================================================================

 NSTEP =    28300   TIME(PS) =      78.800  TEMP(K) =   303.59  PRESS =   -53.3
 Etot   =   -375264.9668  EKtot   =    113393.2541  EPtot      =   -488658.2209
 BOND   =      8833.4406  ANGLE   =     29931.7931  DIHED      =     20151.2017
 1-4 NB =      9198.7353  1-4 EEL =     39584.1330  VDWAALS    =     26439.6621
 EELEC  =   -624000.6901  EHBOND  =         0.0000  RESTRAINT  =         0.0000
 EKCMT  =     35346.8846  VIRIAL  =     37335.6807  VOLUME     =   1727726.2536
 CMAP   =      1203.5034
                                                    Density    =         1.0321
 Ewald error estimate:   0.4821E-04
 ------------------------------------------------------------------------------

 NMR restraints: Bond =    0.000   Angle =     0.000   Torsion =     0.000
===============================================================================

 NSTEP =    28400   TIME(PS) =      78.900  TEMP(K) =   302.61  PRESS =    15.7
 Etot   =   -375256.2964  EKtot   =    113027.1204  EPtot      =   -488283.4168
 BOND   =      8775.4364  ANGLE   =     30209.2750  DIHED      =     20085.4577
 1-4 NB =      9236.2252  1-4 EEL =     39575.2291  VDWAALS    =     26644.8152
 EELEC  =   -624028.3525  EHBOND  =         0.0000  RESTRAINT  =         0.0000
 EKCMT  =     35309.3246  VIRIAL  =     34725.2917  VOLUME     =   1727852.3414
 CMAP   =      1218.4971
                                                    Density    =         1.0320
 Ewald error estimate:   0.6378E-04
 ------------------------------------------------------------------------------

 NMR restraints: Bond =    0.000   Angle =     0.000   Torsion =     0.000
===============================================================================

 NSTEP =    28500   TIME(PS) =      79.000  TEMP(K) =   302.74  PRESS =   -70.8
 Etot   =   -375241.4657  EKtot   =    113076.1268  EPtot      =   -488317.5925
 BOND   =      8737.2028  ANGLE   =     30184.3898  DIHED      =     20101.3229
 1-4 NB =      9229.9876  1-4 EEL =     39692.2653  VDWAALS    =     26945.1770
 EELEC  =   -624412.5349  EHBOND  =         0.0000  RESTRAINT  =         0.0000
 EKCMT  =     35369.6059  VIRIAL  =     38011.5559  VOLUME     =   1727807.3942
 CMAP   =      1204.5970
                                                    Density    =         1.0321
 Ewald error estimate:   0.5662E-04
 ------------------------------------------------------------------------------

 NMR restraints: Bond =    0.000   Angle =     0.000   Torsion =     0.000
===============================================================================

 NSTEP =    28600   TIME(PS) =      79.100  TEMP(K) =   303.38  PRESS =    -8.4
 Etot   =   -375289.7234  EKtot   =    113314.1406  EPtot      =   -488603.8640
 BOND   =      8791.8919  ANGLE   =     29962.6310  DIHED      =     20123.0088
 1-4 NB =      9269.3320  1-4 EEL =     39907.6566  VDWAALS    =     27366.1829
 EELEC  =   -625231.3921  EHBOND  =         0.0000  RESTRAINT  =         0.0000
 EKCMT  =     35353.7267  VIRIAL  =     35668.1941  VOLUME     =   1727820.2021
 CMAP   =      1206.8248
                                                    Density    =         1.0321
 Ewald error estimate:   0.4698E-05
 ------------------------------------------------------------------------------

 NMR restraints: Bond =    0.000   Angle =     0.000   Torsion =     0.000
===============================================================================

 NSTEP =    28700   TIME(PS) =      79.200  TEMP(K) =   303.29  PRESS =   -79.3
 Etot   =   -375138.5709  EKtot   =    113280.6131  EPtot      =   -488419.1840
 BOND   =      8721.7084  ANGLE   =     30160.1362  DIHED      =     20134.4441
 1-4 NB =      9224.9587  1-4 EEL =     39788.5857  VDWAALS    =     26962.7021
 EELEC  =   -624624.5066  EHBOND  =         0.0000  RESTRAINT  =         0.0000
 EKCMT  =     35348.0608  VIRIAL  =     38307.3020  VOLUME     =   1727731.6837
 CMAP   =      1212.7874
                                                    Density    =         1.0321
 Ewald error estimate:   0.5652E-06
 ------------------------------------------------------------------------------

 NMR restraints: Bond =    0.000   Angle =     0.000   Torsion =     0.000
===============================================================================

 NSTEP =    28800   TIME(PS) =      79.300  TEMP(K) =   302.14  PRESS =   117.1
 Etot   =   -375474.7297  EKtot   =    112850.5378  EPtot      =   -488325.2675
 BOND   =      8841.3989  ANGLE   =     30051.1834  DIHED      =     20112.5034
 1-4 NB =      9272.8731  1-4 EEL =     39738.0847  VDWAALS    =     26694.5677
 EELEC  =   -624225.2615  EHBOND  =         0.0000  RESTRAINT  =         0.0000
 EKCMT  =     35208.7945  VIRIAL  =     30841.1329  VOLUME     =   1727360.0170
 CMAP   =      1189.3828
                                                    Density    =         1.0323
 Ewald error estimate:   0.2389E-04
 ------------------------------------------------------------------------------

 NMR restraints: Bond =    0.000   Angle =     0.000   Torsion =     0.000
===============================================================================

 NSTEP =    28900   TIME(PS) =      79.400  TEMP(K) =   302.51  PRESS =   -13.0
 Etot   =   -375035.1551  EKtot   =    112991.2170  EPtot      =   -488026.3721
 BOND   =      8723.3170  ANGLE   =     30238.8336  DIHED      =     20140.1259
 1-4 NB =      9235.8217  1-4 EEL =     39826.1005  VDWAALS    =     26581.5106
 EELEC  =   -623965.4479  EHBOND  =         0.0000  RESTRAINT  =         0.0000
 EKCMT  =     35264.2445  VIRIAL  =     35748.2611  VOLUME     =   1727517.4525
 CMAP   =      1193.3664
                                                    Density    =         1.0322
 Ewald error estimate:   0.9070E-05
 ------------------------------------------------------------------------------

 NMR restraints: Bond =    0.000   Angle =     0.000   Torsion =     0.000
===============================================================================

 NSTEP =    29000   TIME(PS) =      79.500  TEMP(K) =   303.80  PRESS =  -109.8
 Etot   =   -375003.1709  EKtot   =    113471.7388  EPtot      =   -488474.9097
 BOND   =      8865.5418  ANGLE   =     29875.1994  DIHED      =     20143.5384
 1-4 NB =      9208.6725  1-4 EEL =     39711.8044  VDWAALS    =     26417.6043
 EELEC  =   -623894.3188  EHBOND  =         0.0000  RESTRAINT  =         0.0000
 EKCMT  =     35463.0705  VIRIAL  =     39557.8277  VOLUME     =   1727266.2543
 CMAP   =      1197.0481
                                                    Density    =         1.0324
 Ewald error estimate:   0.4721E-04
 ------------------------------------------------------------------------------

 NMR restraints: Bond =    0.000   Angle =     0.000   Torsion =     0.000
===============================================================================

 NSTEP =    29100   TIME(PS) =      79.600  TEMP(K) =   303.68  PRESS =  -135.5
 Etot   =   -374835.6211  EKtot   =    113425.5966  EPtot      =   -488261.2177
 BOND   =      8796.9003  ANGLE   =     29942.9014  DIHED      =     20177.8340
 1-4 NB =      9240.2079  1-4 EEL =     39976.9139  VDWAALS    =     27027.5040
 EELEC  =   -624611.0910  EHBOND  =         0.0000  RESTRAINT  =         0.0000
 EKCMT  =     35254.3831  VIRIAL  =     40306.7670  VOLUME     =   1727040.7812
 CMAP   =      1187.6118
                                                    Density    =         1.0325
 Ewald error estimate:   0.4684E-04
 ------------------------------------------------------------------------------

 NMR restraints: Bond =    0.000   Angle =     0.000   Torsion =     0.000
===============================================================================

 NSTEP =    29200   TIME(PS) =      79.700  TEMP(K) =   303.56  PRESS =   -21.8
 Etot   =   -374824.6185  EKtot   =    113383.3969  EPtot      =   -488208.0154
 BOND   =      8690.5656  ANGLE   =     30110.1859  DIHED      =     20091.3892
 1-4 NB =      9246.8783  1-4 EEL =     39766.0096  VDWAALS    =     26699.2352
 EELEC  =   -624025.9171  EHBOND  =         0.0000  RESTRAINT  =         0.0000
 EKCMT  =     35376.5201  VIRIAL  =     36190.5610  VOLUME     =   1726625.5358
 CMAP   =      1213.6379
                                                    Density    =         1.0328
 Ewald error estimate:   0.3954E-04
 ------------------------------------------------------------------------------

 NMR restraints: Bond =    0.000   Angle =     0.000   Torsion =     0.000
===============================================================================

 NSTEP =    29300   TIME(PS) =      79.800  TEMP(K) =   303.33  PRESS =   -91.8
 Etot   =   -374795.3779  EKtot   =    113296.8663  EPtot      =   -488092.2443
 BOND   =      8778.7900  ANGLE   =     30136.0712  DIHED      =     20055.8756
 1-4 NB =      9266.2726  1-4 EEL =     39686.5757  VDWAALS    =     26917.4100
 EELEC  =   -624124.0170  EHBOND  =         0.0000  RESTRAINT  =         0.0000
 EKCMT  =     35152.2907  VIRIAL  =     38573.7121  VOLUME     =   1726225.8681
 CMAP   =      1190.7776
                                                    Density    =         1.0330
 Ewald error estimate:   0.1407E-05
 ------------------------------------------------------------------------------

 NMR restraints: Bond =    0.000   Angle =     0.000   Torsion =     0.000
===============================================================================

 NSTEP =    29400   TIME(PS) =      79.900  TEMP(K) =   303.60  PRESS =    37.8
 Etot   =   -374773.1695  EKtot   =    113395.1394  EPtot      =   -488168.3088
 BOND   =      8897.5128  ANGLE   =     30009.3097  DIHED      =     20031.3544
 1-4 NB =      9275.9782  1-4 EEL =     39766.1183  VDWAALS    =     26913.3656
 EELEC  =   -624243.1816  EHBOND  =         0.0000  RESTRAINT  =         0.0000
 EKCMT  =     35329.0345  VIRIAL  =     33921.5050  VOLUME     =   1726311.1664
 CMAP   =      1181.2337
                                                    Density    =         1.0330
 Ewald error estimate:   0.4961E-04
 ------------------------------------------------------------------------------

 NMR restraints: Bond =    0.000   Angle =     0.000   Torsion =     0.000
===============================================================================

 NSTEP =    29500   TIME(PS) =      80.000  TEMP(K) =   303.13  PRESS =   -22.2
 Etot   =   -374939.6676  EKtot   =    113220.4026  EPtot      =   -488160.0702
 BOND   =      8720.4159  ANGLE   =     30077.5215  DIHED      =     20129.2602
 1-4 NB =      9282.3866  1-4 EEL =     39600.5150  VDWAALS    =     26428.1389
 EELEC  =   -623598.4260  EHBOND  =         0.0000  RESTRAINT  =         0.0000
 EKCMT  =     35180.9226  VIRIAL  =     36009.1271  VOLUME     =   1726332.6823
 CMAP   =      1200.1178
                                                    Density    =         1.0330
 Ewald error estimate:   0.1692E-04
 ------------------------------------------------------------------------------

 NMR restraints: Bond =    0.000   Angle =     0.000   Torsion =     0.000
===============================================================================

 NSTEP =    29600   TIME(PS) =      80.100  TEMP(K) =   304.33  PRESS =   -79.2
 Etot   =   -375009.1724  EKtot   =    113670.8514  EPtot      =   -488680.0239
 BOND   =      8700.6188  ANGLE   =     29919.3443  DIHED      =     20049.7687
 1-4 NB =      9286.4677  1-4 EEL =     39776.6669  VDWAALS    =     26739.9661
 EELEC  =   -624371.4435  EHBOND  =         0.0000  RESTRAINT  =         0.0000
 EKCMT  =     35307.5214  VIRIAL  =     38260.0397  VOLUME     =   1726124.2334
 CMAP   =      1218.5871
                                                    Density    =         1.0331
 Ewald error estimate:   0.6296E-06
 ------------------------------------------------------------------------------

 NMR restraints: Bond =    0.000   Angle =     0.000   Torsion =     0.000
===============================================================================

 NSTEP =    29700   TIME(PS) =      80.200  TEMP(K) =   303.83  PRESS =     2.1
 Etot   =   -374851.7029  EKtot   =    113481.9069  EPtot      =   -488333.6098
 BOND   =      8724.1770  ANGLE   =     29958.0111  DIHED      =     20017.9594
 1-4 NB =      9276.9934  1-4 EEL =     39801.1369  VDWAALS    =     26239.0428
 EELEC  =   -623577.3612  EHBOND  =         0.0000  RESTRAINT  =         0.0000
 EKCMT  =     35409.9006  VIRIAL  =     35333.2229  VOLUME     =   1725947.6067
 CMAP   =      1226.4309
                                                    Density    =         1.0332
 Ewald error estimate:   0.4098E-04
 ------------------------------------------------------------------------------

 NMR restraints: Bond =    0.000   Angle =     0.000   Torsion =     0.000
===============================================================================

 NSTEP =    29800   TIME(PS) =      80.300  TEMP(K) =   303.29  PRESS =    89.8
 Etot   =   -374997.0539  EKtot   =    113279.9246  EPtot      =   -488276.9784
 BOND   =      8734.7646  ANGLE   =     30046.9563  DIHED      =     20094.3655
 1-4 NB =      9267.0817  1-4 EEL =     39698.5789  VDWAALS    =     26211.3453
 EELEC  =   -623531.8583  EHBOND  =         0.0000  RESTRAINT  =         0.0000
 EKCMT  =     35271.1743  VIRIAL  =     31925.2078  VOLUME     =   1725761.3031
 CMAP   =      1201.7875
                                                    Density    =         1.0333
 Ewald error estimate:   0.3513E-04
 ------------------------------------------------------------------------------

 NMR restraints: Bond =    0.000   Angle =     0.000   Torsion =     0.000
===============================================================================

 NSTEP =    29900   TIME(PS) =      80.400  TEMP(K) =   302.87  PRESS =   -54.4
 Etot   =   -374891.1688  EKtot   =    113125.7016  EPtot      =   -488016.8704
 BOND   =      8879.5500  ANGLE   =     30028.9566  DIHED      =     20034.4771
 1-4 NB =      9178.5398  1-4 EEL =     39570.3377  VDWAALS    =     26195.0857
 EELEC  =   -623102.9319  EHBOND  =         0.0000  RESTRAINT  =         0.0000
 EKCMT  =     35287.7159  VIRIAL  =     37313.6611  VOLUME     =   1725679.8180
 CMAP   =      1199.1146
                                                    Density    =         1.0333
 Ewald error estimate:   0.4845E-04
 ------------------------------------------------------------------------------

 NMR restraints: Bond =    0.000   Angle =     0.000   Torsion =     0.000
===============================================================================

 NSTEP =    30000   TIME(PS) =      80.500  TEMP(K) =   302.83  PRESS =   103.5
 Etot   =   -375062.9424  EKtot   =    113107.4841  EPtot      =   -488170.4265
 BOND   =      8718.1298  ANGLE   =     30023.6062  DIHED      =     19944.5593
 1-4 NB =      9257.1578  1-4 EEL =     39766.9450  VDWAALS    =     26699.6263
 EELEC  =   -623778.8553  EHBOND  =         0.0000  RESTRAINT  =         0.0000
 EKCMT  =     35251.8916  VIRIAL  =     31396.0841  VOLUME     =   1725577.3532
 CMAP   =      1198.4044
                                                    Density    =         1.0334
 Ewald error estimate:   0.5754E-04
 ------------------------------------------------------------------------------

 NMR restraints: Bond =    0.000   Angle =     0.000   Torsion =     0.000
===============================================================================

 NSTEP =    30100   TIME(PS) =      80.600  TEMP(K) =   302.75  PRESS =  -115.2
 Etot   =   -375344.3917  EKtot   =    113079.2611  EPtot      =   -488423.6528
 BOND   =      8709.2016  ANGLE   =     30075.7429  DIHED      =     19975.0159
 1-4 NB =      9210.9719  1-4 EEL =     39572.0197  VDWAALS    =     26623.5373
 EELEC  =   -623803.7890  EHBOND  =         0.0000  RESTRAINT  =         0.0000
 EKCMT  =     35270.1696  VIRIAL  =     39561.5376  VOLUME     =   1725460.4457
 CMAP   =      1213.6470
                                                    Density    =         1.0335
 Ewald error estimate:   0.6292E-04
 ------------------------------------------------------------------------------

 NMR restraints: Bond =    0.000   Angle =     0.000   Torsion =     0.000
===============================================================================

 NSTEP =    30200   TIME(PS) =      80.700  TEMP(K) =   303.37  PRESS =    79.1
 Etot   =   -375359.0485  EKtot   =    113311.8003  EPtot      =   -488670.8488
 BOND   =      8726.1575  ANGLE   =     30072.6157  DIHED      =     19937.0311
 1-4 NB =      9198.3254  1-4 EEL =     39561.1000  VDWAALS    =     26946.0061
 EELEC  =   -624335.3912  EHBOND  =         0.0000  RESTRAINT  =         0.0000
 EKCMT  =     35303.5315  VIRIAL  =     32354.9578  VOLUME     =   1725649.4103
 CMAP   =      1223.3066
                                                    Density    =         1.0334
 Ewald error estimate:   0.3208E-04
 ------------------------------------------------------------------------------

 NMR restraints: Bond =    0.000   Angle =     0.000   Torsion =     0.000
===============================================================================

 NSTEP =    30300   TIME(PS) =      80.800  TEMP(K) =   302.51  PRESS =  -133.2
 Etot   =   -375436.1068  EKtot   =    112988.8072  EPtot      =   -488424.9141
 BOND   =      8700.5992  ANGLE   =     30091.2026  DIHED      =     20036.5039
 1-4 NB =      9257.7282  1-4 EEL =     39620.0186  VDWAALS    =     26319.7619
 EELEC  =   -623680.4777  EHBOND  =         0.0000  RESTRAINT  =         0.0000
 EKCMT  =     35221.1754  VIRIAL  =     40183.6489  VOLUME     =   1725655.0869
 CMAP   =      1229.7491
                                                    Density    =         1.0334
 Ewald error estimate:   0.7720E-04
 ------------------------------------------------------------------------------

 NMR restraints: Bond =    0.000   Angle =     0.000   Torsion =     0.000
===============================================================================

 NSTEP =    30400   TIME(PS) =      80.900  TEMP(K) =   303.48  PRESS =    27.8
 Etot   =   -375403.2480  EKtot   =    113350.5629  EPtot      =   -488753.8109
 BOND   =      8746.8981  ANGLE   =     29984.1732  DIHED      =     20094.4798
 1-4 NB =      9287.2264  1-4 EEL =     39640.4518  VDWAALS    =     26204.6968
 EELEC  =   -623933.4357  EHBOND  =         0.0000  RESTRAINT  =         0.0000
 EKCMT  =     35306.5671  VIRIAL  =     34271.7374  VOLUME     =   1725361.2387
 CMAP   =      1221.6989
                                                    Density    =         1.0335
 Ewald error estimate:   0.5261E-04
 ------------------------------------------------------------------------------

 NMR restraints: Bond =    0.000   Angle =     0.000   Torsion =     0.000
===============================================================================

 NSTEP =    30500   TIME(PS) =      81.000  TEMP(K) =   302.89  PRESS =   -34.9
 Etot   =   -375264.4137  EKtot   =    113131.8535  EPtot      =   -488396.2671
 BOND   =      8821.7853  ANGLE   =     29864.3792  DIHED      =     19999.6794
 1-4 NB =      9227.1152  1-4 EEL =     39881.3070  VDWAALS    =     26576.0184
 EELEC  =   -623998.9280  EHBOND  =         0.0000  RESTRAINT  =         0.0000
 EKCMT  =     35227.4485  VIRIAL  =     36528.7291  VOLUME     =   1725231.0028
 CMAP   =      1232.3764
                                                    Density    =         1.0336
 Ewald error estimate:   0.3930E-04
 ------------------------------------------------------------------------------

 NMR restraints: Bond =    0.000   Angle =     0.000   Torsion =     0.000
===============================================================================

 NSTEP =    30600   TIME(PS) =      81.100  TEMP(K) =   302.42  PRESS =   -60.7
 Etot   =   -375344.8110  EKtot   =    112955.1868  EPtot      =   -488299.9978
 BOND   =      8847.7382  ANGLE   =     29928.1490  DIHED      =     20075.8913
 1-4 NB =      9325.3124  1-4 EEL =     39625.3512  VDWAALS    =     26361.4030
 EELEC  =   -623674.8897  EHBOND  =         0.0000  RESTRAINT  =         0.0000
 EKCMT  =     35400.1793  VIRIAL  =     37660.6815  VOLUME     =   1725266.9142
 CMAP   =      1211.0467
                                                    Density    =         1.0336
 Ewald error estimate:   0.1605E-04
 ------------------------------------------------------------------------------

 NMR restraints: Bond =    0.000   Angle =     0.000   Torsion =     0.000
===============================================================================

 NSTEP =    30700   TIME(PS) =      81.200  TEMP(K) =   302.88  PRESS =   -78.6
 Etot   =   -375570.6025  EKtot   =    113128.2811  EPtot      =   -488698.8836
 BOND   =      8715.7054  ANGLE   =     29891.9882  DIHED      =     20014.1235
 1-4 NB =      9257.1304  1-4 EEL =     39831.3520  VDWAALS    =     26396.7964
 EELEC  =   -623997.2687  EHBOND  =         0.0000  RESTRAINT  =         0.0000
 EKCMT  =     35244.0661  VIRIAL  =     38172.8880  VOLUME     =   1725095.1858
 CMAP   =      1191.2892
                                                    Density    =         1.0337
 Ewald error estimate:   0.2029E-04
 ------------------------------------------------------------------------------

 NMR restraints: Bond =    0.000   Angle =     0.000   Torsion =     0.000
===============================================================================

 NSTEP =    30800   TIME(PS) =      81.300  TEMP(K) =   302.15  PRESS =   -47.5
 Etot   =   -375464.3543  EKtot   =    112856.0749  EPtot      =   -488320.4292
 BOND   =      8710.1471  ANGLE   =     29983.9257  DIHED      =     20041.0909
 1-4 NB =      9240.8121  1-4 EEL =     39681.0770  VDWAALS    =     26319.9880
 EELEC  =   -623494.4131  EHBOND  =         0.0000  RESTRAINT  =         0.0000
 EKCMT  =     35037.5488  VIRIAL  =     36805.2795  VOLUME     =   1724755.2018
 CMAP   =      1196.9432
                                                    Density    =         1.0339
 Ewald error estimate:   0.3766E-04
 ------------------------------------------------------------------------------

 NMR restraints: Bond =    0.000   Angle =     0.000   Torsion =     0.000
===============================================================================

 NSTEP =    30900   TIME(PS) =      81.400  TEMP(K) =   301.75  PRESS =  -108.1
 Etot   =   -375535.4213  EKtot   =    112704.7850  EPtot      =   -488240.2062
 BOND   =      8782.6185  ANGLE   =     30019.2293  DIHED      =     19971.8305
 1-4 NB =      9278.6435  1-4 EEL =     39600.2586  VDWAALS    =     26104.6643
 EELEC  =   -623217.0551  EHBOND  =         0.0000  RESTRAINT  =         0.0000
 EKCMT  =     35177.6253  VIRIAL  =     39200.8435  VOLUME     =   1724436.1414
 CMAP   =      1219.6041
                                                    Density    =         1.0341
 Ewald error estimate:   0.4126E-06
 ------------------------------------------------------------------------------

 NMR restraints: Bond =    0.000   Angle =     0.000   Torsion =     0.000
===============================================================================

 NSTEP =    31000   TIME(PS) =      81.500  TEMP(K) =   302.30  PRESS =    -1.3
 Etot   =   -375548.6928  EKtot   =    112909.7476  EPtot      =   -488458.4404
 BOND   =      8775.2185  ANGLE   =     29984.1294  DIHED      =     20051.0414
 1-4 NB =      9232.9679  1-4 EEL =     39592.7443  VDWAALS    =     26760.9718
 EELEC  =   -624047.5482  EHBOND  =         0.0000  RESTRAINT  =         0.0000
 EKCMT  =     35087.7483  VIRIAL  =     35136.6276  VOLUME     =   1724257.8543
 CMAP   =      1192.0345
                                                    Density    =         1.0342
 Ewald error estimate:   0.1441E-04
 ------------------------------------------------------------------------------

 NMR restraints: Bond =    0.000   Angle =     0.000   Torsion =     0.000
===============================================================================

 NSTEP =    31100   TIME(PS) =      81.600  TEMP(K) =   303.07  PRESS =  -220.7
 Etot   =   -375393.9598  EKtot   =    113199.8469  EPtot      =   -488593.8067
 BOND   =      8700.9644  ANGLE   =     29850.2924  DIHED      =     20011.9308
 1-4 NB =      9216.9987  1-4 EEL =     39681.1822  VDWAALS    =     26510.5000
 EELEC  =   -623739.2450  EHBOND  =         0.0000  RESTRAINT  =         0.0000
 EKCMT  =     35331.9271  VIRIAL  =     43547.6163  VOLUME     =   1724059.6130
 CMAP   =      1173.5698
                                                    Density    =         1.0343
 Ewald error estimate:   0.4602E-04
 ------------------------------------------------------------------------------

 NMR restraints: Bond =    0.000   Angle =     0.000   Torsion =     0.000
===============================================================================

 NSTEP =    31200   TIME(PS) =      81.700  TEMP(K) =   302.34  PRESS =   153.9
 Etot   =   -375281.4897  EKtot   =    112924.2810  EPtot      =   -488205.7707
 BOND   =      8735.1567  ANGLE   =     29963.6038  DIHED      =     20046.8486
 1-4 NB =      9194.6770  1-4 EEL =     39625.6343  VDWAALS    =     26910.7345
 EELEC  =   -623874.1313  EHBOND  =         0.0000  RESTRAINT  =         0.0000
 EKCMT  =     35234.7435  VIRIAL  =     29505.1534  VOLUME     =   1723918.5720
 CMAP   =      1191.7058
                                                    Density    =         1.0344
 Ewald error estimate:   0.2326E-05
 ------------------------------------------------------------------------------

 NMR restraints: Bond =    0.000   Angle =     0.000   Torsion =     0.000
===============================================================================

 NSTEP =    31300   TIME(PS) =      81.800  TEMP(K) =   303.87  PRESS =    20.6
 Etot   =   -375112.9519  EKtot   =    113496.6333  EPtot      =   -488609.5852
 BOND   =      8561.9391  ANGLE   =     30045.0922  DIHED      =     20067.0479
 1-4 NB =      9301.3493  1-4 EEL =     39612.9173  VDWAALS    =     26861.1496
 EELEC  =   -624258.1048  EHBOND  =         0.0000  RESTRAINT  =         0.0000
 EKCMT  =     35260.7809  VIRIAL  =     34492.2547  VOLUME     =   1724103.0154
 CMAP   =      1199.0242
                                                    Density    =         1.0343
 Ewald error estimate:   0.2008E-04
 ------------------------------------------------------------------------------

 NMR restraints: Bond =    0.000   Angle =     0.000   Torsion =     0.000
===============================================================================

 NSTEP =    31400   TIME(PS) =      81.900  TEMP(K) =   302.59  PRESS =   -17.8
 Etot   =   -375382.1795  EKtot   =    113020.4274  EPtot      =   -488402.6069
 BOND   =      8711.1709  ANGLE   =     29986.0366  DIHED      =     20180.9779
 1-4 NB =      9304.5794  1-4 EEL =     39835.3827  VDWAALS    =     26412.9021
 EELEC  =   -624023.6501  EHBOND  =         0.0000  RESTRAINT  =         0.0000
 EKCMT  =     35342.9804  VIRIAL  =     36005.9088  VOLUME     =   1724218.5011
 CMAP   =      1189.9935
                                                    Density    =         1.0342
 Ewald error estimate:   0.2938E-04
 ------------------------------------------------------------------------------

 NMR restraints: Bond =    0.000   Angle =     0.000   Torsion =     0.000
===============================================================================

 NSTEP =    31500   TIME(PS) =      82.000  TEMP(K) =   304.33  PRESS =     4.5
 Etot   =   -375242.1594  EKtot   =    113669.6079  EPtot      =   -488911.7672
 BOND   =      8686.8300  ANGLE   =     29798.0009  DIHED      =     20145.5642
 1-4 NB =      9266.6797  1-4 EEL =     39789.5754  VDWAALS    =     26570.1471
 EELEC  =   -624358.0308  EHBOND  =         0.0000  RESTRAINT  =         0.0000
 EKCMT  =     35474.2158  VIRIAL  =     35307.2675  VOLUME     =   1724224.2211
 CMAP   =      1189.4664
                                                    Density    =         1.0342
 Ewald error estimate:   0.3296E-04
 ------------------------------------------------------------------------------

 NMR restraints: Bond =    0.000   Angle =     0.000   Torsion =     0.000
===============================================================================

 NSTEP =    31600   TIME(PS) =      82.100  TEMP(K) =   303.68  PRESS =   119.9
 Etot   =   -375157.8995  EKtot   =    113427.4897  EPtot      =   -488585.3892
 BOND   =      8730.2850  ANGLE   =     29942.3177  DIHED      =     20150.1027
 1-4 NB =      9259.8913  1-4 EEL =     39764.8270  VDWAALS    =     26472.7471
 EELEC  =   -624088.8267  EHBOND  =         0.0000  RESTRAINT  =         0.0000
 EKCMT  =     35320.6480  VIRIAL  =     30858.8526  VOLUME     =   1724133.5041
 CMAP   =      1183.2668
                                                    Density    =         1.0343
 Ewald error estimate:   0.3099E-04
 ------------------------------------------------------------------------------

 NMR restraints: Bond =    0.000   Angle =     0.000   Torsion =     0.000
===============================================================================

 NSTEP =    31700   TIME(PS) =      82.200  TEMP(K) =   303.67  PRESS =  -125.5
 Etot   =   -375128.3870  EKtot   =    113421.1146  EPtot      =   -488549.5016
 BOND   =      8783.3072  ANGLE   =     29880.2235  DIHED      =     20061.6268
 1-4 NB =      9242.1372  1-4 EEL =     39766.4685  VDWAALS    =     26449.6946
 EELEC  =   -623918.8188  EHBOND  =         0.0000  RESTRAINT  =         0.0000
 EKCMT  =     35476.0772  VIRIAL  =     40147.7076  VOLUME     =   1724040.4125
 CMAP   =      1185.8595
                                                    Density    =         1.0343
 Ewald error estimate:   0.6142E-04
 ------------------------------------------------------------------------------

 NMR restraints: Bond =    0.000   Angle =     0.000   Torsion =     0.000
===============================================================================

 NSTEP =    31800   TIME(PS) =      82.300  TEMP(K) =   302.59  PRESS =    46.7
 Etot   =   -375151.0491  EKtot   =    113020.4162  EPtot      =   -488171.4653
 BOND   =      8878.9557  ANGLE   =     30023.0112  DIHED      =     20133.7303
 1-4 NB =      9230.9563  1-4 EEL =     39749.2761  VDWAALS    =     25899.0693
 EELEC  =   -623268.6746  EHBOND  =         0.0000  RESTRAINT  =         0.0000
 EKCMT  =     35534.1768  VIRIAL  =     33795.0712  VOLUME     =   1723970.8743
 CMAP   =      1182.2104
                                                    Density    =         1.0344
 Ewald error estimate:   0.4431E-04
 ------------------------------------------------------------------------------

 NMR restraints: Bond =    0.000   Angle =     0.000   Torsion =     0.000
===============================================================================

 NSTEP =    31900   TIME(PS) =      82.400  TEMP(K) =   303.39  PRESS =    57.4
 Etot   =   -375136.0744  EKtot   =    113316.7478  EPtot      =   -488452.8222
 BOND   =      8755.3207  ANGLE   =     29887.2783  DIHED      =     20051.6376
 1-4 NB =      9220.4997  1-4 EEL =     39820.8450  VDWAALS    =     26810.0906
 EELEC  =   -624196.4216  EHBOND  =         0.0000  RESTRAINT  =         0.0000
 EKCMT  =     35614.7657  VIRIAL  =     33478.4002  VOLUME     =   1723928.8104
 CMAP   =      1197.9274
                                                    Density    =         1.0344
 Ewald error estimate:   0.3225E-04
 ------------------------------------------------------------------------------

 NMR restraints: Bond =    0.000   Angle =     0.000   Torsion =     0.000
===============================================================================

 NSTEP =    32000   TIME(PS) =      82.500  TEMP(K) =   303.39  PRESS =     5.6
 Etot   =   -374965.3286  EKtot   =    113318.8431  EPtot      =   -488284.1716
 BOND   =      8788.5336  ANGLE   =     29913.3148  DIHED      =     20044.0408
 1-4 NB =      9323.8236  1-4 EEL =     39626.8936  VDWAALS    =     26840.4705
 EELEC  =   -624010.6944  EHBOND  =         0.0000  RESTRAINT  =         0.0000
 EKCMT  =     35601.2518  VIRIAL  =     35394.5379  VOLUME     =   1724014.5651
 CMAP   =      1189.4458
                                                    Density    =         1.0343
 Ewald error estimate:   0.3169E-04
 ------------------------------------------------------------------------------

 NMR restraints: Bond =    0.000   Angle =     0.000   Torsion =     0.000
===============================================================================

 NSTEP =    32100   TIME(PS) =      82.600  TEMP(K) =   302.90  PRESS =   -11.9
 Etot   =   -374964.9480  EKtot   =    113135.0288  EPtot      =   -488099.9768
 BOND   =      8770.8650  ANGLE   =     30080.6598  DIHED      =     20022.1360
 1-4 NB =      9217.3920  1-4 EEL =     39679.0894  VDWAALS    =     26966.5289
 EELEC  =   -624081.0174  EHBOND  =         0.0000  RESTRAINT  =         0.0000
 EKCMT  =     35408.5165  VIRIAL  =     35850.0298  VOLUME     =   1724141.5118
 CMAP   =      1244.3697
                                                    Density    =         1.0343
 Ewald error estimate:   0.7720E-04
 ------------------------------------------------------------------------------

 NMR restraints: Bond =    0.000   Angle =     0.000   Torsion =     0.000
===============================================================================

 NSTEP =    32200   TIME(PS) =      82.700  TEMP(K) =   303.89  PRESS =   312.2
 Etot   =   -374924.7685  EKtot   =    113506.5677  EPtot      =   -488431.3362
 BOND   =      8746.0065  ANGLE   =     29864.3530  DIHED      =     20072.4314
 1-4 NB =      9301.2571  1-4 EEL =     39744.1045  VDWAALS    =     27088.6007
 EELEC  =   -624465.2086  EHBOND  =         0.0000  RESTRAINT  =         0.0000
 EKCMT  =     35696.7818  VIRIAL  =     24072.0885  VOLUME     =   1724557.7058
 CMAP   =      1217.1192
                                                    Density    =         1.0340
 Ewald error estimate:   0.6100E-04
 ------------------------------------------------------------------------------

 NMR restraints: Bond =    0.000   Angle =     0.000   Torsion =     0.000
===============================================================================

 NSTEP =    32300   TIME(PS) =      82.800  TEMP(K) =   304.19  PRESS =     2.5
 Etot   =   -374804.6799  EKtot   =    113618.1481  EPtot      =   -488422.8280
 BOND   =      8786.0447  ANGLE   =     29820.3229  DIHED      =     20135.1521
 1-4 NB =      9291.6164  1-4 EEL =     39771.7035  VDWAALS    =     26350.0267
 EELEC  =   -623787.0361  EHBOND  =         0.0000  RESTRAINT  =         0.0000
 EKCMT  =     35674.4014  VIRIAL  =     35579.5909  VOLUME     =   1724980.2146
 CMAP   =      1209.3418
                                                    Density    =         1.0338
 Ewald error estimate:   0.1456E-03
 ------------------------------------------------------------------------------

 NMR restraints: Bond =    0.000   Angle =     0.000   Torsion =     0.000
===============================================================================

 NSTEP =    32400   TIME(PS) =      82.900  TEMP(K) =   303.80  PRESS =   -33.3
 Etot   =   -374645.1933  EKtot   =    113472.6541  EPtot      =   -488117.8474
 BOND   =      8722.6342  ANGLE   =     29858.7200  DIHED      =     20009.0137
 1-4 NB =      9233.7011  1-4 EEL =     39622.2642  VDWAALS    =     26229.3402
 EELEC  =   -622991.1165  EHBOND  =         0.0000  RESTRAINT  =         0.0000
 EKCMT  =     35593.8142  VIRIAL  =     36834.1859  VOLUME     =   1724730.8176
 CMAP   =      1197.5957
                                                    Density    =         1.0339
 Ewald error estimate:   0.5255E-05
 ------------------------------------------------------------------------------

 NMR restraints: Bond =    0.000   Angle =     0.000   Torsion =     0.000
===============================================================================

 NSTEP =    32500   TIME(PS) =      83.000  TEMP(K) =   304.93  PRESS =    17.9
 Etot   =   -374639.6341  EKtot   =    113891.8148  EPtot      =   -488531.4488
 BOND   =      8714.9344  ANGLE   =     30086.8670  DIHED      =     20019.5463
 1-4 NB =      9233.3348  1-4 EEL =     39586.2894  VDWAALS    =     26351.4145
 EELEC  =   -623709.0902  EHBOND  =         0.0000  RESTRAINT  =         0.0000
 EKCMT  =     35744.0899  VIRIAL  =     35076.7306  VOLUME     =   1724964.9568
 CMAP   =      1185.2549
                                                    Density    =         1.0338
 Ewald error estimate:   0.8684E-04
 ------------------------------------------------------------------------------

 NMR restraints: Bond =    0.000   Angle =     0.000   Torsion =     0.000
===============================================================================

 NSTEP =    32600   TIME(PS) =      83.100  TEMP(K) =   304.47  PRESS =   129.6
 Etot   =   -374725.4341  EKtot   =    113720.8821  EPtot      =   -488446.3162
 BOND   =      8716.7660  ANGLE   =     29941.3346  DIHED      =     20044.3744
 1-4 NB =      9202.3726  1-4 EEL =     39639.3516  VDWAALS    =     26989.5853
 EELEC  =   -624168.7238  EHBOND  =         0.0000  RESTRAINT  =         0.0000
 EKCMT  =     35443.6428  VIRIAL  =     30617.2180  VOLUME     =   1725147.4503
 CMAP   =      1188.6231
                                                    Density    =         1.0337
 Ewald error estimate:   0.4088E-04
 ------------------------------------------------------------------------------

 NMR restraints: Bond =    0.000   Angle =     0.000   Torsion =     0.000
===============================================================================

 NSTEP =    32700   TIME(PS) =      83.200  TEMP(K) =   304.56  PRESS =   -19.5
 Etot   =   -374372.6523  EKtot   =    113755.4074  EPtot      =   -488128.0598
 BOND   =      8691.1003  ANGLE   =     30038.3725  DIHED      =     20045.6231
 1-4 NB =      9250.2126  1-4 EEL =     39700.9525  VDWAALS    =     26704.1367
 EELEC  =   -623746.7832  EHBOND  =         0.0000  RESTRAINT  =         0.0000
 EKCMT  =     35463.8328  VIRIAL  =     36190.9985  VOLUME     =   1725233.3853
 CMAP   =      1188.3258
                                                    Density    =         1.0336
 Ewald error estimate:   0.3891E-04
 ------------------------------------------------------------------------------

 NMR restraints: Bond =    0.000   Angle =     0.000   Torsion =     0.000
===============================================================================

 NSTEP =    32800   TIME(PS) =      83.300  TEMP(K) =   303.51  PRESS =   -64.5
 Etot   =   -374650.0882  EKtot   =    113363.5403  EPtot      =   -488013.6285
 BOND   =      8719.1133  ANGLE   =     30031.3959  DIHED      =     20177.6365
 1-4 NB =      9319.5473  1-4 EEL =     39749.9801  VDWAALS    =     26349.8553
 EELEC  =   -623544.7180  EHBOND  =         0.0000  RESTRAINT  =         0.0000
 EKCMT  =     35294.5221  VIRIAL  =     37696.8719  VOLUME     =   1725050.6591
 CMAP   =      1183.5611
                                                    Density    =         1.0337
 Ewald error estimate:   0.2231E-04
 ------------------------------------------------------------------------------

 NMR restraints: Bond =    0.000   Angle =     0.000   Torsion =     0.000
===============================================================================

 NSTEP =    32900   TIME(PS) =      83.400  TEMP(K) =   303.42  PRESS =    55.8
 Etot   =   -374959.2235  EKtot   =    113328.9691  EPtot      =   -488288.1927
 BOND   =      8600.6525  ANGLE   =     29865.0636  DIHED      =     20153.2227
 1-4 NB =      9263.4129  1-4 EEL =     39855.3562  VDWAALS    =     26486.3629
 EELEC  =   -623720.5583  EHBOND  =         0.0000  RESTRAINT  =         0.0000
 EKCMT  =     35310.6777  VIRIAL  =     33232.5498  VOLUME     =   1725043.3785
 CMAP   =      1208.2949
                                                    Density    =         1.0337
 Ewald error estimate:   0.6589E-04
 ------------------------------------------------------------------------------

 NMR restraints: Bond =    0.000   Angle =     0.000   Torsion =     0.000
===============================================================================

 NSTEP =    33000   TIME(PS) =      83.500  TEMP(K) =   302.71  PRESS =    51.1
 Etot   =   -374940.0187  EKtot   =    113063.4986  EPtot      =   -488003.5173
 BOND   =      8832.9137  ANGLE   =     30052.2700  DIHED      =     20091.2900
 1-4 NB =      9306.0569  1-4 EEL =     39614.9016  VDWAALS    =     26295.6789
 EELEC  =   -623390.1586  EHBOND  =         0.0000  RESTRAINT  =         0.0000
 EKCMT  =     35319.5161  VIRIAL  =     33415.1036  VOLUME     =   1725134.5521
 CMAP   =      1193.5302
                                                    Density    =         1.0337
 Ewald error estimate:   0.7327E-05
 ------------------------------------------------------------------------------

 NMR restraints: Bond =    0.000   Angle =     0.000   Torsion =     0.000
===============================================================================

 NSTEP =    33100   TIME(PS) =      83.600  TEMP(K) =   302.85  PRESS =   104.7
 Etot   =   -374888.0389  EKtot   =    113117.7917  EPtot      =   -488005.8306
 BOND   =      8783.8243  ANGLE   =     30057.9500  DIHED      =     20121.1364
 1-4 NB =      9210.7555  1-4 EEL =     39686.0160  VDWAALS    =     26976.5192
 EELEC  =   -624065.5711  EHBOND  =         0.0000  RESTRAINT  =         0.0000
 EKCMT  =     35324.0985  VIRIAL  =     31425.1427  VOLUME     =   1725243.4112
 CMAP   =      1223.5390
                                                    Density    =         1.0336
 Ewald error estimate:   0.7970E-04
 ------------------------------------------------------------------------------

 NMR restraints: Bond =    0.000   Angle =     0.000   Torsion =     0.000
===============================================================================

 NSTEP =    33200   TIME(PS) =      83.700  TEMP(K) =   304.88  PRESS =   -78.8
 Etot   =   -374640.1295  EKtot   =    113873.9873  EPtot      =   -488514.1168
 BOND   =      8776.7741  ANGLE   =     29960.1432  DIHED      =     20068.2863
 1-4 NB =      9198.4774  1-4 EEL =     39653.0832  VDWAALS    =     26512.9078
 EELEC  =   -623876.2365  EHBOND  =         0.0000  RESTRAINT  =         0.0000
 EKCMT  =     35638.4029  VIRIAL  =     38575.5692  VOLUME     =   1725435.7794
 CMAP   =      1192.4477
                                                    Density    =         1.0335
 Ewald error estimate:   0.5285E-04
 ------------------------------------------------------------------------------

 NMR restraints: Bond =    0.000   Angle =     0.000   Torsion =     0.000
===============================================================================

 NSTEP =    33300   TIME(PS) =      83.800  TEMP(K) =   304.69  PRESS =   -10.1
 Etot   =   -374818.9367  EKtot   =    113804.7279  EPtot      =   -488623.6646
 BOND   =      8818.8910  ANGLE   =     29564.9376  DIHED      =     20131.7412
 1-4 NB =      9256.2372  1-4 EEL =     39561.9581  VDWAALS    =     26364.1526
 EELEC  =   -623534.7262  EHBOND  =         0.0000  RESTRAINT  =         0.0000
 EKCMT  =     35560.1417  VIRIAL  =     35937.4108  VOLUME     =   1725347.1547
 CMAP   =      1213.1438
                                                    Density    =         1.0335
 Ewald error estimate:   0.9611E-05
 ------------------------------------------------------------------------------

 NMR restraints: Bond =    0.000   Angle =     0.000   Torsion =     0.000
===============================================================================

 NSTEP =    33400   TIME(PS) =      83.900  TEMP(K) =   302.75  PRESS =    32.8
 Etot   =   -374846.6673  EKtot   =    113079.5328  EPtot      =   -487926.2001
 BOND   =      8797.4956  ANGLE   =     29911.2984  DIHED      =     20134.3533
 1-4 NB =      9245.1212  1-4 EEL =     39642.4658  VDWAALS    =     26696.6563
 EELEC  =   -623534.7098  EHBOND  =         0.0000  RESTRAINT  =         0.0000
 EKCMT  =     35248.8052  VIRIAL  =     34025.5639  VOLUME     =   1725164.3844
 CMAP   =      1181.1191
                                                    Density    =         1.0337
 Ewald error estimate:   0.2101E-04
 ------------------------------------------------------------------------------

 NMR restraints: Bond =    0.000   Angle =     0.000   Torsion =     0.000
===============================================================================

 NSTEP =    33500   TIME(PS) =      84.000  TEMP(K) =   303.89  PRESS =    -5.6
 Etot   =   -375048.8604  EKtot   =    113505.6674  EPtot      =   -488554.5278
 BOND   =      8703.3155  ANGLE   =     29839.3680  DIHED      =     20061.4458
 1-4 NB =      9262.9777  1-4 EEL =     39831.9593  VDWAALS    =     26579.0764
 EELEC  =   -624026.1705  EHBOND  =         0.0000  RESTRAINT  =         0.0000
 EKCMT  =     35412.6225  VIRIAL  =     35622.5958  VOLUME     =   1725380.4865
 CMAP   =      1193.5002
                                                    Density    =         1.0335
 Ewald error estimate:   0.4883E-04
 ------------------------------------------------------------------------------

 NMR restraints: Bond =    0.000   Angle =     0.000   Torsion =     0.000
===============================================================================

 NSTEP =    33600   TIME(PS) =      84.100  TEMP(K) =   303.92  PRESS =   -68.1
 Etot   =   -375220.2269  EKtot   =    113515.0829  EPtot      =   -488735.3098
 BOND   =      8811.6905  ANGLE   =     29823.2889  DIHED      =     19985.1619
 1-4 NB =      9201.6986  1-4 EEL =     39588.6075  VDWAALS    =     26705.5511
 EELEC  =   -624075.6922  EHBOND  =         0.0000  RESTRAINT  =         0.0000
 EKCMT  =     35534.0614  VIRIAL  =     38069.9006  VOLUME     =   1725269.3897
 CMAP   =      1224.3839
                                                    Density    =         1.0336
 Ewald error estimate:   0.3124E-04
 ------------------------------------------------------------------------------

 NMR restraints: Bond =    0.000   Angle =     0.000   Torsion =     0.000
===============================================================================

 NSTEP =    33700   TIME(PS) =      84.200  TEMP(K) =   303.70  PRESS =   -85.7
 Etot   =   -375041.5077  EKtot   =    113432.9221  EPtot      =   -488474.4298
 BOND   =      8524.3038  ANGLE   =     29789.2350  DIHED      =     20038.9751
 1-4 NB =      9305.9830  1-4 EEL =     39763.7487  VDWAALS    =     26755.0200
 EELEC  =   -623849.1805  EHBOND  =         0.0000  RESTRAINT  =         0.0000
 EKCMT  =     35408.8848  VIRIAL  =     38600.7345  VOLUME     =   1725190.8539
 CMAP   =      1197.4851
                                                    Density    =         1.0336
 Ewald error estimate:   0.4196E-04
 ------------------------------------------------------------------------------

 NMR restraints: Bond =    0.000   Angle =     0.000   Torsion =     0.000
===============================================================================

 NSTEP =    33800   TIME(PS) =      84.300  TEMP(K) =   304.70  PRESS =  -145.1
 Etot   =   -374783.0182  EKtot   =    113806.9598  EPtot      =   -488589.9779
 BOND   =      8791.8495  ANGLE   =     29799.5324  DIHED      =     20023.0671
 1-4 NB =      9259.8472  1-4 EEL =     39896.4020  VDWAALS    =     26397.5165
 EELEC  =   -623938.4365  EHBOND  =         0.0000  RESTRAINT  =         0.0000
 EKCMT  =     35445.4453  VIRIAL  =     40849.0193  VOLUME     =   1725107.4759
 CMAP   =      1180.2440
                                                    Density    =         1.0337
 Ewald error estimate:   0.3400E-04
 ------------------------------------------------------------------------------

 NMR restraints: Bond =    0.000   Angle =     0.000   Torsion =     0.000
===============================================================================

 NSTEP =    33900   TIME(PS) =      84.400  TEMP(K) =   304.06  PRESS =    -0.5
 Etot   =   -374800.1287  EKtot   =    113566.6293  EPtot      =   -488366.7580
 BOND   =      8728.2443  ANGLE   =     29908.8659  DIHED      =     20197.2091
 1-4 NB =      9316.6084  1-4 EEL =     39914.4058  VDWAALS    =     26492.5018
 EELEC  =   -624146.0266  EHBOND  =         0.0000  RESTRAINT  =         0.0000
 EKCMT  =     35435.0354  VIRIAL  =     35453.3026  VOLUME     =   1724691.3224
 CMAP   =      1221.4333
                                                    Density    =         1.0339
 Ewald error estimate:   0.4648E-04
 ------------------------------------------------------------------------------

 NMR restraints: Bond =    0.000   Angle =     0.000   Torsion =     0.000
===============================================================================

 NSTEP =    34000   TIME(PS) =      84.500  TEMP(K) =   303.49  PRESS =  -178.4
 Etot   =   -374870.9976  EKtot   =    113354.3957  EPtot      =   -488225.3932
 BOND   =      8802.9658  ANGLE   =     29878.2548  DIHED      =     20209.5580
 1-4 NB =      9294.4567  1-4 EEL =     39639.3658  VDWAALS    =     26230.5467
 EELEC  =   -623465.4120  EHBOND  =         0.0000  RESTRAINT  =         0.0000
 EKCMT  =     35422.2541  VIRIAL  =     42065.1535  VOLUME     =   1724585.8154
 CMAP   =      1184.8709
                                                    Density    =         1.0340
 Ewald error estimate:   0.5146E-04
 ------------------------------------------------------------------------------

 NMR restraints: Bond =    0.000   Angle =     0.000   Torsion =     0.000
===============================================================================

 NSTEP =    34100   TIME(PS) =      84.600  TEMP(K) =   304.29  PRESS =   -24.7
 Etot   =   -374626.9550  EKtot   =    113655.6481  EPtot      =   -488282.6031
 BOND   =      8735.2082  ANGLE   =     29975.6564  DIHED      =     20114.0989
 1-4 NB =      9302.0485  1-4 EEL =     39848.3683  VDWAALS    =     26564.5240
 EELEC  =   -624029.1865  EHBOND  =         0.0000  RESTRAINT  =         0.0000
 EKCMT  =     35546.4989  VIRIAL  =     36465.2824  VOLUME     =   1724235.4763
 CMAP   =      1206.6791
                                                    Density    =         1.0342
 Ewald error estimate:   0.4913E-04
 ------------------------------------------------------------------------------

 NMR restraints: Bond =    0.000   Angle =     0.000   Torsion =     0.000
===============================================================================

 NSTEP =    34200   TIME(PS) =      84.700  TEMP(K) =   304.10  PRESS =    58.5
 Etot   =   -374466.0565  EKtot   =    113583.0883  EPtot      =   -488049.1448
 BOND   =      8766.0447  ANGLE   =     30063.7592  DIHED      =     20163.5256
 1-4 NB =      9215.5724  1-4 EEL =     39601.3018  VDWAALS    =     26783.5802
 EELEC  =   -623828.0499  EHBOND  =         0.0000  RESTRAINT  =         0.0000
 EKCMT  =     35391.5067  VIRIAL  =     33214.9067  VOLUME     =   1724128.6873
 CMAP   =      1185.1213
                                                    Density    =         1.0343
 Ewald error estimate:   0.1617E-04
 ------------------------------------------------------------------------------

 NMR restraints: Bond =    0.000   Angle =     0.000   Torsion =     0.000
===============================================================================

 NSTEP =    34300   TIME(PS) =      84.800  TEMP(K) =   304.56  PRESS =    68.6
 Etot   =   -374179.3451  EKtot   =    113756.8585  EPtot      =   -487936.2036
 BOND   =      8780.4823  ANGLE   =     30170.1540  DIHED      =     20065.0091
 1-4 NB =      9355.1043  1-4 EEL =     39881.3733  VDWAALS    =     26445.4585
 EELEC  =   -623806.5638  EHBOND  =         0.0000  RESTRAINT  =         0.0000
 EKCMT  =     35385.7964  VIRIAL  =     32831.4238  VOLUME     =   1724089.2850
 CMAP   =      1172.7789
                                                    Density    =         1.0343
 Ewald error estimate:   0.2095E-04
 ------------------------------------------------------------------------------

 NMR restraints: Bond =    0.000   Angle =     0.000   Torsion =     0.000
===============================================================================

 NSTEP =    34400   TIME(PS) =      84.900  TEMP(K) =   303.91  PRESS =   114.7
 Etot   =   -374147.2831  EKtot   =    113511.6027  EPtot      =   -487658.8858
 BOND   =      8896.7706  ANGLE   =     30050.0584  DIHED      =     20196.4884
 1-4 NB =      9286.4005  1-4 EEL =     39732.2087  VDWAALS    =     26207.2399
 EELEC  =   -623227.9534  EHBOND  =         0.0000  RESTRAINT  =         0.0000
 EKCMT  =     35380.8696  VIRIAL  =     31111.3267  VOLUME     =   1724174.9960
 CMAP   =      1199.9009
                                                    Density    =         1.0342
 Ewald error estimate:   0.1928E-04
 ------------------------------------------------------------------------------

 NMR restraints: Bond =    0.000   Angle =     0.000   Torsion =     0.000
===============================================================================

 NSTEP =    34500   TIME(PS) =      85.000  TEMP(K) =   304.91  PRESS =     2.4
 Etot   =   -374163.5600  EKtot   =    113885.8332  EPtot      =   -488049.3931
 BOND   =      8694.3984  ANGLE   =     30019.1285  DIHED      =     20054.8063
 1-4 NB =      9340.0461  1-4 EEL =     39750.6235  VDWAALS    =     26794.2605
 EELEC  =   -623903.7620  EHBOND  =         0.0000  RESTRAINT  =         0.0000
 EKCMT  =     35640.0175  VIRIAL  =     35551.9724  VOLUME     =   1724352.6415
 CMAP   =      1201.1056
                                                    Density    =         1.0341
 Ewald error estimate:   0.1790E-04
 ------------------------------------------------------------------------------

 NMR restraints: Bond =    0.000   Angle =     0.000   Torsion =     0.000
===============================================================================

 NSTEP =    34600   TIME(PS) =      85.100  TEMP(K) =   305.50  PRESS =    62.3
 Etot   =   -374293.7840  EKtot   =    114104.7136  EPtot      =   -488398.4976
 BOND   =      8916.4296  ANGLE   =     29880.4570  DIHED      =     20030.5684
 1-4 NB =      9284.7620  1-4 EEL =     39842.6623  VDWAALS    =     26591.7620
 EELEC  =   -624136.1641  EHBOND  =         0.0000  RESTRAINT  =         0.0000
 EKCMT  =     35756.4051  VIRIAL  =     33438.3140  VOLUME     =   1724270.5723
 CMAP   =      1191.0253
                                                    Density    =         1.0342
 Ewald error estimate:   0.1008E-05
 ------------------------------------------------------------------------------

 NMR restraints: Bond =    0.000   Angle =     0.000   Torsion =     0.000
===============================================================================

 NSTEP =    34700   TIME(PS) =      85.200  TEMP(K) =   305.43  PRESS =   -23.8
 Etot   =   -374424.6679  EKtot   =    114080.1206  EPtot      =   -488504.7884
 BOND   =      8827.0228  ANGLE   =     30122.4366  DIHED      =     20178.7912
 1-4 NB =      9227.7551  1-4 EEL =     39706.9178  VDWAALS    =     26406.1337
 EELEC  =   -624178.7809  EHBOND  =         0.0000  RESTRAINT  =         0.0000
 EKCMT  =     35694.3881  VIRIAL  =     36582.1524  VOLUME     =   1724177.3190
 CMAP   =      1204.9352
                                                    Density    =         1.0342
 Ewald error estimate:   0.2032E-04
 ------------------------------------------------------------------------------

 NMR restraints: Bond =    0.000   Angle =     0.000   Torsion =     0.000
===============================================================================

 NSTEP =    34800   TIME(PS) =      85.300  TEMP(K) =   304.42  PRESS =   -17.9
 Etot   =   -374694.4444  EKtot   =    113703.9233  EPtot      =   -488398.3677
 BOND   =      8788.3515  ANGLE   =     29850.5922  DIHED      =     20117.5775
 1-4 NB =      9355.7858  1-4 EEL =     39698.9531  VDWAALS    =     26564.9197
 EELEC  =   -623981.2136  EHBOND  =         0.0000  RESTRAINT  =         0.0000
 EKCMT  =     35545.8748  VIRIAL  =     36211.4248  VOLUME     =   1724272.8148
 CMAP   =      1206.6662
                                                    Density    =         1.0342
 Ewald error estimate:   0.3122E-04
 ------------------------------------------------------------------------------

 NMR restraints: Bond =    0.000   Angle =     0.000   Torsion =     0.000
===============================================================================

 NSTEP =    34900   TIME(PS) =      85.400  TEMP(K) =   303.23  PRESS =   142.4
 Etot   =   -375011.5127  EKtot   =    113258.4468  EPtot      =   -488269.9596
 BOND   =      8788.7708  ANGLE   =     29943.3997  DIHED      =     20148.2959
 1-4 NB =      9342.4566  1-4 EEL =     39784.6739  VDWAALS    =     26817.0385
 EELEC  =   -624284.7453  EHBOND  =         0.0000  RESTRAINT  =         0.0000
 EKCMT  =     35580.2692  VIRIAL  =     30279.6466  VOLUME     =   1724103.1691
 CMAP   =      1190.1503
                                                    Density    =         1.0343
 Ewald error estimate:   0.4456E-07
 ------------------------------------------------------------------------------

 NMR restraints: Bond =    0.000   Angle =     0.000   Torsion =     0.000
===============================================================================

 NSTEP =    35000   TIME(PS) =      85.500  TEMP(K) =   304.20  PRESS =    72.1
 Etot   =   -375080.2922  EKtot   =    113621.3756  EPtot      =   -488701.6678
 BOND   =      8792.2820  ANGLE   =     29969.3224  DIHED      =     20019.0298
 1-4 NB =      9213.1240  1-4 EEL =     39527.5681  VDWAALS    =     26789.8182
 EELEC  =   -624215.4646  EHBOND  =         0.0000  RESTRAINT  =         0.0000
 EKCMT  =     35532.5646  VIRIAL  =     32850.4740  VOLUME     =   1724041.6307
 CMAP   =      1202.6523
                                                    Density    =         1.0343
 Ewald error estimate:   0.2928E-04
 ------------------------------------------------------------------------------

 NMR restraints: Bond =    0.000   Angle =     0.000   Torsion =     0.000
===============================================================================

 NSTEP =    35100   TIME(PS) =      85.600  TEMP(K) =   303.91  PRESS =   -65.4
 Etot   =   -374976.6709  EKtot   =    113513.3725  EPtot      =   -488490.0434
 BOND   =      8847.1543  ANGLE   =     30049.1887  DIHED      =     19955.8384
 1-4 NB =      9287.1255  1-4 EEL =     39704.6877  VDWAALS    =     26421.4167
 EELEC  =   -623948.3587  EHBOND  =         0.0000  RESTRAINT  =         0.0000
 EKCMT  =     35508.2962  VIRIAL  =     37943.9336  VOLUME     =   1724155.3833
 CMAP   =      1192.9040
                                                    Density    =         1.0343
 Ewald error estimate:   0.4503E-04
 ------------------------------------------------------------------------------

 NMR restraints: Bond =    0.000   Angle =     0.000   Torsion =     0.000
===============================================================================

 NSTEP =    35200   TIME(PS) =      85.700  TEMP(K) =   303.14  PRESS =    10.3
 Etot   =   -375072.3768  EKtot   =    113222.9637  EPtot      =   -488295.3405
 BOND   =      8836.0881  ANGLE   =     29968.3943  DIHED      =     20110.2127
 1-4 NB =      9298.8152  1-4 EEL =     39754.6819  VDWAALS    =     26318.5962
 EELEC  =   -623768.1034  EHBOND  =         0.0000  RESTRAINT  =         0.0000
 EKCMT  =     35586.9715  VIRIAL  =     35203.0201  VOLUME     =   1723997.7630
 CMAP   =      1185.9745
                                                    Density    =         1.0344
 Ewald error estimate:   0.7533E-04
 ------------------------------------------------------------------------------

 NMR restraints: Bond =    0.000   Angle =     0.000   Torsion =     0.000
===============================================================================

 NSTEP =    35300   TIME(PS) =      85.800  TEMP(K) =   303.96  PRESS =   -13.5
 Etot   =   -374931.4248  EKtot   =    113532.6818  EPtot      =   -488464.1065
 BOND   =      8711.3567  ANGLE   =     30079.6748  DIHED      =     20110.5338
 1-4 NB =      9314.5632  1-4 EEL =     39609.9684  VDWAALS    =     26707.1736
 EELEC  =   -624201.3044  EHBOND  =         0.0000  RESTRAINT  =         0.0000
 EKCMT  =     35522.6249  VIRIAL  =     36026.7327  VOLUME     =   1723923.1987
 CMAP   =      1203.9274
                                                    Density    =         1.0344
 Ewald error estimate:   0.1204E-04
 ------------------------------------------------------------------------------

 NMR restraints: Bond =    0.000   Angle =     0.000   Torsion =     0.000
===============================================================================

 NSTEP =    35400   TIME(PS) =      85.900  TEMP(K) =   303.39  PRESS =    32.8
 Etot   =   -375152.8146  EKtot   =    113318.9575  EPtot      =   -488471.7721
 BOND   =      8861.5736  ANGLE   =     29947.9205  DIHED      =     20037.7530
 1-4 NB =      9333.6138  1-4 EEL =     39774.7233  VDWAALS    =     26556.2921
 EELEC  =   -624167.5545  EHBOND  =         0.0000  RESTRAINT  =         0.0000
 EKCMT  =     35369.6661  VIRIAL  =     34147.7723  VOLUME     =   1723818.7509
 CMAP   =      1183.9061
                                                    Density    =         1.0345
 Ewald error estimate:   0.1961E-05
 ------------------------------------------------------------------------------

 NMR restraints: Bond =    0.000   Angle =     0.000   Torsion =     0.000
===============================================================================

 NSTEP =    35500   TIME(PS) =      86.000  TEMP(K) =   303.17  PRESS =   176.1
 Etot   =   -375269.9075  EKtot   =    113237.5201  EPtot      =   -488507.4275
 BOND   =      8664.4201  ANGLE   =     30085.6916  DIHED      =     20165.4148
 1-4 NB =      9163.8373  1-4 EEL =     39709.1240  VDWAALS    =     27014.1755
 EELEC  =   -624507.4505  EHBOND  =         0.0000  RESTRAINT  =         0.0000
 EKCMT  =     35594.7796  VIRIAL  =     29039.6382  VOLUME     =   1723948.9085
 CMAP   =      1197.3596
                                                    Density    =         1.0344
 Ewald error estimate:   0.6139E-05
 ------------------------------------------------------------------------------

 NMR restraints: Bond =    0.000   Angle =     0.000   Torsion =     0.000
===============================================================================

 NSTEP =    35600   TIME(PS) =      86.100  TEMP(K) =   303.66  PRESS =    43.6
 Etot   =   -375238.3489  EKtot   =    113417.8510  EPtot      =   -488656.2000
 BOND   =      8798.1471  ANGLE   =     29918.1219  DIHED      =     20091.7877
 1-4 NB =      9256.1403  1-4 EEL =     39658.7829  VDWAALS    =     26522.5776
 EELEC  =   -624094.4763  EHBOND  =         0.0000  RESTRAINT  =         0.0000
 EKCMT  =     35431.4662  VIRIAL  =     33809.3883  VOLUME     =   1723909.3841
 CMAP   =      1192.7189
                                                    Density    =         1.0344
 Ewald error estimate:   0.1448E-04
 ------------------------------------------------------------------------------

 NMR restraints: Bond =    0.000   Angle =     0.000   Torsion =     0.000
===============================================================================

 NSTEP =    35700   TIME(PS) =      86.200  TEMP(K) =   302.92  PRESS =   -40.1
 Etot   =   -375608.3829  EKtot   =    113142.7518  EPtot      =   -488751.1346
 BOND   =      8704.5117  ANGLE   =     30027.0079  DIHED      =     20035.5683
 1-4 NB =      9264.9555  1-4 EEL =     39682.1642  VDWAALS    =     26350.6426
 EELEC  =   -623989.7298  EHBOND  =         0.0000  RESTRAINT  =         0.0000
 EKCMT  =     35193.9811  VIRIAL  =     36685.8603  VOLUME     =   1723870.7284
 CMAP   =      1173.7449
                                                    Density    =         1.0344
 Ewald error estimate:   0.3769E-04
 ------------------------------------------------------------------------------

 NMR restraints: Bond =    0.000   Angle =     0.000   Torsion =     0.000
===============================================================================

 NSTEP =    35800   TIME(PS) =      86.300  TEMP(K) =   303.90  PRESS =   -87.4
 Etot   =   -375468.7978  EKtot   =    113506.9714  EPtot      =   -488975.7693
 BOND   =      8723.3814  ANGLE   =     29710.9551  DIHED      =     20111.4284
 1-4 NB =      9279.2626  1-4 EEL =     39685.7482  VDWAALS    =     26537.2623
 EELEC  =   -624236.8533  EHBOND  =         0.0000  RESTRAINT  =         0.0000
 EKCMT  =     35498.0618  VIRIAL  =     38750.5395  VOLUME     =   1723725.6470
 CMAP   =      1213.0460
                                                    Density    =         1.0345
 Ewald error estimate:   0.3501E-04
 ------------------------------------------------------------------------------

 NMR restraints: Bond =    0.000   Angle =     0.000   Torsion =     0.000
===============================================================================

 NSTEP =    35900   TIME(PS) =      86.400  TEMP(K) =   302.36  PRESS =   -80.4
 Etot   =   -375560.6599  EKtot   =    112932.8945  EPtot      =   -488493.5544
 BOND   =      8623.2008  ANGLE   =     29736.8704  DIHED      =     20077.6982
 1-4 NB =      9315.4587  1-4 EEL =     39832.5996  VDWAALS    =     26192.7388
 EELEC  =   -623462.2065  EHBOND  =         0.0000  RESTRAINT  =         0.0000
 EKCMT  =     35158.0128  VIRIAL  =     38149.3626  VOLUME     =   1723513.1451
 CMAP   =      1190.0856
                                                    Density    =         1.0346
 Ewald error estimate:   0.1903E-04
 ------------------------------------------------------------------------------

 NMR restraints: Bond =    0.000   Angle =     0.000   Torsion =     0.000
===============================================================================

 NSTEP =    36000   TIME(PS) =      86.500  TEMP(K) =   303.40  PRESS =  -103.7
 Etot   =   -375289.5161  EKtot   =    113323.2968  EPtot      =   -488612.8129
 BOND   =      8701.7433  ANGLE   =     30030.2780  DIHED      =     20107.0037
 1-4 NB =      9235.8151  1-4 EEL =     39715.1153  VDWAALS    =     26238.4985
 EELEC  =   -623851.2831  EHBOND  =         0.0000  RESTRAINT  =         0.0000
 EKCMT  =     35357.7549  VIRIAL  =     39214.3925  VOLUME     =   1723082.6332
 CMAP   =      1210.0164
                                                    Density    =         1.0349
 Ewald error estimate:   0.2176E-04
 ------------------------------------------------------------------------------

 NMR restraints: Bond =    0.000   Angle =     0.000   Torsion =     0.000
===============================================================================

 NSTEP =    36100   TIME(PS) =      86.600  TEMP(K) =   303.23  PRESS =   -91.6
 Etot   =   -375584.5490  EKtot   =    113258.5742  EPtot      =   -488843.1232
 BOND   =      8772.1713  ANGLE   =     29799.5922  DIHED      =     20040.7445
 1-4 NB =      9241.0771  1-4 EEL =     39816.6291  VDWAALS    =     26155.9370
 EELEC  =   -623895.5166  EHBOND  =         0.0000  RESTRAINT  =         0.0000
 EKCMT  =     35368.3353  VIRIAL  =     38777.0154  VOLUME     =   1722993.7415
 CMAP   =      1226.2422
                                                    Density    =         1.0350
 Ewald error estimate:   0.6863E-04
 ------------------------------------------------------------------------------

 NMR restraints: Bond =    0.000   Angle =     0.000   Torsion =     0.000
===============================================================================

 NSTEP =    36200   TIME(PS) =      86.700  TEMP(K) =   302.17  PRESS =    13.2
 Etot   =   -375400.5481  EKtot   =    112863.9042  EPtot      =   -488264.4523
 BOND   =      8708.0275  ANGLE   =     30173.5444  DIHED      =     20015.2406
 1-4 NB =      9309.4350  1-4 EEL =     39789.0713  VDWAALS    =     26532.1518
 EELEC  =   -623979.1764  EHBOND  =         0.0000  RESTRAINT  =         0.0000
 EKCMT  =     35361.3210  VIRIAL  =     34868.5828  VOLUME     =   1722908.0551
 CMAP   =      1187.2536
                                                    Density    =         1.0350
 Ewald error estimate:   0.5224E-04
 ------------------------------------------------------------------------------

 NMR restraints: Bond =    0.000   Angle =     0.000   Torsion =     0.000
===============================================================================

 NSTEP =    36300   TIME(PS) =      86.800  TEMP(K) =   303.28  PRESS =   -29.3
 Etot   =   -375439.8912  EKtot   =    113278.7732  EPtot      =   -488718.6645
 BOND   =      8823.5724  ANGLE   =     29931.2982  DIHED      =     20108.0789
 1-4 NB =      9247.5194  1-4 EEL =     39685.8197  VDWAALS    =     26474.2685
 EELEC  =   -624211.8081  EHBOND  =         0.0000  RESTRAINT  =         0.0000
 EKCMT  =     35244.0231  VIRIAL  =     36334.4974  VOLUME     =   1722750.2829
 CMAP   =      1222.5864
                                                    Density    =         1.0351
 Ewald error estimate:   0.1644E-04
 ------------------------------------------------------------------------------

 NMR restraints: Bond =    0.000   Angle =     0.000   Torsion =     0.000
===============================================================================

 NSTEP =    36400   TIME(PS) =      86.900  TEMP(K) =   305.19  PRESS =    25.6
 Etot   =   -375205.3581  EKtot   =    113989.3171  EPtot      =   -489194.6752
 BOND   =      8765.6423  ANGLE   =     29713.6791  DIHED      =     20066.3621
 1-4 NB =      9292.2623  1-4 EEL =     39618.5290  VDWAALS    =     26385.3456
 EELEC  =   -624221.4357  EHBOND  =         0.0000  RESTRAINT  =         0.0000
 EKCMT  =     35666.2786  VIRIAL  =     34715.6183  VOLUME     =   1722719.1478
 CMAP   =      1184.9401
                                                    Density    =         1.0351
 Ewald error estimate:   0.2407E-04
 ------------------------------------------------------------------------------

 NMR restraints: Bond =    0.000   Angle =     0.000   Torsion =     0.000
===============================================================================

 NSTEP =    36500   TIME(PS) =      87.000  TEMP(K) =   303.22  PRESS =   144.5
 Etot   =   -375074.5407  EKtot   =    113255.4185  EPtot      =   -488329.9592
 BOND   =      8784.7122  ANGLE   =     29859.9149  DIHED      =     20149.0784
 1-4 NB =      9314.6873  1-4 EEL =     39900.9090  VDWAALS    =     26711.5546
 EELEC  =   -624260.2499  EHBOND  =         0.0000  RESTRAINT  =         0.0000
 EKCMT  =     35379.2665  VIRIAL  =     30002.8835  VOLUME     =   1722822.8104
 CMAP   =      1209.4343
                                                    Density    =         1.0351
 Ewald error estimate:   0.1854E-04
 ------------------------------------------------------------------------------

 NMR restraints: Bond =    0.000   Angle =     0.000   Torsion =     0.000
===============================================================================

 NSTEP =    36600   TIME(PS) =      87.100  TEMP(K) =   302.85  PRESS =    13.6
 Etot   =   -375208.1850  EKtot   =    113118.1235  EPtot      =   -488326.3084
 BOND   =      8711.2477  ANGLE   =     29942.6583  DIHED      =     20147.4637
 1-4 NB =      9291.1884  1-4 EEL =     39820.1353  VDWAALS    =     26164.8222
 EELEC  =   -623622.1215  EHBOND  =         0.0000  RESTRAINT  =         0.0000
 EKCMT  =     35256.6753  VIRIAL  =     34752.1091  VOLUME     =   1722720.2497
 CMAP   =      1218.2975
                                                    Density    =         1.0351
 Ewald error estimate:   0.1388E-05
 ------------------------------------------------------------------------------

 NMR restraints: Bond =    0.000   Angle =     0.000   Torsion =     0.000
===============================================================================

 NSTEP =    36700   TIME(PS) =      87.200  TEMP(K) =   303.28  PRESS =    33.8
 Etot   =   -375145.8661  EKtot   =    113276.8010  EPtot      =   -488422.6671
 BOND   =      8782.9665  ANGLE   =     29840.6925  DIHED      =     20138.9845
 1-4 NB =      9242.8767  1-4 EEL =     39702.1679  VDWAALS    =     26764.6927
 EELEC  =   -624093.4977  EHBOND  =         0.0000  RESTRAINT  =         0.0000
 EKCMT  =     35381.9090  VIRIAL  =     34123.7712  VOLUME     =   1722856.2591
 CMAP   =      1198.4499
                                                    Density    =         1.0350
 Ewald error estimate:   0.3369E-04
 ------------------------------------------------------------------------------

 NMR restraints: Bond =    0.000   Angle =     0.000   Torsion =     0.000
===============================================================================

 NSTEP =    36800   TIME(PS) =      87.300  TEMP(K) =   303.87  PRESS =    44.5
 Etot   =   -375258.3099  EKtot   =    113498.7458  EPtot      =   -488757.0556
 BOND   =      8828.3072  ANGLE   =     29707.6377  DIHED      =     20016.9445
 1-4 NB =      9246.6918  1-4 EEL =     39811.0068  VDWAALS    =     26681.5353
 EELEC  =   -624256.8816  EHBOND  =         0.0000  RESTRAINT  =         0.0000
 EKCMT  =     35364.7450  VIRIAL  =     33710.3740  VOLUME     =   1722723.5187
 CMAP   =      1207.7028
                                                    Density    =         1.0351
 Ewald error estimate:   0.7895E-05
 ------------------------------------------------------------------------------

 NMR restraints: Bond =    0.000   Angle =     0.000   Torsion =     0.000
===============================================================================

 NSTEP =    36900   TIME(PS) =      87.400  TEMP(K) =   304.16  PRESS =   -54.1
 Etot   =   -375187.7419  EKtot   =    113604.7118  EPtot      =   -488792.4537
 BOND   =      8678.2561  ANGLE   =     29948.3872  DIHED      =     20140.5105
 1-4 NB =      9249.1226  1-4 EEL =     39712.7567  VDWAALS    =     26525.2618
 EELEC  =   -624240.2212  EHBOND  =         0.0000  RESTRAINT  =         0.0000
 EKCMT  =     35449.3314  VIRIAL  =     37462.1418  VOLUME     =   1722751.5049
 CMAP   =      1193.4726
                                                    Density    =         1.0351
 Ewald error estimate:   0.2203E-05
 ------------------------------------------------------------------------------

 NMR restraints: Bond =    0.000   Angle =     0.000   Torsion =     0.000
===============================================================================

 NSTEP =    37000   TIME(PS) =      87.500  TEMP(K) =   304.24  PRESS =   -43.1
 Etot   =   -375237.6196  EKtot   =    113635.8763  EPtot      =   -488873.4960
 BOND   =      8702.2222  ANGLE   =     29850.3307  DIHED      =     20026.8648
 1-4 NB =      9295.9171  1-4 EEL =     39824.1567  VDWAALS    =     26421.6208
 EELEC  =   -624190.3046  EHBOND  =         0.0000  RESTRAINT  =         0.0000
 EKCMT  =     35429.0151  VIRIAL  =     37032.2101  VOLUME     =   1722818.5843
 CMAP   =      1195.6964
                                                    Density    =         1.0351
 Ewald error estimate:   0.1000E-04
 ------------------------------------------------------------------------------

 NMR restraints: Bond =    0.000   Angle =     0.000   Torsion =     0.000
===============================================================================

 NSTEP =    37100   TIME(PS) =      87.600  TEMP(K) =   303.98  PRESS =   186.3
 Etot   =   -375341.5117  EKtot   =    113538.4258  EPtot      =   -488879.9374
 BOND   =      8743.8811  ANGLE   =     29735.3224  DIHED      =     20130.0990
 1-4 NB =      9319.9855  1-4 EEL =     39913.6246  VDWAALS    =     26698.2786
 EELEC  =   -624632.7370  EHBOND  =         0.0000  RESTRAINT  =         0.0000
 EKCMT  =     35549.0123  VIRIAL  =     28619.7492  VOLUME     =   1722825.1373
 CMAP   =      1211.6082
                                                    Density    =         1.0351
 Ewald error estimate:   0.1033E-04
 ------------------------------------------------------------------------------

 NMR restraints: Bond =    0.000   Angle =     0.000   Torsion =     0.000
===============================================================================

 NSTEP =    37200   TIME(PS) =      87.700  TEMP(K) =   303.31  PRESS =   -67.5
 Etot   =   -375371.1086  EKtot   =    113287.6987  EPtot      =   -488658.8073
 BOND   =      8702.5393  ANGLE   =     30012.0363  DIHED      =     20070.0728
 1-4 NB =      9243.5562  1-4 EEL =     39755.3415  VDWAALS    =     26502.9242
 EELEC  =   -624169.1366  EHBOND  =         0.0000  RESTRAINT  =         0.0000
 EKCMT  =     35318.6768  VIRIAL  =     37828.1013  VOLUME     =   1723001.2440
 CMAP   =      1223.8589
                                                    Density    =         1.0350
 Ewald error estimate:   0.4136E-04
 ------------------------------------------------------------------------------

 NMR restraints: Bond =    0.000   Angle =     0.000   Torsion =     0.000
===============================================================================

 NSTEP =    37300   TIME(PS) =      87.800  TEMP(K) =   303.49  PRESS =   -32.0
 Etot   =   -375542.4470  EKtot   =    113353.7036  EPtot      =   -488896.1505
 BOND   =      8822.1358  ANGLE   =     29887.9306  DIHED      =     20058.0295
 1-4 NB =      9313.1675  1-4 EEL =     39788.2384  VDWAALS    =     26576.6116
 EELEC  =   -624541.5557  EHBOND  =         0.0000  RESTRAINT  =         0.0000
 EKCMT  =     35410.7680  VIRIAL  =     36600.9550  VOLUME     =   1722948.4555
 CMAP   =      1199.2918
                                                    Density    =         1.0350
 Ewald error estimate:   0.3114E-04
 ------------------------------------------------------------------------------

 NMR restraints: Bond =    0.000   Angle =     0.000   Torsion =     0.000
===============================================================================

 NSTEP =    37400   TIME(PS) =      87.900  TEMP(K) =   303.61  PRESS =    11.3
 Etot   =   -375569.3983  EKtot   =    113402.1616  EPtot      =   -488971.5599
 BOND   =      8676.5735  ANGLE   =     29944.0639  DIHED      =     20184.0124
 1-4 NB =      9172.3917  1-4 EEL =     39648.2016  VDWAALS    =     26627.0726
 EELEC  =   -624447.0179  EHBOND  =         0.0000  RESTRAINT  =         0.0000
 EKCMT  =     35376.3133  VIRIAL  =     34957.0585  VOLUME     =   1722865.2075
 CMAP   =      1223.1421
                                                    Density    =         1.0350
 Ewald error estimate:   0.3765E-04
 ------------------------------------------------------------------------------

 NMR restraints: Bond =    0.000   Angle =     0.000   Torsion =     0.000
===============================================================================

 NSTEP =    37500   TIME(PS) =      88.000  TEMP(K) =   302.23  PRESS =   -33.7
 Etot   =   -375695.2014  EKtot   =    112886.2758  EPtot      =   -488581.4772
 BOND   =      8810.0772  ANGLE   =     29974.1238  DIHED      =     19979.5062
 1-4 NB =      9247.0351  1-4 EEL =     39549.3578  VDWAALS    =     27089.8283
 EELEC  =   -624426.1516  EHBOND  =         0.0000  RESTRAINT  =         0.0000
 EKCMT  =     35247.1372  VIRIAL  =     36501.7058  VOLUME     =   1723120.1247
 CMAP   =      1194.7459
                                                    Density    =         1.0349
 Ewald error estimate:   0.1476E-04
 ------------------------------------------------------------------------------

 NMR restraints: Bond =    0.000   Angle =     0.000   Torsion =     0.000
===============================================================================

 NSTEP =    37600   TIME(PS) =      88.100  TEMP(K) =   302.86  PRESS =    96.5
 Etot   =   -375672.2658  EKtot   =    113118.7559  EPtot      =   -488791.0217
 BOND   =      8780.3640  ANGLE   =     30010.7062  DIHED      =     20017.6863
 1-4 NB =      9316.5915  1-4 EEL =     39771.5357  VDWAALS    =     26621.3067
 EELEC  =   -624505.0074  EHBOND  =         0.0000  RESTRAINT  =         0.0000
 EKCMT  =     35323.2568  VIRIAL  =     31733.7243  VOLUME     =   1723126.4176
 CMAP   =      1195.7953
                                                    Density    =         1.0349
 Ewald error estimate:   0.2680E-04
 ------------------------------------------------------------------------------

 NMR restraints: Bond =    0.000   Angle =     0.000   Torsion =     0.000
===============================================================================

 NSTEP =    37700   TIME(PS) =      88.200  TEMP(K) =   302.74  PRESS =   -72.8
 Etot   =   -375974.8800  EKtot   =    113074.3848  EPtot      =   -489049.2648
 BOND   =      8703.8322  ANGLE   =     29719.6117  DIHED      =     20109.8545
 1-4 NB =      9282.8657  1-4 EEL =     39876.0598  VDWAALS    =     25810.8651
 EELEC  =   -623739.9451  EHBOND  =         0.0000  RESTRAINT  =         0.0000
 EKCMT  =     35228.9420  VIRIAL  =     37936.0850  VOLUME     =   1723188.2603
 CMAP   =      1187.5911
                                                    Density    =         1.0348
 Ewald error estimate:   0.4101E-04
 ------------------------------------------------------------------------------

 NMR restraints: Bond =    0.000   Angle =     0.000   Torsion =     0.000
===============================================================================

 NSTEP =    37800   TIME(PS) =      88.300  TEMP(K) =   302.14  PRESS =  -127.7
 Etot   =   -375857.7549  EKtot   =    112849.9029  EPtot      =   -488707.6579
 BOND   =      8754.2348  ANGLE   =     30025.1549  DIHED      =     20021.9862
 1-4 NB =      9259.7261  1-4 EEL =     39642.7363  VDWAALS    =     26490.0004
 EELEC  =   -624085.2664  EHBOND  =         0.0000  RESTRAINT  =         0.0000
 EKCMT  =     35200.2078  VIRIAL  =     39948.7017  VOLUME     =   1722806.8093
 CMAP   =      1183.7699
                                                    Density    =         1.0351
 Ewald error estimate:   0.4039E-04
 ------------------------------------------------------------------------------

 NMR restraints: Bond =    0.000   Angle =     0.000   Torsion =     0.000
===============================================================================

 NSTEP =    37900   TIME(PS) =      88.400  TEMP(K) =   302.18  PRESS =    38.8
 Etot   =   -375805.8684  EKtot   =    112867.6124  EPtot      =   -488673.4808
 BOND   =      8727.3617  ANGLE   =     29860.3686  DIHED      =     20325.5196
 1-4 NB =      9225.7169  1-4 EEL =     39699.7973  VDWAALS    =     26787.3043
 EELEC  =   -624490.3130  EHBOND  =         0.0000  RESTRAINT  =         0.0000
 EKCMT  =     35339.3585  VIRIAL  =     33896.3997  VOLUME     =   1722913.5914
 CMAP   =      1190.7638
                                                    Density    =         1.0350
 Ewald error estimate:   0.2329E-04
 ------------------------------------------------------------------------------

 NMR restraints: Bond =    0.000   Angle =     0.000   Torsion =     0.000
===============================================================================

 NSTEP =    38000   TIME(PS) =      88.500  TEMP(K) =   303.37  PRESS =   104.7
 Etot   =   -375680.8113  EKtot   =    113310.9706  EPtot      =   -488991.7819
 BOND   =      8745.5373  ANGLE   =     30005.0507  DIHED      =     20084.1677
 1-4 NB =      9220.3258  1-4 EEL =     39738.5287  VDWAALS    =     27190.5327
 EELEC  =   -625215.9744  EHBOND  =         0.0000  RESTRAINT  =         0.0000
 EKCMT  =     35243.9775  VIRIAL  =     31350.2475  VOLUME     =   1722845.9968
 CMAP   =      1240.0496
                                                    Density    =         1.0350
 Ewald error estimate:   0.2851E-04
 ------------------------------------------------------------------------------

 NMR restraints: Bond =    0.000   Angle =     0.000   Torsion =     0.000
===============================================================================

 NSTEP =    38100   TIME(PS) =      88.600  TEMP(K) =   303.64  PRESS =   -37.8
 Etot   =   -375380.3721  EKtot   =    113412.0777  EPtot      =   -488792.4498
 BOND   =      8544.0617  ANGLE   =     30061.6144  DIHED      =     20204.0273
 1-4 NB =      9315.3737  1-4 EEL =     39831.6260  VDWAALS    =     26906.5503
 EELEC  =   -624844.4945  EHBOND  =         0.0000  RESTRAINT  =         0.0000
 EKCMT  =     35376.9606  VIRIAL  =     36783.3221  VOLUME     =   1723061.6272
 CMAP   =      1188.7915
                                                    Density    =         1.0349
 Ewald error estimate:   0.3694E-04
 ------------------------------------------------------------------------------

 NMR restraints: Bond =    0.000   Angle =     0.000   Torsion =     0.000
===============================================================================

 NSTEP =    38200   TIME(PS) =      88.700  TEMP(K) =   303.19  PRESS =  -109.2
 Etot   =   -375426.3841  EKtot   =    113242.5947  EPtot      =   -488668.9788
 BOND   =      8812.3733  ANGLE   =     29933.3174  DIHED      =     20119.1603
 1-4 NB =      9285.6494  1-4 EEL =     39872.8145  VDWAALS    =     26676.7726
 EELEC  =   -624557.9327  EHBOND  =         0.0000  RESTRAINT  =         0.0000
 EKCMT  =     35362.0211  VIRIAL  =     39423.9893  VOLUME     =   1722835.1384
 CMAP   =      1188.8663
                                                    Density    =         1.0351
 Ewald error estimate:   0.2424E-04
 ------------------------------------------------------------------------------

 NMR restraints: Bond =    0.000   Angle =     0.000   Torsion =     0.000
===============================================================================

 NSTEP =    38300   TIME(PS) =      88.800  TEMP(K) =   303.15  PRESS =   -81.2
 Etot   =   -375582.5323  EKtot   =    113227.6600  EPtot      =   -488810.1923
 BOND   =      8721.7902  ANGLE   =     29926.2343  DIHED      =     20018.3218
 1-4 NB =      9264.0423  1-4 EEL =     39796.8770  VDWAALS    =     26722.1794
 EELEC  =   -624446.2456  EHBOND  =         0.0000  RESTRAINT  =         0.0000
 EKCMT  =     35330.9635  VIRIAL  =     38351.5099  VOLUME     =   1723194.7384
 CMAP   =      1186.6082
                                                    Density    =         1.0348
 Ewald error estimate:   0.9005E-04
 ------------------------------------------------------------------------------

 NMR restraints: Bond =    0.000   Angle =     0.000   Torsion =     0.000
===============================================================================

 NSTEP =    38400   TIME(PS) =      88.900  TEMP(K) =   302.48  PRESS =  -160.0
 Etot   =   -375946.3395  EKtot   =    112978.3570  EPtot      =   -488924.6966
 BOND   =      8687.7088  ANGLE   =     30086.1226  DIHED      =     20049.6781
 1-4 NB =      9200.9853  1-4 EEL =     39683.1039  VDWAALS    =     26598.4522
 EELEC  =   -624422.6881  EHBOND  =         0.0000  RESTRAINT  =         0.0000
 EKCMT  =     34985.8466  VIRIAL  =     40939.1023  VOLUME     =   1722850.4212
 CMAP   =      1191.9406
                                                    Density    =         1.0350
 Ewald error estimate:   0.3670E-04
 ------------------------------------------------------------------------------

 NMR restraints: Bond =    0.000   Angle =     0.000   Torsion =     0.000
===============================================================================

 NSTEP =    38500   TIME(PS) =      89.000  TEMP(K) =   302.78  PRESS =    28.9
 Etot   =   -376039.1356  EKtot   =    113091.9253  EPtot      =   -489131.0609
 BOND   =      8761.6397  ANGLE   =     29841.4168  DIHED      =     20025.1072
 1-4 NB =      9271.4270  1-4 EEL =     39818.3733  VDWAALS    =     26489.7041
 EELEC  =   -624530.2117  EHBOND  =         0.0000  RESTRAINT  =         0.0000
 EKCMT  =     35091.6337  VIRIAL  =     34015.1315  VOLUME     =   1722644.9314
 CMAP   =      1191.4828
                                                    Density    =         1.0352
 Ewald error estimate:   0.3916E-04
 ------------------------------------------------------------------------------

 NMR restraints: Bond =    0.000   Angle =     0.000   Torsion =     0.000
===============================================================================

 NSTEP =    38600   TIME(PS) =      89.100  TEMP(K) =   303.05  PRESS =  -161.9
 Etot   =   -376022.4633  EKtot   =    113190.4304  EPtot      =   -489212.8937
 BOND   =      8758.8302  ANGLE   =     30004.7846  DIHED      =     19946.9578
 1-4 NB =      9247.3434  1-4 EEL =     39713.5517  VDWAALS    =     26594.0519
 EELEC  =   -624689.1699  EHBOND  =         0.0000  RESTRAINT  =         0.0000
 EKCMT  =     35266.3066  VIRIAL  =     41287.0493  VOLUME     =   1722358.5405
 CMAP   =      1210.7566
                                                    Density    =         1.0353
 Ewald error estimate:   0.5372E-04
 ------------------------------------------------------------------------------

 NMR restraints: Bond =    0.000   Angle =     0.000   Torsion =     0.000
===============================================================================

 NSTEP =    38700   TIME(PS) =      89.200  TEMP(K) =   302.65  PRESS =   -67.1
 Etot   =   -376119.0517  EKtot   =    113041.5555  EPtot      =   -489160.6072
 BOND   =      8843.6707  ANGLE   =     29841.0044  DIHED      =     19925.5834
 1-4 NB =      9262.8911  1-4 EEL =     39686.9073  VDWAALS    =     26697.2751
 EELEC  =   -624623.7242  EHBOND  =         0.0000  RESTRAINT  =         0.0000
 EKCMT  =     35255.6283  VIRIAL  =     37750.0944  VOLUME     =   1722325.1213
 CMAP   =      1205.7851
                                                    Density    =         1.0354
 Ewald error estimate:   0.2982E-04
 ------------------------------------------------------------------------------

 NMR restraints: Bond =    0.000   Angle =     0.000   Torsion =     0.000
===============================================================================

 NSTEP =    38800   TIME(PS) =      89.300  TEMP(K) =   301.78  PRESS =   -94.9
 Etot   =   -376177.3953  EKtot   =    112718.2724  EPtot      =   -488895.6677
 BOND   =      8734.6850  ANGLE   =     29978.6265  DIHED      =     20099.0890
 1-4 NB =      9246.2062  1-4 EEL =     39876.9858  VDWAALS    =     26179.1243
 EELEC  =   -624205.2455  EHBOND  =         0.0000  RESTRAINT  =         0.0000
 EKCMT  =     35367.6971  VIRIAL  =     38894.9801  VOLUME     =   1722244.3698
 CMAP   =      1194.8609
                                                    Density    =         1.0354
 Ewald error estimate:   0.8046E-04
 ------------------------------------------------------------------------------

 NMR restraints: Bond =    0.000   Angle =     0.000   Torsion =     0.000
===============================================================================

 NSTEP =    38900   TIME(PS) =      89.400  TEMP(K) =   301.70  PRESS =    41.6
 Etot   =   -376269.7852  EKtot   =    112688.0887  EPtot      =   -488957.8739
 BOND   =      8840.3925  ANGLE   =     29725.5063  DIHED      =     20054.8597
 1-4 NB =      9249.3662  1-4 EEL =     39759.8340  VDWAALS    =     26723.2905
 EELEC  =   -624479.4454  EHBOND  =         0.0000  RESTRAINT  =         0.0000
 EKCMT  =     35099.9206  VIRIAL  =     33554.8591  VOLUME     =   1722129.5416
 CMAP   =      1168.3223
                                                    Density    =         1.0355
 Ewald error estimate:   0.3656E-04
 ------------------------------------------------------------------------------

 NMR restraints: Bond =    0.000   Angle =     0.000   Torsion =     0.000
===============================================================================

 NSTEP =    39000   TIME(PS) =      89.500  TEMP(K) =   303.32  PRESS =   -67.8
 Etot   =   -376167.7261  EKtot   =    113292.1144  EPtot      =   -489459.8405
 BOND   =      8701.5174  ANGLE   =     29805.6254  DIHED      =     19992.4511
 1-4 NB =      9257.6863  1-4 EEL =     39696.1023  VDWAALS    =     26297.8687
 EELEC  =   -624419.3222  EHBOND  =         0.0000  RESTRAINT  =         0.0000
 EKCMT  =     35275.1577  VIRIAL  =     37796.6610  VOLUME     =   1721747.3358
 CMAP   =      1208.2305
                                                    Density    =         1.0357
 Ewald error estimate:   0.3959E-04
 ------------------------------------------------------------------------------

 NMR restraints: Bond =    0.000   Angle =     0.000   Torsion =     0.000
===============================================================================

 NSTEP =    39100   TIME(PS) =      89.600  TEMP(K) =   302.12  PRESS =    20.0
 Etot   =   -376002.7048  EKtot   =    112845.6135  EPtot      =   -488848.3183
 BOND   =      8753.8292  ANGLE   =     29739.5034  DIHED      =     20029.4949
 1-4 NB =      9294.6527  1-4 EEL =     39832.7424  VDWAALS    =     26484.7797
 EELEC  =   -624174.8167  EHBOND  =         0.0000  RESTRAINT  =         0.0000
 EKCMT  =     35523.5607  VIRIAL  =     34781.6005  VOLUME     =   1721630.2050
 CMAP   =      1191.4960
                                                    Density    =         1.0358
 Ewald error estimate:   0.5645E-04
 ------------------------------------------------------------------------------

 NMR restraints: Bond =    0.000   Angle =     0.000   Torsion =     0.000
===============================================================================

 NSTEP =    39200   TIME(PS) =      89.700  TEMP(K) =   302.34  PRESS =   195.9
 Etot   =   -376134.4197  EKtot   =    112925.0161  EPtot      =   -489059.4359
 BOND   =      8809.7888  ANGLE   =     29785.3332  DIHED      =     20116.9080
 1-4 NB =      9223.9153  1-4 EEL =     39781.5085  VDWAALS    =     26781.2609
 EELEC  =   -624747.9382  EHBOND  =         0.0000  RESTRAINT  =         0.0000
 EKCMT  =     35441.0576  VIRIAL  =     28157.7782  VOLUME     =   1721852.2698
 CMAP   =      1189.7876
                                                    Density    =         1.0356
 Ewald error estimate:   0.1621E-04
 ------------------------------------------------------------------------------

 NMR restraints: Bond =    0.000   Angle =     0.000   Torsion =     0.000
===============================================================================

 NSTEP =    39300   TIME(PS) =      89.800  TEMP(K) =   302.72  PRESS =  -124.8
 Etot   =   -376128.7477  EKtot   =    113066.0902  EPtot      =   -489194.8379
 BOND   =      8560.0133  ANGLE   =     29856.7484  DIHED      =     20020.4324
 1-4 NB =      9266.2226  1-4 EEL =     39632.7829  VDWAALS    =     26909.8265
 EELEC  =   -624633.1425  EHBOND  =         0.0000  RESTRAINT  =         0.0000
 EKCMT  =     35207.7046  VIRIAL  =     39847.5711  VOLUME     =   1721881.9583
 CMAP   =      1192.2785
                                                    Density    =         1.0356
 Ewald error estimate:   0.5151E-04
 ------------------------------------------------------------------------------

 NMR restraints: Bond =    0.000   Angle =     0.000   Torsion =     0.000
===============================================================================

 NSTEP =    39400   TIME(PS) =      89.900  TEMP(K) =   302.36  PRESS =   138.7
 Etot   =   -375964.0673  EKtot   =    112934.0794  EPtot      =   -488898.1468
 BOND   =      8661.0851  ANGLE   =     29923.0630  DIHED      =     20119.5609
 1-4 NB =      9238.0614  1-4 EEL =     39714.8851  VDWAALS    =     26265.5375
 EELEC  =   -624011.5869  EHBOND  =         0.0000  RESTRAINT  =         0.0000
 EKCMT  =     35425.1006  VIRIAL  =     30269.5933  VOLUME     =   1721842.3914
 CMAP   =      1191.2472
                                                    Density    =         1.0356
 Ewald error estimate:   0.3585E-04
 ------------------------------------------------------------------------------

 NMR restraints: Bond =    0.000   Angle =     0.000   Torsion =     0.000
===============================================================================

 NSTEP =    39500   TIME(PS) =      90.000  TEMP(K) =   302.98  PRESS =   -91.6
 Etot   =   -375780.5628  EKtot   =    113164.6274  EPtot      =   -488945.1902
 BOND   =      8637.4107  ANGLE   =     29861.0839  DIHED      =     20005.3552
 1-4 NB =      9235.1346  1-4 EEL =     39722.0062  VDWAALS    =     26272.5504
 EELEC  =   -623868.7034  EHBOND  =         0.0000  RESTRAINT  =         0.0000
 EKCMT  =     35521.1761  VIRIAL  =     38924.9468  VOLUME     =   1721930.2719
 CMAP   =      1189.9722
                                                    Density    =         1.0356
 Ewald error estimate:   0.2493E-05
 ------------------------------------------------------------------------------

 NMR restraints: Bond =    0.000   Angle =     0.000   Torsion =     0.000
===============================================================================

 NSTEP =    39600   TIME(PS) =      90.100  TEMP(K) =   302.19  PRESS =   154.5
 Etot   =   -375809.7538  EKtot   =    112869.0199  EPtot      =   -488678.7737
 BOND   =      8650.3760  ANGLE   =     29759.3931  DIHED      =     20099.9486
 1-4 NB =      9284.9952  1-4 EEL =     39732.6916  VDWAALS    =     26981.5984
 EELEC  =   -624398.2629  EHBOND  =         0.0000  RESTRAINT  =         0.0000
 EKCMT  =     35111.8581  VIRIAL  =     29367.2146  VOLUME     =   1722084.8131
 CMAP   =      1210.4864
                                                    Density    =         1.0355
 Ewald error estimate:   0.1966E-04
 ------------------------------------------------------------------------------

 NMR restraints: Bond =    0.000   Angle =     0.000   Torsion =     0.000
===============================================================================

 NSTEP =    39700   TIME(PS) =      90.200  TEMP(K) =   302.93  PRESS =     5.1
 Etot   =   -375763.0660  EKtot   =    113147.1982  EPtot      =   -488910.2641
 BOND   =      8702.6578  ANGLE   =     29893.1779  DIHED      =     20196.2362
 1-4 NB =      9226.8411  1-4 EEL =     39794.9506  VDWAALS    =     26484.4355
 EELEC  =   -624410.6723  EHBOND  =         0.0000  RESTRAINT  =         0.0000
 EKCMT  =     35521.8499  VIRIAL  =     35332.5705  VOLUME     =   1722174.6965
 CMAP   =      1202.1091
                                                    Density    =         1.0354
 Ewald error estimate:   0.2576E-04
 ------------------------------------------------------------------------------

 NMR restraints: Bond =    0.000   Angle =     0.000   Torsion =     0.000
===============================================================================

 NSTEP =    39800   TIME(PS) =      90.300  TEMP(K) =   302.95  PRESS =   -83.4
 Etot   =   -376028.1269  EKtot   =    113155.0067  EPtot      =   -489183.1336
 BOND   =      8871.6739  ANGLE   =     29683.4834  DIHED      =     20054.8139
 1-4 NB =      9229.3590  1-4 EEL =     39530.8234  VDWAALS    =     26422.9337
 EELEC  =   -624169.7412  EHBOND  =         0.0000  RESTRAINT  =         0.0000
 EKCMT  =     35485.2991  VIRIAL  =     38585.8866  VOLUME     =   1722008.9668
 CMAP   =      1193.5202
                                                    Density    =         1.0355
 Ewald error estimate:   0.7596E-05
 ------------------------------------------------------------------------------

 NMR restraints: Bond =    0.000   Angle =     0.000   Torsion =     0.000
===============================================================================

 NSTEP =    39900   TIME(PS) =      90.400  TEMP(K) =   302.65  PRESS =   -72.5
 Etot   =   -375812.8173  EKtot   =    113042.8811  EPtot      =   -488855.6983
 BOND   =      8676.7947  ANGLE   =     29776.7839  DIHED      =     20154.3926
 1-4 NB =      9276.8660  1-4 EEL =     39716.7111  VDWAALS    =     25981.0810
 EELEC  =   -623637.7946  EHBOND  =         0.0000  RESTRAINT  =         0.0000
 EKCMT  =     35233.5298  VIRIAL  =     37930.5267  VOLUME     =   1721939.9540
 CMAP   =      1199.4668
                                                    Density    =         1.0356
 Ewald error estimate:   0.4201E-04
 ------------------------------------------------------------------------------

 NMR restraints: Bond =    0.000   Angle =     0.000   Torsion =     0.000
===============================================================================

 NSTEP =    40000   TIME(PS) =      90.500  TEMP(K) =   302.35  PRESS =    20.1
 Etot   =   -375682.1049  EKtot   =    112927.9858  EPtot      =   -488610.0907
 BOND   =      8661.2005  ANGLE   =     29908.0003  DIHED      =     20147.1382
 1-4 NB =      9251.8010  1-4 EEL =     39667.7608  VDWAALS    =     26634.1740
 EELEC  =   -624071.8843  EHBOND  =         0.0000  RESTRAINT  =         0.0000
 EKCMT  =     35284.5512  VIRIAL  =     34537.6556  VOLUME     =   1721779.2215
 CMAP   =      1191.7188
                                                    Density    =         1.0357
 Ewald error estimate:   0.1783E-04
 ------------------------------------------------------------------------------

 NMR restraints: Bond =    0.000   Angle =     0.000   Torsion =     0.000
===============================================================================

 NSTEP =    40100   TIME(PS) =      90.600  TEMP(K) =   303.36  PRESS =   -26.2
 Etot   =   -375448.9123  EKtot   =    113305.2128  EPtot      =   -488754.1251
 BOND   =      8701.6319  ANGLE   =     29859.6158  DIHED      =     20076.0716
 1-4 NB =      9262.0971  1-4 EEL =     39778.0665  VDWAALS    =     25881.9487
 EELEC  =   -623526.8181  EHBOND  =         0.0000  RESTRAINT  =         0.0000
 EKCMT  =     35523.4564  VIRIAL  =     36497.1096  VOLUME     =   1721634.7628
 CMAP   =      1213.2614
                                                    Density    =         1.0358
 Ewald error estimate:   0.4925E-05
 ------------------------------------------------------------------------------

 NMR restraints: Bond =    0.000   Angle =     0.000   Torsion =     0.000
===============================================================================

 NSTEP =    40200   TIME(PS) =      90.700  TEMP(K) =   303.59  PRESS =    85.3
 Etot   =   -375498.0724  EKtot   =    113392.7197  EPtot      =   -488890.7921
 BOND   =      8727.8862  ANGLE   =     29947.1412  DIHED      =     20143.5793
 1-4 NB =      9232.8217  1-4 EEL =     39677.2523  VDWAALS    =     26177.7672
 EELEC  =   -624001.9380  EHBOND  =         0.0000  RESTRAINT  =         0.0000
 EKCMT  =     35639.1202  VIRIAL  =     32467.5756  VOLUME     =   1721386.2015
 CMAP   =      1204.6981
                                                    Density    =         1.0359
 Ewald error estimate:   0.2789E-04
 ------------------------------------------------------------------------------

 NMR restraints: Bond =    0.000   Angle =     0.000   Torsion =     0.000
===============================================================================

 NSTEP =    40300   TIME(PS) =      90.800  TEMP(K) =   304.03  PRESS =   -65.6
 Etot   =   -375601.4393  EKtot   =    113557.0428  EPtot      =   -489158.4821
 BOND   =      8769.0045  ANGLE   =     29902.5259  DIHED      =     20075.8375
 1-4 NB =      9273.9143  1-4 EEL =     39574.8497  VDWAALS    =     26251.1689
 EELEC  =   -624207.5255  EHBOND  =         0.0000  RESTRAINT  =         0.0000
 EKCMT  =     35540.7319  VIRIAL  =     37977.9599  VOLUME     =   1721809.0684
 CMAP   =      1201.7426
                                                    Density    =         1.0357
 Ewald error estimate:   0.2446E-04
 ------------------------------------------------------------------------------

 NMR restraints: Bond =    0.000   Angle =     0.000   Torsion =     0.000
===============================================================================

 NSTEP =    40400   TIME(PS) =      90.900  TEMP(K) =   303.34  PRESS =   -85.7
 Etot   =   -375565.9437  EKtot   =    113297.9261  EPtot      =   -488863.8699
 BOND   =      8649.4663  ANGLE   =     30031.1635  DIHED      =     20128.6032
 1-4 NB =      9254.4550  1-4 EEL =     39613.6260  VDWAALS    =     26390.9124
 EELEC  =   -624114.1884  EHBOND  =         0.0000  RESTRAINT  =         0.0000
 EKCMT  =     35495.2657  VIRIAL  =     38682.0837  VOLUME     =   1721746.9052
 CMAP   =      1182.0921
                                                    Density    =         1.0357
 Ewald error estimate:   0.2562E-04
 ------------------------------------------------------------------------------

 NMR restraints: Bond =    0.000   Angle =     0.000   Torsion =     0.000
===============================================================================

 NSTEP =    40500   TIME(PS) =      91.000  TEMP(K) =   302.43  PRESS =     6.5
 Etot   =   -375875.9901  EKtot   =    112958.8481  EPtot      =   -488834.8382
 BOND   =      8725.3198  ANGLE   =     29857.5973  DIHED      =     20043.2182
 1-4 NB =      9227.9691  1-4 EEL =     39572.1903  VDWAALS    =     26013.5126
 EELEC  =   -623453.9183  EHBOND  =         0.0000  RESTRAINT  =         0.0000
 EKCMT  =     35303.3636  VIRIAL  =     35062.6749  VOLUME     =   1721638.2816
 CMAP   =      1179.2730
                                                    Density    =         1.0358
 Ewald error estimate:   0.2826E-04
 ------------------------------------------------------------------------------

 NMR restraints: Bond =    0.000   Angle =     0.000   Torsion =     0.000
===============================================================================

 NSTEP =    40600   TIME(PS) =      91.100  TEMP(K) =   302.64  PRESS =    57.1
 Etot   =   -376162.6343  EKtot   =    113038.8003  EPtot      =   -489201.4346
 BOND   =      8689.0811  ANGLE   =     29763.2076  DIHED      =     20012.9285
 1-4 NB =      9256.0057  1-4 EEL =     39648.3436  VDWAALS    =     26502.1368
 EELEC  =   -624271.0624  EHBOND  =         0.0000  RESTRAINT  =         0.0000
 EKCMT  =     35411.6183  VIRIAL  =     33288.9164  VOLUME     =   1721640.1176
 CMAP   =      1197.9244
                                                    Density    =         1.0358
 Ewald error estimate:   0.5165E-04
 ------------------------------------------------------------------------------

 NMR restraints: Bond =    0.000   Angle =     0.000   Torsion =     0.000
===============================================================================

 NSTEP =    40700   TIME(PS) =      91.200  TEMP(K) =   301.79  PRESS =   -77.6
 Etot   =   -376098.8288  EKtot   =    112722.1337  EPtot      =   -488820.9625
 BOND   =      8768.5261  ANGLE   =     29829.9297  DIHED      =     20060.6692
 1-4 NB =      9243.0048  1-4 EEL =     39692.3766  VDWAALS    =     26412.2923
 EELEC  =   -624024.1445  EHBOND  =         0.0000  RESTRAINT  =         0.0000
 EKCMT  =     35269.9817  VIRIAL  =     38153.4461  VOLUME     =   1721640.4909
 CMAP   =      1196.3833
                                                    Density    =         1.0358
 Ewald error estimate:   0.4310E-04
 ------------------------------------------------------------------------------

 NMR restraints: Bond =    0.000   Angle =     0.000   Torsion =     0.000
===============================================================================

 NSTEP =    40800   TIME(PS) =      91.300  TEMP(K) =   302.66  PRESS =    50.9
 Etot   =   -375876.0679  EKtot   =    113046.7393  EPtot      =   -488922.8072
 BOND   =      8640.2762  ANGLE   =     29844.4428  DIHED      =     20015.1176
 1-4 NB =      9267.3964  1-4 EEL =     39763.6834  VDWAALS    =     26620.8558
 EELEC  =   -624273.6786  EHBOND  =         0.0000  RESTRAINT  =         0.0000
 EKCMT  =     35390.2923  VIRIAL  =     33497.7535  VOLUME     =   1721439.3660
 CMAP   =      1199.0990
                                                    Density    =         1.0359
 Ewald error estimate:   0.2858E-04
 ------------------------------------------------------------------------------

 NMR restraints: Bond =    0.000   Angle =     0.000   Torsion =     0.000
===============================================================================

 NSTEP =    40900   TIME(PS) =      91.400  TEMP(K) =   303.27  PRESS =   -72.5
 Etot   =   -376071.5188  EKtot   =    113274.7526  EPtot      =   -489346.2714
 BOND   =      8765.0185  ANGLE   =     29841.4698  DIHED      =     20139.1418
 1-4 NB =      9191.9750  1-4 EEL =     39521.3269  VDWAALS    =     26320.2312
 EELEC  =   -624305.2692  EHBOND  =         0.0000  RESTRAINT  =         0.0000
 EKCMT  =     35499.9450  VIRIAL  =     38192.9406  VOLUME     =   1721369.9559
 CMAP   =      1179.8346
                                                    Density    =         1.0359
 Ewald error estimate:   0.6315E-05
 ------------------------------------------------------------------------------

 NMR restraints: Bond =    0.000   Angle =     0.000   Torsion =     0.000
===============================================================================

 NSTEP =    41000   TIME(PS) =      91.500  TEMP(K) =   303.41  PRESS =  -101.4
 Etot   =   -375757.1119  EKtot   =    113324.2829  EPtot      =   -489081.3948
 BOND   =      8753.4447  ANGLE   =     29981.9896  DIHED      =     20006.4588
 1-4 NB =      9204.9119  1-4 EEL =     39662.9762  VDWAALS    =     26023.8241
 EELEC  =   -623912.5909  EHBOND  =         0.0000  RESTRAINT  =         0.0000
 EKCMT  =     35496.0070  VIRIAL  =     39264.9517  VOLUME     =   1721114.7063
 CMAP   =      1197.5909
                                                    Density    =         1.0361
 Ewald error estimate:   0.2506E-04
 ------------------------------------------------------------------------------

 NMR restraints: Bond =    0.000   Angle =     0.000   Torsion =     0.000
===============================================================================

 NSTEP =    41100   TIME(PS) =      91.600  TEMP(K) =   303.33  PRESS =   153.4
 Etot   =   -375748.7230  EKtot   =    113296.5279  EPtot      =   -489045.2509
 BOND   =      8711.6039  ANGLE   =     29914.3987  DIHED      =     20024.0184
 1-4 NB =      9249.4356  1-4 EEL =     39636.7581  VDWAALS    =     27105.6563
 EELEC  =   -624874.5965  EHBOND  =         0.0000  RESTRAINT  =         0.0000
 EKCMT  =     35332.7212  VIRIAL  =     29631.2739  VOLUME     =   1721200.0657
 CMAP   =      1187.4746
                                                    Density    =         1.0360
 Ewald error estimate:   0.3422E-04
 ------------------------------------------------------------------------------

 NMR restraints: Bond =    0.000   Angle =     0.000   Torsion =     0.000
===============================================================================

 NSTEP =    41200   TIME(PS) =      91.700  TEMP(K) =   303.37  PRESS =   -43.5
 Etot   =   -375755.7983  EKtot   =    113312.3587  EPtot      =   -489068.1569
 BOND   =      8723.3161  ANGLE   =     30127.2078  DIHED      =     19956.1440
 1-4 NB =      9254.8831  1-4 EEL =     39573.7383  VDWAALS    =     26761.1706
 EELEC  =   -624703.8894  EHBOND  =         0.0000  RESTRAINT  =         0.0000
 EKCMT  =     35369.1521  VIRIAL  =     36986.3268  VOLUME     =   1721338.0826
 CMAP   =      1239.2728
                                                    Density    =         1.0360
 Ewald error estimate:   0.2239E-05
 ------------------------------------------------------------------------------

 NMR restraints: Bond =    0.000   Angle =     0.000   Torsion =     0.000
===============================================================================

 NSTEP =    41300   TIME(PS) =      91.800  TEMP(K) =   303.26  PRESS =    64.2
 Etot   =   -376009.8952  EKtot   =    113270.7720  EPtot      =   -489280.6672
 BOND   =      8749.3195  ANGLE   =     29880.7517  DIHED      =     20072.2204
 1-4 NB =      9263.7863  1-4 EEL =     39706.3460  VDWAALS    =     26830.8309
 EELEC  =   -625007.4348  EHBOND  =         0.0000  RESTRAINT  =         0.0000
 EKCMT  =     35256.7651  VIRIAL  =     32869.9029  VOLUME     =   1721490.6934
 CMAP   =      1223.5128
                                                    Density    =         1.0359
 Ewald error estimate:   0.3667E-04
 ------------------------------------------------------------------------------

 NMR restraints: Bond =    0.000   Angle =     0.000   Torsion =     0.000
===============================================================================

 NSTEP =    41400   TIME(PS) =      91.900  TEMP(K) =   303.00  PRESS =   -93.1
 Etot   =   -375897.6134  EKtot   =    113171.2809  EPtot      =   -489068.8943
 BOND   =      8840.4263  ANGLE   =     30008.5816  DIHED      =     20109.1533
 1-4 NB =      9216.3152  1-4 EEL =     39556.7831  VDWAALS    =     26672.3134
 EELEC  =   -624656.7198  EHBOND  =         0.0000  RESTRAINT  =         0.0000
 EKCMT  =     35426.0882  VIRIAL  =     38886.2833  VOLUME     =   1721761.2129
 CMAP   =      1184.2526
                                                    Density    =         1.0357
 Ewald error estimate:   0.2052E-04
 ------------------------------------------------------------------------------

 NMR restraints: Bond =    0.000   Angle =     0.000   Torsion =     0.000
===============================================================================

 NSTEP =    41500   TIME(PS) =      92.000  TEMP(K) =   302.52  PRESS =    90.2
 Etot   =   -375912.6589  EKtot   =    112992.9542  EPtot      =   -488905.6132
 BOND   =      8779.6442  ANGLE   =     29887.8095  DIHED      =     20062.1594
 1-4 NB =      9281.7549  1-4 EEL =     39731.1384  VDWAALS    =     27235.8547
 EELEC  =   -625058.9824  EHBOND  =         0.0000  RESTRAINT  =         0.0000
 EKCMT  =     35324.6412  VIRIAL  =     31971.4218  VOLUME     =   1721902.6899
 CMAP   =      1175.0082
                                                    Density    =         1.0356
 Ewald error estimate:   0.5736E-04
 ------------------------------------------------------------------------------

 NMR restraints: Bond =    0.000   Angle =     0.000   Torsion =     0.000
===============================================================================

 NSTEP =    41600   TIME(PS) =      92.100  TEMP(K) =   303.30  PRESS =   -23.4
 Etot   =   -375729.2837  EKtot   =    113286.2135  EPtot      =   -489015.4972
 BOND   =      8695.2921  ANGLE   =     30112.4434  DIHED      =     20135.8274
 1-4 NB =      9237.9977  1-4 EEL =     39610.2163  VDWAALS    =     26218.0152
 EELEC  =   -624217.0937  EHBOND  =         0.0000  RESTRAINT  =         0.0000
 EKCMT  =     35469.1150  VIRIAL  =     36339.0280  VOLUME     =   1721875.5808
 CMAP   =      1191.8045
                                                    Density    =         1.0356
 Ewald error estimate:   0.5368E-04
 ------------------------------------------------------------------------------

 NMR restraints: Bond =    0.000   Angle =     0.000   Torsion =     0.000
===============================================================================

 NSTEP =    41700   TIME(PS) =      92.200  TEMP(K) =   303.29  PRESS =    38.7
 Etot   =   -375584.3540  EKtot   =    113280.5445  EPtot      =   -488864.8985
 BOND   =      8754.7764  ANGLE   =     29907.2832  DIHED      =     20057.3252
 1-4 NB =      9236.4540  1-4 EEL =     39755.9274  VDWAALS    =     26605.0191
 EELEC  =   -624398.3380  EHBOND  =         0.0000  RESTRAINT  =         0.0000
 EKCMT  =     35176.2248  VIRIAL  =     33736.5214  VOLUME     =   1722022.5901
 CMAP   =      1216.6542
                                                    Density    =         1.0355
 Ewald error estimate:   0.6591E-04
 ------------------------------------------------------------------------------

 NMR restraints: Bond =    0.000   Angle =     0.000   Torsion =     0.000
===============================================================================

 NSTEP =    41800   TIME(PS) =      92.300  TEMP(K) =   302.69  PRESS =   113.1
 Etot   =   -375458.8177  EKtot   =    113056.1744  EPtot      =   -488514.9921
 BOND   =      8939.6218  ANGLE   =     30022.8034  DIHED      =     20100.6590
 1-4 NB =      9280.4206  1-4 EEL =     39823.5036  VDWAALS    =     26952.8866
 EELEC  =   -624808.0364  EHBOND  =         0.0000  RESTRAINT  =         0.0000
 EKCMT  =     35295.5791  VIRIAL  =     31090.8726  VOLUME     =   1722213.0376
 CMAP   =      1173.1494
                                                    Density    =         1.0354
 Ewald error estimate:   0.1120E-03
 ------------------------------------------------------------------------------

 NMR restraints: Bond =    0.000   Angle =     0.000   Torsion =     0.000
===============================================================================

 NSTEP =    41900   TIME(PS) =      92.400  TEMP(K) =   302.87  PRESS =  -114.5
 Etot   =   -375632.6118  EKtot   =    113124.5141  EPtot      =   -488757.1260
 BOND   =      8798.2542  ANGLE   =     30117.9441  DIHED      =     20103.7884
 1-4 NB =      9248.7353  1-4 EEL =     39646.0108  VDWAALS    =     26480.6365
 EELEC  =   -624360.4585  EHBOND  =         0.0000  RESTRAINT  =         0.0000
 EKCMT  =     35394.0732  VIRIAL  =     39652.0274  VOLUME     =   1722169.2268
 CMAP   =      1207.9631
                                                    Density    =         1.0355
 Ewald error estimate:   0.2021E-04
 ------------------------------------------------------------------------------

 NMR restraints: Bond =    0.000   Angle =     0.000   Torsion =     0.000
===============================================================================

 NSTEP =    42000   TIME(PS) =      92.500  TEMP(K) =   302.26  PRESS =   -16.3
 Etot   =   -375609.1598  EKtot   =    112894.7820  EPtot      =   -488503.9418
 BOND   =      8720.4060  ANGLE   =     30132.9269  DIHED      =     20040.2638
 1-4 NB =      9252.6542  1-4 EEL =     39739.9668  VDWAALS    =     25853.2919
 EELEC  =   -623443.0688  EHBOND  =         0.0000  RESTRAINT  =         0.0000
 EKCMT  =     35100.3072  VIRIAL  =     35706.0424  VOLUME     =   1721688.7208
 CMAP   =      1199.6175
                                                    Density    =         1.0357
 Ewald error estimate:   0.5860E-04
 ------------------------------------------------------------------------------

 NMR restraints: Bond =    0.000   Angle =     0.000   Torsion =     0.000
===============================================================================

 NSTEP =    42100   TIME(PS) =      92.600  TEMP(K) =   303.09  PRESS =     8.0
 Etot   =   -375580.0724  EKtot   =    113207.4708  EPtot      =   -488787.5433
 BOND   =      8857.6927  ANGLE   =     29902.9187  DIHED      =     20174.9341
 1-4 NB =      9292.2639  1-4 EEL =     39845.5222  VDWAALS    =     26371.5455
 EELEC  =   -624414.3370  EHBOND  =         0.0000  RESTRAINT  =         0.0000
 EKCMT  =     35138.7584  VIRIAL  =     34840.1099  VOLUME     =   1721604.8454
 CMAP   =      1181.9167
                                                    Density    =         1.0358
 Ewald error estimate:   0.6598E-04
 ------------------------------------------------------------------------------

 NMR restraints: Bond =    0.000   Angle =     0.000   Torsion =     0.000
===============================================================================

 NSTEP =    42200   TIME(PS) =      92.700  TEMP(K) =   302.74  PRESS =   -40.9
 Etot   =   -375778.6045  EKtot   =    113074.0663  EPtot      =   -488852.6708
 BOND   =      8871.0693  ANGLE   =     30015.6379  DIHED      =     20118.8965
 1-4 NB =      9226.1238  1-4 EEL =     39721.7560  VDWAALS    =     26034.4584
 EELEC  =   -624022.8838  EHBOND  =         0.0000  RESTRAINT  =         0.0000
 EKCMT  =     35213.3560  VIRIAL  =     36732.4749  VOLUME     =   1721435.4752
 CMAP   =      1182.2711
                                                    Density    =         1.0359
 Ewald error estimate:   0.4581E-04
 ------------------------------------------------------------------------------

 NMR restraints: Bond =    0.000   Angle =     0.000   Torsion =     0.000
===============================================================================

 NSTEP =    42300   TIME(PS) =      92.800  TEMP(K) =   304.35  PRESS =   -86.1
 Etot   =   -375799.8361  EKtot   =    113675.6788  EPtot      =   -489475.5149
 BOND   =      8740.6345  ANGLE   =     29927.3990  DIHED      =     20043.8718
 1-4 NB =      9229.2497  1-4 EEL =     39635.8747  VDWAALS    =     26491.4112
 EELEC  =   -624739.1703  EHBOND  =         0.0000  RESTRAINT  =         0.0000
 EKCMT  =     35340.2627  VIRIAL  =     38539.9396  VOLUME     =   1721086.1254
 CMAP   =      1195.2145
                                                    Density    =         1.0361
 Ewald error estimate:   0.4827E-04
 ------------------------------------------------------------------------------

 NMR restraints: Bond =    0.000   Angle =     0.000   Torsion =     0.000
===============================================================================

 NSTEP =    42400   TIME(PS) =      92.900  TEMP(K) =   303.44  PRESS =   -15.9
 Etot   =   -375489.0989  EKtot   =    113336.9888  EPtot      =   -488826.0876
 BOND   =      8654.3992  ANGLE   =     29976.3190  DIHED      =     20205.1335
 1-4 NB =      9211.1831  1-4 EEL =     39719.1912  VDWAALS    =     26510.2875
 EELEC  =   -624285.7691  EHBOND  =         0.0000  RESTRAINT  =         0.0000
 EKCMT  =     35496.1478  VIRIAL  =     36085.4208  VOLUME     =   1721323.8445
 CMAP   =      1183.1680
                                                    Density    =         1.0360
 Ewald error estimate:   0.3552E-04
 ------------------------------------------------------------------------------

 NMR restraints: Bond =    0.000   Angle =     0.000   Torsion =     0.000
===============================================================================

 NSTEP =    42500   TIME(PS) =      93.000  TEMP(K) =   302.40  PRESS =   -55.7
 Etot   =   -375655.5505  EKtot   =    112949.2916  EPtot      =   -488604.8421
 BOND   =      8834.6332  ANGLE   =     30012.4839  DIHED      =     20024.5311
 1-4 NB =      9181.8609  1-4 EEL =     39631.6618  VDWAALS    =     26042.9784
 EELEC  =   -623521.9040  EHBOND  =         0.0000  RESTRAINT  =         0.0000
 EKCMT  =     35157.7928  VIRIAL  =     37228.1010  VOLUME     =   1721161.1022
 CMAP   =      1188.9125
                                                    Density    =         1.0361
 Ewald error estimate:   0.7168E-05
 ------------------------------------------------------------------------------

 NMR restraints: Bond =    0.000   Angle =     0.000   Torsion =     0.000
===============================================================================

 NSTEP =    42600   TIME(PS) =      93.100  TEMP(K) =   303.54  PRESS =   -10.7
 Etot   =   -375453.6253  EKtot   =    113373.5994  EPtot      =   -488827.2246
 BOND   =      8766.0379  ANGLE   =     29902.2281  DIHED      =     20081.2618
 1-4 NB =      9216.0629  1-4 EEL =     39655.8846  VDWAALS    =     26720.0958
 EELEC  =   -624342.3365  EHBOND  =         0.0000  RESTRAINT  =         0.0000
 EKCMT  =     35374.1472  VIRIAL  =     35771.3273  VOLUME     =   1721112.9099
 CMAP   =      1173.5407
                                                    Density    =         1.0361
 Ewald error estimate:   0.1391E-04
 ------------------------------------------------------------------------------

 NMR restraints: Bond =    0.000   Angle =     0.000   Torsion =     0.000
===============================================================================

 NSTEP =    42700   TIME(PS) =      93.200  TEMP(K) =   302.22  PRESS =   -30.5
 Etot   =   -375443.5215  EKtot   =    112881.6774  EPtot      =   -488325.1989
 BOND   =      8798.6877  ANGLE   =     30067.8333  DIHED      =     20127.9973
 1-4 NB =      9232.6411  1-4 EEL =     39795.6046  VDWAALS    =     26546.0531
 EELEC  =   -624070.8488  EHBOND  =         0.0000  RESTRAINT  =         0.0000
 EKCMT  =     35216.6964  VIRIAL  =     36348.2922  VOLUME     =   1720809.2608
 CMAP   =      1176.8328
                                                    Density    =         1.0363
 Ewald error estimate:   0.1743E-04
 ------------------------------------------------------------------------------

 NMR restraints: Bond =    0.000   Angle =     0.000   Torsion =     0.000
===============================================================================

 NSTEP =    42800   TIME(PS) =      93.300  TEMP(K) =   302.83  PRESS =   -39.4
 Etot   =   -375474.2373  EKtot   =    113107.5876  EPtot      =   -488581.8249
 BOND   =      8873.7258  ANGLE   =     30003.4543  DIHED      =     20078.7816
 1-4 NB =      9254.7471  1-4 EEL =     39768.9213  VDWAALS    =     26457.8273
 EELEC  =   -624207.1941  EHBOND  =         0.0000  RESTRAINT  =         0.0000
 EKCMT  =     35407.3452  VIRIAL  =     36870.1236  VOLUME     =   1720676.0715
 CMAP   =      1187.9118
                                                    Density    =         1.0364
 Ewald error estimate:   0.3958E-05
 ------------------------------------------------------------------------------

 NMR restraints: Bond =    0.000   Angle =     0.000   Torsion =     0.000
===============================================================================

 NSTEP =    42900   TIME(PS) =      93.400  TEMP(K) =   304.08  PRESS =   -54.0
 Etot   =   -375220.3133  EKtot   =    113576.4824  EPtot      =   -488796.7957
 BOND   =      8675.8063  ANGLE   =     30014.4889  DIHED      =     20134.7720
 1-4 NB =      9266.1012  1-4 EEL =     39640.8327  VDWAALS    =     26411.3135
 EELEC  =   -624151.4101  EHBOND  =         0.0000  RESTRAINT  =         0.0000
 EKCMT  =     35630.6206  VIRIAL  =     37638.1480  VOLUME     =   1720753.3486
 CMAP   =      1211.2998
                                                    Density    =         1.0363
 Ewald error estimate:   0.4500E-04
 ------------------------------------------------------------------------------

 NMR restraints: Bond =    0.000   Angle =     0.000   Torsion =     0.000
===============================================================================

 NSTEP =    43000   TIME(PS) =      93.500  TEMP(K) =   303.34  PRESS =  -141.8
 Etot   =   -375465.5279  EKtot   =    113298.5100  EPtot      =   -488764.0379
 BOND   =      8822.5458  ANGLE   =     29871.0383  DIHED      =     20013.3833
 1-4 NB =      9217.6802  1-4 EEL =     39730.3599  VDWAALS    =     25826.7447
 EELEC  =   -623432.1226  EHBOND  =         0.0000  RESTRAINT  =         0.0000
 EKCMT  =     35498.7466  VIRIAL  =     40766.3818  VOLUME     =   1720619.6480
 CMAP   =      1186.3326
                                                    Density    =         1.0364
 Ewald error estimate:   0.6108E-04
 ------------------------------------------------------------------------------

 NMR restraints: Bond =    0.000   Angle =     0.000   Torsion =     0.000
===============================================================================

 NSTEP =    43100   TIME(PS) =      93.600  TEMP(K) =   302.28  PRESS =   137.9
 Etot   =   -375641.4179  EKtot   =    112902.3266  EPtot      =   -488543.7445
 BOND   =      8668.9379  ANGLE   =     29875.5116  DIHED      =     20229.4900
 1-4 NB =      9273.9700  1-4 EEL =     39646.4223  VDWAALS    =     27039.3215
 EELEC  =   -624463.7794  EHBOND  =         0.0000  RESTRAINT  =         0.0000
 EKCMT  =     35254.5059  VIRIAL  =     30130.5626  VOLUME     =   1720626.7844
 CMAP   =      1186.3816
                                                    Density    =         1.0364
 Ewald error estimate:   0.7319E-04
 ------------------------------------------------------------------------------

 NMR restraints: Bond =    0.000   Angle =     0.000   Torsion =     0.000
===============================================================================

 NSTEP =    43200   TIME(PS) =      93.700  TEMP(K) =   303.62  PRESS =    -2.4
 Etot   =   -375670.8657  EKtot   =    113405.8732  EPtot      =   -489076.7390
 BOND   =      8736.2681  ANGLE   =     29889.5732  DIHED      =     20199.2757
 1-4 NB =      9290.6476  1-4 EEL =     39723.0040  VDWAALS    =     26161.9306
 EELEC  =   -624254.5862  EHBOND  =         0.0000  RESTRAINT  =         0.0000
 EKCMT  =     35592.9030  VIRIAL  =     35681.0450  VOLUME     =   1720710.4085
 CMAP   =      1177.1480
                                                    Density    =         1.0363
 Ewald error estimate:   0.3680E-04
 ------------------------------------------------------------------------------

 NMR restraints: Bond =    0.000   Angle =     0.000   Torsion =     0.000
===============================================================================

 NSTEP =    43300   TIME(PS) =      93.800  TEMP(K) =   302.69  PRESS =   105.7
 Etot   =   -375871.8687  EKtot   =    113057.2669  EPtot      =   -488929.1356
 BOND   =      8728.6171  ANGLE   =     30007.2210  DIHED      =     20138.4065
 1-4 NB =      9294.7369  1-4 EEL =     39980.4467  VDWAALS    =     26434.1213
 EELEC  =   -624678.9098  EHBOND  =         0.0000  RESTRAINT  =         0.0000
 EKCMT  =     35280.4975  VIRIAL  =     31353.6325  VOLUME     =   1720396.6961
 CMAP   =      1166.2247
                                                    Density    =         1.0365
 Ewald error estimate:   0.1817E-04
 ------------------------------------------------------------------------------

 NMR restraints: Bond =    0.000   Angle =     0.000   Torsion =     0.000
===============================================================================

 NSTEP =    43400   TIME(PS) =      93.900  TEMP(K) =   302.54  PRESS =     8.8
 Etot   =   -375951.9120  EKtot   =    112999.9842  EPtot      =   -488951.8962
 BOND   =      8731.8434  ANGLE   =     29993.9028  DIHED      =     20110.4851
 1-4 NB =      9206.4893  1-4 EEL =     39673.5728  VDWAALS    =     26031.4203
 EELEC  =   -623886.7750  EHBOND  =         0.0000  RESTRAINT  =         0.0000
 EKCMT  =     35486.9039  VIRIAL  =     35160.2082  VOLUME     =   1720258.4454
 CMAP   =      1187.1653
                                                    Density    =         1.0366
 Ewald error estimate:   0.3499E-04
 ------------------------------------------------------------------------------

 NMR restraints: Bond =    0.000   Angle =     0.000   Torsion =     0.000
===============================================================================

 NSTEP =    43500   TIME(PS) =      94.000  TEMP(K) =   302.99  PRESS =     5.7
 Etot   =   -375642.1011  EKtot   =    113170.5292  EPtot      =   -488812.6303
 BOND   =      8794.2952  ANGLE   =     29983.5192  DIHED      =     20107.2377
 1-4 NB =      9198.1399  1-4 EEL =     39726.3796  VDWAALS    =     25940.9027
 EELEC  =   -623746.5781  EHBOND  =         0.0000  RESTRAINT  =         0.0000
 EKCMT  =     35455.1144  VIRIAL  =     35243.5223  VOLUME     =   1720341.8084
 CMAP   =      1183.4735
                                                    Density    =         1.0366
 Ewald error estimate:   0.1835E-04
 ------------------------------------------------------------------------------

 NMR restraints: Bond =    0.000   Angle =     0.000   Torsion =     0.000
===============================================================================

 NSTEP =    43600   TIME(PS) =      94.100  TEMP(K) =   303.30  PRESS =     9.0
 Etot   =   -375446.9610  EKtot   =    113286.2771  EPtot      =   -488733.2382
 BOND   =      8782.6838  ANGLE   =     29914.1590  DIHED      =     20053.7455
 1-4 NB =      9303.2089  1-4 EEL =     39620.0646  VDWAALS    =     26799.4916
 EELEC  =   -624398.6932  EHBOND  =         0.0000  RESTRAINT  =         0.0000
 EKCMT  =     35200.2589  VIRIAL  =     34866.1551  VOLUME     =   1720450.1189
 CMAP   =      1192.1016
                                                    Density    =         1.0365
 Ewald error estimate:   0.1072E-05
 ------------------------------------------------------------------------------

 NMR restraints: Bond =    0.000   Angle =     0.000   Torsion =     0.000
===============================================================================

 NSTEP =    43700   TIME(PS) =      94.200  TEMP(K) =   303.12  PRESS =    79.1
 Etot   =   -375484.3619  EKtot   =    113216.5052  EPtot      =   -488700.8670
 BOND   =      8663.7718  ANGLE   =     29867.2044  DIHED      =     19990.0720
 1-4 NB =      9246.3174  1-4 EEL =     39691.9127  VDWAALS    =     26089.1705
 EELEC  =   -623421.6373  EHBOND  =         0.0000  RESTRAINT  =         0.0000
 EKCMT  =     35153.4309  VIRIAL  =     32214.6346  VOLUME     =   1720727.4155
 CMAP   =      1172.3216
                                                    Density    =         1.0363
 Ewald error estimate:   0.2563E-04
 ------------------------------------------------------------------------------

 NMR restraints: Bond =    0.000   Angle =     0.000   Torsion =     0.000
===============================================================================

 NSTEP =    43800   TIME(PS) =      94.300  TEMP(K) =   303.68  PRESS =  -131.6
 Etot   =   -375292.5775  EKtot   =    113427.2053  EPtot      =   -488719.7829
 BOND   =      8729.6142  ANGLE   =     29819.1216  DIHED      =     20048.0578
 1-4 NB =      9345.5525  1-4 EEL =     39631.8599  VDWAALS    =     25716.1751
 EELEC  =   -623172.9530  EHBOND  =         0.0000  RESTRAINT  =         0.0000
 EKCMT  =     35445.8910  VIRIAL  =     40335.3426  VOLUME     =   1720535.1673
 CMAP   =      1162.7890
                                                    Density    =         1.0364
 Ewald error estimate:   0.1533E-04
 ------------------------------------------------------------------------------

 NMR restraints: Bond =    0.000   Angle =     0.000   Torsion =     0.000
===============================================================================

 NSTEP =    43900   TIME(PS) =      94.400  TEMP(K) =   303.27  PRESS =    55.0
 Etot   =   -375513.2452  EKtot   =    113272.3700  EPtot      =   -488785.6152
 BOND   =      8695.2592  ANGLE   =     29799.1656  DIHED      =     20130.8603
 1-4 NB =      9261.0398  1-4 EEL =     39660.4112  VDWAALS    =     25564.5958
 EELEC  =   -623078.3246  EHBOND  =         0.0000  RESTRAINT  =         0.0000
 EKCMT  =     35267.4162  VIRIAL  =     33225.1351  VOLUME     =   1720173.7051
 CMAP   =      1181.3774
                                                    Density    =         1.0367
 Ewald error estimate:   0.6925E-04
 ------------------------------------------------------------------------------

 NMR restraints: Bond =    0.000   Angle =     0.000   Torsion =     0.000
===============================================================================

 NSTEP =    44000   TIME(PS) =      94.500  TEMP(K) =   303.62  PRESS =   -19.2
 Etot   =   -375574.1688  EKtot   =    113403.2872  EPtot      =   -488977.4560
 BOND   =      8698.1091  ANGLE   =     29856.7440  DIHED      =     20071.9760
 1-4 NB =      9363.4632  1-4 EEL =     39886.0613  VDWAALS    =     26422.0641
 EELEC  =   -624448.7606  EHBOND  =         0.0000  RESTRAINT  =         0.0000
 EKCMT  =     35575.2458  VIRIAL  =     36286.5814  VOLUME     =   1720133.1812
 CMAP   =      1172.8869
                                                    Density    =         1.0367
 Ewald error estimate:   0.6503E-04
 ------------------------------------------------------------------------------

 NMR restraints: Bond =    0.000   Angle =     0.000   Torsion =     0.000
===============================================================================

 NSTEP =    44100   TIME(PS) =      94.600  TEMP(K) =   303.67  PRESS =   101.2
 Etot   =   -375495.0814  EKtot   =    113422.8631  EPtot      =   -488917.9445
 BOND   =      8652.9598  ANGLE   =     30049.7579  DIHED      =     20049.3333
 1-4 NB =      9288.7509  1-4 EEL =     39689.4620  VDWAALS    =     27147.5074
 EELEC  =   -624983.0146  EHBOND  =         0.0000  RESTRAINT  =         0.0000
 EKCMT  =     35349.1179  VIRIAL  =     31589.6958  VOLUME     =   1720391.1011
 CMAP   =      1187.2988
                                                    Density    =         1.0365
 Ewald error estimate:   0.1255E-03
 ------------------------------------------------------------------------------

 NMR restraints: Bond =    0.000   Angle =     0.000   Torsion =     0.000
===============================================================================

 NSTEP =    44200   TIME(PS) =      94.700  TEMP(K) =   303.46  PRESS =    46.7
 Etot   =   -375639.3269  EKtot   =    113342.5286  EPtot      =   -488981.8555
 BOND   =      8765.6982  ANGLE   =     29672.0933  DIHED      =     20054.0543
 1-4 NB =      9301.1406  1-4 EEL =     39749.6667  VDWAALS    =     26649.5724
 EELEC  =   -624346.4345  EHBOND  =         0.0000  RESTRAINT  =         0.0000
 EKCMT  =     35443.6019  VIRIAL  =     33708.5993  VOLUME     =   1720901.7911
 CMAP   =      1172.3535
                                                    Density    =         1.0362
 Ewald error estimate:   0.1648E-04
 ------------------------------------------------------------------------------

 NMR restraints: Bond =    0.000   Angle =     0.000   Torsion =     0.000
===============================================================================

 NSTEP =    44300   TIME(PS) =      94.800  TEMP(K) =   302.62  PRESS =    81.0
 Etot   =   -375715.5918  EKtot   =    113030.9250  EPtot      =   -488746.5168
 BOND   =      8790.0672  ANGLE   =     29823.5411  DIHED      =     19917.7411
 1-4 NB =      9274.7603  1-4 EEL =     39653.2276  VDWAALS    =     26797.5544
 EELEC  =   -624205.3426  EHBOND  =         0.0000  RESTRAINT  =         0.0000
 EKCMT  =     35187.2925  VIRIAL  =     32175.5331  VOLUME     =   1721044.0729
 CMAP   =      1201.9341
                                                    Density    =         1.0361
 Ewald error estimate:   0.1217E-05
 ------------------------------------------------------------------------------

 NMR restraints: Bond =    0.000   Angle =     0.000   Torsion =     0.000
===============================================================================

 NSTEP =    44400   TIME(PS) =      94.900  TEMP(K) =   303.87  PRESS =    30.6
 Etot   =   -375720.6670  EKtot   =    113499.2300  EPtot      =   -489219.8970
 BOND   =      8685.3369  ANGLE   =     29913.0525  DIHED      =     20051.9775
 1-4 NB =      9185.4980  1-4 EEL =     39684.8206  VDWAALS    =     26757.3006
 EELEC  =   -624685.2050  EHBOND  =         0.0000  RESTRAINT  =         0.0000
 EKCMT  =     35401.5063  VIRIAL  =     34264.4298  VOLUME     =   1721110.6008
 CMAP   =      1187.3219
                                                    Density    =         1.0361
 Ewald error estimate:   0.1632E-04
 ------------------------------------------------------------------------------

 NMR restraints: Bond =    0.000   Angle =     0.000   Torsion =     0.000
===============================================================================

 NSTEP =    44500   TIME(PS) =      95.000  TEMP(K) =   302.15  PRESS =   -62.0
 Etot   =   -376049.6730  EKtot   =    112853.5212  EPtot      =   -488903.1941
 BOND   =      8599.8081  ANGLE   =     29907.8879  DIHED      =     20010.2618
 1-4 NB =      9302.4518  1-4 EEL =     39799.4610  VDWAALS    =     26598.3650
 EELEC  =   -624315.5077  EHBOND  =         0.0000  RESTRAINT  =         0.0000
 EKCMT  =     35299.4256  VIRIAL  =     37603.1656  VOLUME     =   1721209.2879
 CMAP   =      1194.0779
                                                    Density    =         1.0360
 Ewald error estimate:   0.9165E-04
 ------------------------------------------------------------------------------

 NMR restraints: Bond =    0.000   Angle =     0.000   Torsion =     0.000
===============================================================================

 NSTEP =    44600   TIME(PS) =      95.100  TEMP(K) =   303.67  PRESS =    12.8
 Etot   =   -376048.8609  EKtot   =    113423.7861  EPtot      =   -489472.6470
 BOND   =      8661.9317  ANGLE   =     29810.3246  DIHED      =     20081.7853
 1-4 NB =      9259.9645  1-4 EEL =     39689.5844  VDWAALS    =     26475.5515
 EELEC  =   -624617.6375  EHBOND  =         0.0000  RESTRAINT  =         0.0000
 EKCMT  =     35585.6927  VIRIAL  =     35108.9102  VOLUME     =   1721112.5500
 CMAP   =      1165.8486
                                                    Density    =         1.0361
 Ewald error estimate:   0.1439E-04
 ------------------------------------------------------------------------------

 NMR restraints: Bond =    0.000   Angle =     0.000   Torsion =     0.000
===============================================================================

 NSTEP =    44700   TIME(PS) =      95.200  TEMP(K) =   301.68  PRESS =    68.7
 Etot   =   -376383.0417  EKtot   =    112678.8207  EPtot      =   -489061.8625
 BOND   =      8705.1879  ANGLE   =     29856.7408  DIHED      =     20061.5713
 1-4 NB =      9179.9232  1-4 EEL =     39613.7947  VDWAALS    =     26621.4193
 EELEC  =   -624280.2676  EHBOND  =         0.0000  RESTRAINT  =         0.0000
 EKCMT  =     35253.2402  VIRIAL  =     32699.8283  VOLUME     =   1721262.8111
 CMAP   =      1179.7680
                                                    Density    =         1.0360
 Ewald error estimate:   0.4635E-04
 ------------------------------------------------------------------------------

 NMR restraints: Bond =    0.000   Angle =     0.000   Torsion =     0.000
===============================================================================

 NSTEP =    44800   TIME(PS) =      95.300  TEMP(K) =   302.63  PRESS =    25.5
 Etot   =   -376357.0655  EKtot   =    113033.3644  EPtot      =   -489390.4299
 BOND   =      8738.9850  ANGLE   =     29496.9518  DIHED      =     20066.2083
 1-4 NB =      9254.5749  1-4 EEL =     39670.6754  VDWAALS    =     26826.6708
 EELEC  =   -624624.4917  EHBOND  =         0.0000  RESTRAINT  =         0.0000
 EKCMT  =     35535.8422  VIRIAL  =     34587.0175  VOLUME     =   1721056.7725
 CMAP   =      1179.9956
                                                    Density    =         1.0361
 Ewald error estimate:   0.2052E-04
 ------------------------------------------------------------------------------

 NMR restraints: Bond =    0.000   Angle =     0.000   Torsion =     0.000
===============================================================================

 NSTEP =    44900   TIME(PS) =      95.400  TEMP(K) =   303.03  PRESS =   -10.5
 Etot   =   -376407.0027  EKtot   =    113182.4093  EPtot      =   -489589.4121
 BOND   =      8673.6566  ANGLE   =     29554.3411  DIHED      =     20012.9044
 1-4 NB =      9297.0917  1-4 EEL =     39663.6418  VDWAALS    =     26466.5591
 EELEC  =   -624461.2777  EHBOND  =         0.0000  RESTRAINT  =         0.0000
 EKCMT  =     35522.5638  VIRIAL  =     35912.6030  VOLUME     =   1721355.5966
 CMAP   =      1203.6709
                                                    Density    =         1.0359
 Ewald error estimate:   0.6366E-04
 ------------------------------------------------------------------------------

 NMR restraints: Bond =    0.000   Angle =     0.000   Torsion =     0.000
===============================================================================

 NSTEP =    45000   TIME(PS) =      95.500  TEMP(K) =   302.61  PRESS =    37.7
 Etot   =   -376595.8264  EKtot   =    113025.1680  EPtot      =   -489620.9944
 BOND   =      8663.7587  ANGLE   =     29734.1418  DIHED      =     19985.2008
 1-4 NB =      9260.4008  1-4 EEL =     39634.8134  VDWAALS    =     26678.5697
 EELEC  =   -624784.7521  EHBOND  =         0.0000  RESTRAINT  =         0.0000
 EKCMT  =     35479.0604  VIRIAL  =     34078.1226  VOLUME     =   1721588.1181
 CMAP   =      1206.8724
                                                    Density    =         1.0358
 Ewald error estimate:   0.2861E-04
 ------------------------------------------------------------------------------

 NMR restraints: Bond =    0.000   Angle =     0.000   Torsion =     0.000
===============================================================================

 NSTEP =    45100   TIME(PS) =      95.600  TEMP(K) =   301.65  PRESS =   -12.5
 Etot   =   -376826.9300  EKtot   =    112668.0430  EPtot      =   -489494.9730
 BOND   =      8772.6484  ANGLE   =     29870.2080  DIHED      =     19939.8061
 1-4 NB =      9248.5581  1-4 EEL =     39673.3499  VDWAALS    =     26114.7429
 EELEC  =   -624307.7278  EHBOND  =         0.0000  RESTRAINT  =         0.0000
 EKCMT  =     35419.2773  VIRIAL  =     35882.8517  VOLUME     =   1721635.3399
 CMAP   =      1193.4414
                                                    Density    =         1.0358
 Ewald error estimate:   0.5604E-04
 ------------------------------------------------------------------------------

 NMR restraints: Bond =    0.000   Angle =     0.000   Torsion =     0.000
===============================================================================

 NSTEP =    45200   TIME(PS) =      95.700  TEMP(K) =   302.07  PRESS =   -46.4
 Etot   =   -376786.2539  EKtot   =    112825.8011  EPtot      =   -489612.0550
 BOND   =      8638.3232  ANGLE   =     29752.2079  DIHED      =     20006.6053
 1-4 NB =      9227.4818  1-4 EEL =     39710.0612  VDWAALS    =     26114.7719
 EELEC  =   -624250.9301  EHBOND  =         0.0000  RESTRAINT  =         0.0000
 EKCMT  =     35375.4004  VIRIAL  =     37101.4969  VOLUME     =   1721484.6239
 CMAP   =      1189.4239
                                                    Density    =         1.0359
 Ewald error estimate:   0.3401E-05
 ------------------------------------------------------------------------------

 NMR restraints: Bond =    0.000   Angle =     0.000   Torsion =     0.000
===============================================================================

 NSTEP =    45300   TIME(PS) =      95.800  TEMP(K) =   302.56  PRESS =    23.1
 Etot   =   -376521.5056  EKtot   =    113008.2281  EPtot      =   -489529.7337
 BOND   =      8705.2522  ANGLE   =     29802.7230  DIHED      =     19878.5276
 1-4 NB =      9268.7386  1-4 EEL =     39754.5471  VDWAALS    =     25765.1282
 EELEC  =   -623885.5280  EHBOND  =         0.0000  RESTRAINT  =         0.0000
 EKCMT  =     35533.1299  VIRIAL  =     34675.3722  VOLUME     =   1721496.1559
 CMAP   =      1180.8775
                                                    Density    =         1.0359
 Ewald error estimate:   0.1314E-04
 ------------------------------------------------------------------------------

 NMR restraints: Bond =    0.000   Angle =     0.000   Torsion =     0.000
===============================================================================

 NSTEP =    45400   TIME(PS) =      95.900  TEMP(K) =   302.27  PRESS =    10.4
 Etot   =   -376549.5454  EKtot   =    112900.5847  EPtot      =   -489450.1301
 BOND   =      8584.4000  ANGLE   =     29794.0522  DIHED      =     19941.3856
 1-4 NB =      9234.0543  1-4 EEL =     39726.6808  VDWAALS    =     26529.0436
 EELEC  =   -624436.9089  EHBOND  =         0.0000  RESTRAINT  =         0.0000
 EKCMT  =     35351.1502  VIRIAL  =     34964.1844  VOLUME     =   1721320.3644
 CMAP   =      1177.1623
                                                    Density    =         1.0360
 Ewald error estimate:   0.2467E-04
 ------------------------------------------------------------------------------

 NMR restraints: Bond =    0.000   Angle =     0.000   Torsion =     0.000
===============================================================================

 NSTEP =    45500   TIME(PS) =      96.000  TEMP(K) =   301.26  PRESS =    15.7
 Etot   =   -376292.4157  EKtot   =    112524.4351  EPtot      =   -488816.8508
 BOND   =      8663.3420  ANGLE   =     29913.8406  DIHED      =     20046.4222
 1-4 NB =      9292.0215  1-4 EEL =     39768.1664  VDWAALS    =     26470.1054
 EELEC  =   -624154.7278  EHBOND  =         0.0000  RESTRAINT  =         0.0000
 EKCMT  =     35139.2435  VIRIAL  =     34554.0079  VOLUME     =   1721021.1730
 CMAP   =      1183.9788
                                                    Density    =         1.0361
 Ewald error estimate:   0.3131E-04
 ------------------------------------------------------------------------------

 NMR restraints: Bond =    0.000   Angle =     0.000   Torsion =     0.000
===============================================================================

 NSTEP =    45600   TIME(PS) =      96.100  TEMP(K) =   302.02  PRESS =  -153.5
 Etot   =   -376491.0668  EKtot   =    112807.3840  EPtot      =   -489298.4508
 BOND   =      8653.6147  ANGLE   =     30030.0683  DIHED      =     20012.1683
 1-4 NB =      9282.7657  1-4 EEL =     39845.0867  VDWAALS    =     26127.4624
 EELEC  =   -624427.1658  EHBOND  =         0.0000  RESTRAINT  =         0.0000
 EKCMT  =     35093.4940  VIRIAL  =     40798.3406  VOLUME     =   1720947.2896
 CMAP   =      1177.5488
                                                    Density    =         1.0362
 Ewald error estimate:   0.6682E-04
 ------------------------------------------------------------------------------

 NMR restraints: Bond =    0.000   Angle =     0.000   Torsion =     0.000
===============================================================================

 NSTEP =    45700   TIME(PS) =      96.200  TEMP(K) =   302.50  PRESS =   -56.0
 Etot   =   -376605.4349  EKtot   =    112986.1966  EPtot      =   -489591.6315
 BOND   =      8569.3602  ANGLE   =     29968.2362  DIHED      =     19978.5263
 1-4 NB =      9290.0533  1-4 EEL =     39746.2172  VDWAALS    =     26252.9094
 EELEC  =   -624559.7022  EHBOND  =         0.0000  RESTRAINT  =         0.0000
 EKCMT  =     35174.9109  VIRIAL  =     37255.1392  VOLUME     =   1720961.0172
 CMAP   =      1162.7683
                                                    Density    =         1.0362
 Ewald error estimate:   0.9344E-04
 ------------------------------------------------------------------------------

 NMR restraints: Bond =    0.000   Angle =     0.000   Torsion =     0.000
===============================================================================

 NSTEP =    45800   TIME(PS) =      96.300  TEMP(K) =   301.03  PRESS =   -69.2
 Etot   =   -376705.0464  EKtot   =    112438.1690  EPtot      =   -489143.2154
 BOND   =      8773.7557  ANGLE   =     29920.0449  DIHED      =     20047.5159
 1-4 NB =      9275.0665  1-4 EEL =     39756.0727  VDWAALS    =     26294.8207
 EELEC  =   -624372.5456  EHBOND  =         0.0000  RESTRAINT  =         0.0000
 EKCMT  =     35002.4976  VIRIAL  =     37575.4412  VOLUME     =   1720861.6278
 CMAP   =      1162.0538
                                                    Density    =         1.0362
 Ewald error estimate:   0.2857E-04
 ------------------------------------------------------------------------------

 NMR restraints: Bond =    0.000   Angle =     0.000   Torsion =     0.000
===============================================================================

 NSTEP =    45900   TIME(PS) =      96.400  TEMP(K) =   303.20  PRESS =    -7.9
 Etot   =   -376747.0249  EKtot   =    113249.0506  EPtot      =   -489996.0754
 BOND   =      8659.5886  ANGLE   =     29848.8126  DIHED      =     19966.6891
 1-4 NB =      9253.6160  1-4 EEL =     39810.2039  VDWAALS    =     26947.5430
 EELEC  =   -625673.2664  EHBOND  =         0.0000  RESTRAINT  =         0.0000
 EKCMT  =     35497.5835  VIRIAL  =     35791.6955  VOLUME     =   1720581.6707
 CMAP   =      1190.7377
                                                    Density    =         1.0364
 Ewald error estimate:   0.2161E-04
 ------------------------------------------------------------------------------

 NMR restraints: Bond =    0.000   Angle =     0.000   Torsion =     0.000
===============================================================================

 NSTEP =    46000   TIME(PS) =      96.500  TEMP(K) =   302.70  PRESS =   -52.4
 Etot   =   -376578.6011  EKtot   =    113059.7450  EPtot      =   -489638.3460
 BOND   =      8781.2410  ANGLE   =     29865.7327  DIHED      =     19958.5182
 1-4 NB =      9269.4543  1-4 EEL =     39817.9423  VDWAALS    =     26598.6075
 EELEC  =   -625115.5620  EHBOND  =         0.0000  RESTRAINT  =         0.0000
 EKCMT  =     35481.7134  VIRIAL  =     37427.7831  VOLUME     =   1720645.7548
 CMAP   =      1185.7201
                                                    Density    =         1.0364
 Ewald error estimate:   0.1996E-04
 ------------------------------------------------------------------------------

 NMR restraints: Bond =    0.000   Angle =     0.000   Torsion =     0.000
===============================================================================

 NSTEP =    46100   TIME(PS) =      96.600  TEMP(K) =   301.52  PRESS =    33.3
 Etot   =   -376669.8978  EKtot   =    112621.4851  EPtot      =   -489291.3829
 BOND   =      8728.4610  ANGLE   =     29927.5893  DIHED      =     19984.2715
 1-4 NB =      9356.1550  1-4 EEL =     39872.2065  VDWAALS    =     26427.4655
 EELEC  =   -624753.5917  EHBOND  =         0.0000  RESTRAINT  =         0.0000
 EKCMT  =     35085.6698  VIRIAL  =     33849.7644  VOLUME     =   1720424.3292
 CMAP   =      1166.0599
                                                    Density    =         1.0365
 Ewald error estimate:   0.1416E-04
 ------------------------------------------------------------------------------

 NMR restraints: Bond =    0.000   Angle =     0.000   Torsion =     0.000
===============================================================================

 NSTEP =    46200   TIME(PS) =      96.700  TEMP(K) =   302.27  PRESS =    80.8
 Etot   =   -376884.8105  EKtot   =    112900.8107  EPtot      =   -489785.6213
 BOND   =      8659.0037  ANGLE   =     29857.4473  DIHED      =     19973.4575
 1-4 NB =      9242.4633  1-4 EEL =     39675.3047  VDWAALS    =     26676.1008
 EELEC  =   -625036.0149  EHBOND  =         0.0000  RESTRAINT  =         0.0000
 EKCMT  =     35226.8066  VIRIAL  =     32223.4953  VOLUME     =   1720520.8862
 CMAP   =      1166.6163
                                                    Density    =         1.0364
 Ewald error estimate:   0.4219E-04
 ------------------------------------------------------------------------------

 NMR restraints: Bond =    0.000   Angle =     0.000   Torsion =     0.000
===============================================================================

 NSTEP =    46300   TIME(PS) =      96.800  TEMP(K) =   302.62  PRESS =   -82.9
 Etot   =   -376978.3389  EKtot   =    113029.0817  EPtot      =   -490007.4206
 BOND   =      8782.2755  ANGLE   =     29867.7800  DIHED      =     20002.0478
 1-4 NB =      9222.5297  1-4 EEL =     39747.9256  VDWAALS    =     26486.5972
 EELEC  =   -625282.4020  EHBOND  =         0.0000  RESTRAINT  =         0.0000
 EKCMT  =     35312.8946  VIRIAL  =     38391.4466  VOLUME     =   1720617.3112
 CMAP   =      1165.8257
                                                    Density    =         1.0364
 Ewald error estimate:   0.4183E-04
 ------------------------------------------------------------------------------

 NMR restraints: Bond =    0.000   Angle =     0.000   Torsion =     0.000
===============================================================================

 NSTEP =    46400   TIME(PS) =      96.900  TEMP(K) =   302.76  PRESS =   213.7
 Etot   =   -376716.9824  EKtot   =    113082.1210  EPtot      =   -489799.1034
 BOND   =      8794.0393  ANGLE   =     29895.6502  DIHED      =     19911.1549
 1-4 NB =      9287.4911  1-4 EEL =     39680.6428  VDWAALS    =     26739.0431
 EELEC  =   -625263.5415  EHBOND  =         0.0000  RESTRAINT  =         0.0000
 EKCMT  =     35381.8215  VIRIAL  =     27444.2321  VOLUME     =   1720613.5464
 CMAP   =      1156.4169
                                                    Density    =         1.0364
 Ewald error estimate:   0.6300E-05
 ------------------------------------------------------------------------------

 NMR restraints: Bond =    0.000   Angle =     0.000   Torsion =     0.000
===============================================================================

 NSTEP =    46500   TIME(PS) =      97.000  TEMP(K) =   301.95  PRESS =   -39.3
 Etot   =   -376956.1768  EKtot   =    112780.7724  EPtot      =   -489736.9493
 BOND   =      8753.6145  ANGLE   =     29977.7262  DIHED      =     19932.7744
 1-4 NB =      9316.6944  1-4 EEL =     39702.0108  VDWAALS    =     26210.6282
 EELEC  =   -624783.8874  EHBOND  =         0.0000  RESTRAINT  =         0.0000
 EKCMT  =     35244.4031  VIRIAL  =     36703.0748  VOLUME     =   1720521.5730
 CMAP   =      1153.4898
                                                    Density    =         1.0364
 Ewald error estimate:   0.2882E-04
 ------------------------------------------------------------------------------

 NMR restraints: Bond =    0.000   Angle =     0.000   Torsion =     0.000
===============================================================================

 NSTEP =    46600   TIME(PS) =      97.100  TEMP(K) =   301.76  PRESS =   -47.8
 Etot   =   -377187.6115  EKtot   =    112707.9941  EPtot      =   -489895.6056
 BOND   =      8643.6284  ANGLE   =     29994.2849  DIHED      =     20008.0649
 1-4 NB =      9292.2267  1-4 EEL =     39609.5381  VDWAALS    =     26297.9991
 EELEC  =   -624904.3275  EHBOND  =         0.0000  RESTRAINT  =         0.0000
 EKCMT  =     35099.0219  VIRIAL  =     36873.7465  VOLUME     =   1720295.0536
 CMAP   =      1162.9798
                                                    Density    =         1.0366
 Ewald error estimate:   0.1043E-05
 ------------------------------------------------------------------------------

 NMR restraints: Bond =    0.000   Angle =     0.000   Torsion =     0.000
===============================================================================

 NSTEP =    46700   TIME(PS) =      97.200  TEMP(K) =   302.29  PRESS =   -51.6
 Etot   =   -377261.4507  EKtot   =    112909.0839  EPtot      =   -490170.5346
 BOND   =      8813.3792  ANGLE   =     29888.3330  DIHED      =     20026.0293
 1-4 NB =      9194.9434  1-4 EEL =     39629.7041  VDWAALS    =     26925.0302
 EELEC  =   -625800.8432  EHBOND  =         0.0000  RESTRAINT  =         0.0000
 EKCMT  =     35394.3996  VIRIAL  =     37311.9090  VOLUME     =   1720069.3941
 CMAP   =      1152.8893
                                                    Density    =         1.0367
 Ewald error estimate:   0.3286E-05
 ------------------------------------------------------------------------------

 NMR restraints: Bond =    0.000   Angle =     0.000   Torsion =     0.000
===============================================================================

 NSTEP =    46800   TIME(PS) =      97.300  TEMP(K) =   302.16  PRESS =   225.3
 Etot   =   -377181.0479  EKtot   =    112858.2640  EPtot      =   -490039.3119
 BOND   =      8781.9276  ANGLE   =     29923.8139  DIHED      =     20002.4194
 1-4 NB =      9196.4050  1-4 EEL =     39605.2072  VDWAALS    =     26793.4104
 EELEC  =   -625507.7676  EHBOND  =         0.0000  RESTRAINT  =         0.0000
 EKCMT  =     35274.7033  VIRIAL  =     26907.9648  VOLUME     =   1720160.7826
 CMAP   =      1165.2722
                                                    Density    =         1.0367
 Ewald error estimate:   0.9186E-06
 ------------------------------------------------------------------------------

 NMR restraints: Bond =    0.000   Angle =     0.000   Torsion =     0.000
===============================================================================

 NSTEP =    46900   TIME(PS) =      97.400  TEMP(K) =   302.84  PRESS =     2.6
 Etot   =   -376931.5717  EKtot   =    113112.6721  EPtot      =   -490044.2437
 BOND   =      8651.8520  ANGLE   =     29793.8006  DIHED      =     20055.2781
 1-4 NB =      9291.8891  1-4 EEL =     39698.8940  VDWAALS    =     26512.1638
 EELEC  =   -625212.6759  EHBOND  =         0.0000  RESTRAINT  =         0.0000
 EKCMT  =     35319.0019  VIRIAL  =     35223.7174  VOLUME     =   1720131.6096
 CMAP   =      1164.5546
                                                    Density    =         1.0367
 Ewald error estimate:   0.2416E-05
 ------------------------------------------------------------------------------

 NMR restraints: Bond =    0.000   Angle =     0.000   Torsion =     0.000
===============================================================================

 NSTEP =    47000   TIME(PS) =      97.500  TEMP(K) =   302.27  PRESS =   -99.4
 Etot   =   -377138.1011  EKtot   =    112900.4780  EPtot      =   -490038.5791
 BOND   =      8824.4587  ANGLE   =     29779.5676  DIHED      =     20012.6193
 1-4 NB =      9183.1169  1-4 EEL =     39790.6720  VDWAALS    =     26543.0629
 EELEC  =   -625342.6455  EHBOND  =         0.0000  RESTRAINT  =         0.0000
 EKCMT  =     35251.1715  VIRIAL  =     38940.8500  VOLUME     =   1719728.6105
 CMAP   =      1170.5690
                                                    Density    =         1.0369
 Ewald error estimate:   0.2127E-04
 ------------------------------------------------------------------------------

 NMR restraints: Bond =    0.000   Angle =     0.000   Torsion =     0.000
===============================================================================

 NSTEP =    47100   TIME(PS) =      97.600  TEMP(K) =   302.36  PRESS =   175.3
 Etot   =   -376864.1622  EKtot   =    112934.1474  EPtot      =   -489798.3095
 BOND   =      8630.0760  ANGLE   =     29781.0821  DIHED      =     20036.5731
 1-4 NB =      9321.9219  1-4 EEL =     39679.7480  VDWAALS    =     26498.5213
 EELEC  =   -624929.4346  EHBOND  =         0.0000  RESTRAINT  =         0.0000
 EKCMT  =     35252.8553  VIRIAL  =     28743.3293  VOLUME     =   1720034.2079
 CMAP   =      1183.2028
                                                    Density    =         1.0367
 Ewald error estimate:   0.4494E-04
 ------------------------------------------------------------------------------

 NMR restraints: Bond =    0.000   Angle =     0.000   Torsion =     0.000
===============================================================================

 NSTEP =    47200   TIME(PS) =      97.700  TEMP(K) =   302.64  PRESS =   175.1
 Etot   =   -376893.2679  EKtot   =    113038.8274  EPtot      =   -489932.0954
 BOND   =      8695.2331  ANGLE   =     29984.9655  DIHED      =     19830.6229
 1-4 NB =      9230.1022  1-4 EEL =     39719.7856  VDWAALS    =     26856.6118
 EELEC  =   -625426.4956  EHBOND  =         0.0000  RESTRAINT  =         0.0000
 EKCMT  =     35355.8753  VIRIAL  =     28851.1566  VOLUME     =   1720468.9048
 CMAP   =      1177.0791
                                                    Density    =         1.0365
 Ewald error estimate:   0.4591E-04
 ------------------------------------------------------------------------------

 NMR restraints: Bond =    0.000   Angle =     0.000   Torsion =     0.000
===============================================================================

 NSTEP =    47300   TIME(PS) =      97.800  TEMP(K) =   302.01  PRESS =   -26.8
 Etot   =   -376903.5947  EKtot   =    112803.3116  EPtot      =   -489706.9063
 BOND   =      8603.6985  ANGLE   =     29929.5072  DIHED      =     20052.6117
 1-4 NB =      9229.7388  1-4 EEL =     39727.5964  VDWAALS    =     26407.6007
 EELEC  =   -624842.3577  EHBOND  =         0.0000  RESTRAINT  =         0.0000
 EKCMT  =     35129.1277  VIRIAL  =     36125.2914  VOLUME     =   1720348.5121
 CMAP   =      1184.6981
                                                    Density    =         1.0365
 Ewald error estimate:   0.4442E-04
 ------------------------------------------------------------------------------

 NMR restraints: Bond =    0.000   Angle =     0.000   Torsion =     0.000
===============================================================================

 NSTEP =    47400   TIME(PS) =      97.900  TEMP(K) =   302.29  PRESS =    82.7
 Etot   =   -376746.6339  EKtot   =    112908.1798  EPtot      =   -489654.8137
 BOND   =      8783.3558  ANGLE   =     29945.2668  DIHED      =     20038.4385
 1-4 NB =      9203.1673  1-4 EEL =     39716.3863  VDWAALS    =     26491.2934
 EELEC  =   -624992.3279  EHBOND  =         0.0000  RESTRAINT  =         0.0000
 EKCMT  =     35135.6881  VIRIAL  =     32064.4194  VOLUME     =   1720196.0046
 CMAP   =      1159.6062
                                                    Density    =         1.0366
 Ewald error estimate:   0.1010E-04
 ------------------------------------------------------------------------------

 NMR restraints: Bond =    0.000   Angle =     0.000   Torsion =     0.000
===============================================================================

 NSTEP =    47500   TIME(PS) =      98.000  TEMP(K) =   302.30  PRESS =     6.4
 Etot   =   -376819.7663  EKtot   =    112909.5238  EPtot      =   -489729.2901
 BOND   =      8619.4251  ANGLE   =     30020.1908  DIHED      =     20092.4121
 1-4 NB =      9366.0545  1-4 EEL =     39683.1610  VDWAALS    =     26440.8074
 EELEC  =   -625115.2971  EHBOND  =         0.0000  RESTRAINT  =         0.0000
 EKCMT  =     35289.4338  VIRIAL  =     35050.0800  VOLUME     =   1720140.4408
 CMAP   =      1163.9561
                                                    Density    =         1.0367
 Ewald error estimate:   0.5698E-04
 ------------------------------------------------------------------------------

 NMR restraints: Bond =    0.000   Angle =     0.000   Torsion =     0.000
===============================================================================

 NSTEP =    47600   TIME(PS) =      98.100  TEMP(K) =   302.43  PRESS =   104.6
 Etot   =   -376572.2439  EKtot   =    112960.8015  EPtot      =   -489533.0454
 BOND   =      8741.1011  ANGLE   =     30082.3547  DIHED      =     20031.9957
 1-4 NB =      9245.5612  1-4 EEL =     39635.5946  VDWAALS    =     26393.5715
 EELEC  =   -624844.3655  EHBOND  =         0.0000  RESTRAINT  =         0.0000
 EKCMT  =     35432.1500  VIRIAL  =     31546.4172  VOLUME     =   1720276.2291
 CMAP   =      1181.1412
                                                    Density    =         1.0366
 Ewald error estimate:   0.4360E-04
 ------------------------------------------------------------------------------

 NMR restraints: Bond =    0.000   Angle =     0.000   Torsion =     0.000
===============================================================================

 NSTEP =    47700   TIME(PS) =      98.200  TEMP(K) =   302.44  PRESS =  -127.0
 Etot   =   -376533.5179  EKtot   =    112964.4122  EPtot      =   -489497.9301
 BOND   =      8888.8038  ANGLE   =     29844.9981  DIHED      =     20041.2615
 1-4 NB =      9257.5409  1-4 EEL =     39655.6975  VDWAALS    =     26755.4341
 EELEC  =   -625102.6623  EHBOND  =         0.0000  RESTRAINT  =         0.0000
 EKCMT  =     35145.7714  VIRIAL  =     39862.7454  VOLUME     =   1720023.5580
 CMAP   =      1160.9964
                                                    Density    =         1.0367
 Ewald error estimate:   0.6683E-04
 ------------------------------------------------------------------------------

 NMR restraints: Bond =    0.000   Angle =     0.000   Torsion =     0.000
===============================================================================

 NSTEP =    47800   TIME(PS) =      98.300  TEMP(K) =   302.28  PRESS =   -61.0
 Etot   =   -376379.3591  EKtot   =    112904.7212  EPtot      =   -489284.0803
 BOND   =      8803.4482  ANGLE   =     29927.6708  DIHED      =     20015.0598
 1-4 NB =      9236.8700  1-4 EEL =     39699.0837  VDWAALS    =     26083.9567
 EELEC  =   -624229.5862  EHBOND  =         0.0000  RESTRAINT  =         0.0000
 EKCMT  =     35097.5427  VIRIAL  =     37361.7247  VOLUME     =   1719915.7274
 CMAP   =      1179.4165
                                                    Density    =         1.0368
 Ewald error estimate:   0.3788E-04
 ------------------------------------------------------------------------------

 NMR restraints: Bond =    0.000   Angle =     0.000   Torsion =     0.000
===============================================================================

 NSTEP =    47900   TIME(PS) =      98.400  TEMP(K) =   302.28  PRESS =    37.3
 Etot   =   -376404.2393  EKtot   =    112904.9587  EPtot      =   -489309.1980
 BOND   =      8751.8277  ANGLE   =     29879.2625  DIHED      =     20074.8638
 1-4 NB =      9212.7612  1-4 EEL =     39825.8858  VDWAALS    =     25794.7575
 EELEC  =   -624012.7192  EHBOND  =         0.0000  RESTRAINT  =         0.0000
 EKCMT  =     35033.7565  VIRIAL  =     33649.6568  VOLUME     =   1719705.3120
 CMAP   =      1164.1627
                                                    Density    =         1.0369
 Ewald error estimate:   0.1234E-04
 ------------------------------------------------------------------------------

 NMR restraints: Bond =    0.000   Angle =     0.000   Torsion =     0.000
===============================================================================

 NSTEP =    48000   TIME(PS) =      98.500  TEMP(K) =   303.71  PRESS =    66.0
 Etot   =   -376214.9889  EKtot   =    113438.7373  EPtot      =   -489653.7262
 BOND   =      8778.3927  ANGLE   =     29737.9033  DIHED      =     19962.4092
 1-4 NB =      9260.1069  1-4 EEL =     39577.7360  VDWAALS    =     26358.6983
 EELEC  =   -624499.5422  EHBOND  =         0.0000  RESTRAINT  =         0.0000
 EKCMT  =     35413.5289  VIRIAL  =     32963.8332  VOLUME     =   1719569.2742
 CMAP   =      1170.5695
                                                    Density    =         1.0370
 Ewald error estimate:   0.6200E-04
 ------------------------------------------------------------------------------

 NMR restraints: Bond =    0.000   Angle =     0.000   Torsion =     0.000
===============================================================================

 NSTEP =    48100   TIME(PS) =      98.600  TEMP(K) =   302.29  PRESS =   -65.4
 Etot   =   -376331.1371  EKtot   =    112908.6165  EPtot      =   -489239.7536
 BOND   =      8889.4494  ANGLE   =     29887.6626  DIHED      =     20059.0105
 1-4 NB =      9264.3184  1-4 EEL =     39622.6662  VDWAALS    =     26781.5891
 EELEC  =   -624904.5408  EHBOND  =         0.0000  RESTRAINT  =         0.0000
 EKCMT  =     35275.7522  VIRIAL  =     37702.6720  VOLUME     =   1719586.2468
 CMAP   =      1160.0910
                                                    Density    =         1.0370
 Ewald error estimate:   0.4616E-04
 ------------------------------------------------------------------------------

 NMR restraints: Bond =    0.000   Angle =     0.000   Torsion =     0.000
===============================================================================

 NSTEP =    48200   TIME(PS) =      98.700  TEMP(K) =   302.77  PRESS =   -38.7
 Etot   =   -376165.0144  EKtot   =    113088.4493  EPtot      =   -489253.4637
 BOND   =      8889.9694  ANGLE   =     29828.5327  DIHED      =     20016.5414
 1-4 NB =      9201.1096  1-4 EEL =     39644.1858  VDWAALS    =     26463.9619
 EELEC  =   -624453.9219  EHBOND  =         0.0000  RESTRAINT  =         0.0000
 EKCMT  =     35349.7090  VIRIAL  =     36786.7275  VOLUME     =   1719540.3963
 CMAP   =      1156.1573
                                                    Density    =         1.0370
 Ewald error estimate:   0.4880E-04
 ------------------------------------------------------------------------------

 NMR restraints: Bond =    0.000   Angle =     0.000   Torsion =     0.000
===============================================================================

 NSTEP =    48300   TIME(PS) =      98.800  TEMP(K) =   302.42  PRESS =    -8.5
 Etot   =   -375968.1454  EKtot   =    112954.0443  EPtot      =   -488922.1897
 BOND   =      8949.8006  ANGLE   =     29844.8709  DIHED      =     20085.4780
 1-4 NB =      9271.9909  1-4 EEL =     39572.3502  VDWAALS    =     26379.4906
 EELEC  =   -624204.2962  EHBOND  =         0.0000  RESTRAINT  =         0.0000
 EKCMT  =     35286.3109  VIRIAL  =     35600.3619  VOLUME     =   1719849.5695
 CMAP   =      1178.1252
                                                    Density    =         1.0368
 Ewald error estimate:   0.3010E-05
 ------------------------------------------------------------------------------

 NMR restraints: Bond =    0.000   Angle =     0.000   Torsion =     0.000
===============================================================================

 NSTEP =    48400   TIME(PS) =      98.900  TEMP(K) =   302.98  PRESS =   -15.0
 Etot   =   -375810.7947  EKtot   =    113164.3449  EPtot      =   -488975.1396
 BOND   =      8806.7658  ANGLE   =     29880.9640  DIHED      =     20024.8882
 1-4 NB =      9279.4963  1-4 EEL =     39791.8793  VDWAALS    =     26320.6115
 EELEC  =   -624243.2928  EHBOND  =         0.0000  RESTRAINT  =         0.0000
 EKCMT  =     35457.2931  VIRIAL  =     36014.5108  VOLUME     =   1719589.2166
 CMAP   =      1163.5481
                                                    Density    =         1.0370
 Ewald error estimate:   0.5868E-04
 ------------------------------------------------------------------------------

 NMR restraints: Bond =    0.000   Angle =     0.000   Torsion =     0.000
===============================================================================

 NSTEP =    48500   TIME(PS) =      99.000  TEMP(K) =   302.38  PRESS =    40.1
 Etot   =   -375837.2908  EKtot   =    112941.5484  EPtot      =   -488778.8393
 BOND   =      8717.1653  ANGLE   =     29753.6647  DIHED      =     20213.0863
 1-4 NB =      9258.5341  1-4 EEL =     39702.4287  VDWAALS    =     26199.8120
 EELEC  =   -623805.7463  EHBOND  =         0.0000  RESTRAINT  =         0.0000
 EKCMT  =     35368.1302  VIRIAL  =     33877.9764  VOLUME     =   1719661.5638
 CMAP   =      1182.2159
                                                    Density    =         1.0370
 Ewald error estimate:   0.1568E-04
 ------------------------------------------------------------------------------

 NMR restraints: Bond =    0.000   Angle =     0.000   Torsion =     0.000
===============================================================================

 NSTEP =    48600   TIME(PS) =      99.100  TEMP(K) =   303.00  PRESS =     9.2
 Etot   =   -375926.2949  EKtot   =    113172.2335  EPtot      =   -489098.5285
 BOND   =      8737.0096  ANGLE   =     30090.0946  DIHED      =     20031.5546
 1-4 NB =      9243.0648  1-4 EEL =     39586.1261  VDWAALS    =     26118.4297
 EELEC  =   -624115.4602  EHBOND  =         0.0000  RESTRAINT  =         0.0000
 EKCMT  =     35708.1765  VIRIAL  =     35366.9234  VOLUME     =   1719570.3086
 CMAP   =      1210.6524
                                                    Density    =         1.0370
 Ewald error estimate:   0.4194E-04
 ------------------------------------------------------------------------------

 NMR restraints: Bond =    0.000   Angle =     0.000   Torsion =     0.000
===============================================================================

 NSTEP =    48700   TIME(PS) =      99.200  TEMP(K) =   302.51  PRESS =    37.6
 Etot   =   -376060.5575  EKtot   =    112987.7096  EPtot      =   -489048.2671
 BOND   =      8789.1164  ANGLE   =     29733.7864  DIHED      =     20050.4418
 1-4 NB =      9266.7230  1-4 EEL =     39749.1252  VDWAALS    =     26423.7832
 EELEC  =   -624257.7944  EHBOND  =         0.0000  RESTRAINT  =         0.0000
 EKCMT  =     35404.0687  VIRIAL  =     34006.9851  VOLUME     =   1719277.8820
 CMAP   =      1196.5513
                                                    Density    =         1.0372
 Ewald error estimate:   0.4554E-04
 ------------------------------------------------------------------------------

 NMR restraints: Bond =    0.000   Angle =     0.000   Torsion =     0.000
===============================================================================

 NSTEP =    48800   TIME(PS) =      99.300  TEMP(K) =   302.28  PRESS =    15.1
 Etot   =   -376062.0324  EKtot   =    112903.1460  EPtot      =   -488965.1784
 BOND   =      8797.3070  ANGLE   =     29962.9802  DIHED      =     20121.9100
 1-4 NB =      9296.2871  1-4 EEL =     39734.9134  VDWAALS    =     26084.0362
 EELEC  =   -624162.2260  EHBOND  =         0.0000  RESTRAINT  =         0.0000
 EKCMT  =     35486.5983  VIRIAL  =     34927.4649  VOLUME     =   1719643.4776
 CMAP   =      1199.6137
                                                    Density    =         1.0370
 Ewald error estimate:   0.3532E-04
 ------------------------------------------------------------------------------

 NMR restraints: Bond =    0.000   Angle =     0.000   Torsion =     0.000
===============================================================================

 NSTEP =    48900   TIME(PS) =      99.400  TEMP(K) =   303.06  PRESS =   -70.7
 Etot   =   -376131.6824  EKtot   =    113194.2891  EPtot      =   -489325.9715
 BOND   =      8760.0843  ANGLE   =     29951.0484  DIHED      =     19912.5808
 1-4 NB =      9297.7576  1-4 EEL =     39667.9111  VDWAALS    =     26334.7245
 EELEC  =   -624443.5206  EHBOND  =         0.0000  RESTRAINT  =         0.0000
 EKCMT  =     35390.1449  VIRIAL  =     38015.9656  VOLUME     =   1719554.8118
 CMAP   =      1193.4425
                                                    Density    =         1.0370
 Ewald error estimate:   0.3344E-04
 ------------------------------------------------------------------------------

 NMR restraints: Bond =    0.000   Angle =     0.000   Torsion =     0.000
===============================================================================

 NSTEP =    49000   TIME(PS) =      99.500  TEMP(K) =   303.56  PRESS =    -6.2
 Etot   =   -375905.7611  EKtot   =    113380.6302  EPtot      =   -489286.3914
 BOND   =      8615.7091  ANGLE   =     29904.3557  DIHED      =     19960.4398
 1-4 NB =      9273.8375  1-4 EEL =     39697.2604  VDWAALS    =     26666.9274
 EELEC  =   -624601.9303  EHBOND  =         0.0000  RESTRAINT  =         0.0000
 EKCMT  =     35518.3934  VIRIAL  =     35750.4362  VOLUME     =   1719672.4367
 CMAP   =      1197.0090
                                                    Density    =         1.0370
 Ewald error estimate:   0.2566E-05
 ------------------------------------------------------------------------------

 NMR restraints: Bond =    0.000   Angle =     0.000   Torsion =     0.000
===============================================================================

 NSTEP =    49100   TIME(PS) =      99.600  TEMP(K) =   304.12  PRESS =    11.0
 Etot   =   -375954.0373  EKtot   =    113591.1195  EPtot      =   -489545.1568
 BOND   =      8591.0522  ANGLE   =     29953.2926  DIHED      =     19986.4437
 1-4 NB =      9286.5744  1-4 EEL =     39596.5260  VDWAALS    =     26334.3314
 EELEC  =   -624480.7589  EHBOND  =         0.0000  RESTRAINT  =         0.0000
 EKCMT  =     35539.3398  VIRIAL  =     35129.8623  VOLUME     =   1719826.0946
 CMAP   =      1187.3818
                                                    Density    =         1.0369
 Ewald error estimate:   0.4499E-04
 ------------------------------------------------------------------------------

 NMR restraints: Bond =    0.000   Angle =     0.000   Torsion =     0.000
===============================================================================

 NSTEP =    49200   TIME(PS) =      99.700  TEMP(K) =   303.51  PRESS =   -45.5
 Etot   =   -376021.9012  EKtot   =    113362.1112  EPtot      =   -489384.0124
 BOND   =      8786.7836  ANGLE   =     29911.4625  DIHED      =     20017.6954
 1-4 NB =      9266.8425  1-4 EEL =     39475.2450  VDWAALS    =     26055.6431
 EELEC  =   -624086.6826  EHBOND  =         0.0000  RESTRAINT  =         0.0000
 EKCMT  =     35509.6993  VIRIAL  =     37198.4590  VOLUME     =   1719842.6395
 CMAP   =      1188.9981
                                                    Density    =         1.0369
 Ewald error estimate:   0.6017E-04
 ------------------------------------------------------------------------------

 NMR restraints: Bond =    0.000   Angle =     0.000   Torsion =     0.000
===============================================================================

 NSTEP =    49300   TIME(PS) =      99.800  TEMP(K) =   303.19  PRESS =    51.4
 Etot   =   -376110.3431  EKtot   =    113243.3888  EPtot      =   -489353.7319
 BOND   =      8740.3706  ANGLE   =     30021.5045  DIHED      =     19890.6949
 1-4 NB =      9238.2846  1-4 EEL =     39576.7383  VDWAALS    =     26844.4674
 EELEC  =   -624851.8856  EHBOND  =         0.0000  RESTRAINT  =         0.0000
 EKCMT  =     35196.4393  VIRIAL  =     33288.0373  VOLUME     =   1719882.5518
 CMAP   =      1186.0934
                                                    Density    =         1.0368
 Ewald error estimate:   0.1301E-04
 ------------------------------------------------------------------------------

 NMR restraints: Bond =    0.000   Angle =     0.000   Torsion =     0.000
===============================================================================

 NSTEP =    49400   TIME(PS) =      99.900  TEMP(K) =   303.20  PRESS =   -22.2
 Etot   =   -376118.6483  EKtot   =    113248.4771  EPtot      =   -489367.1255
 BOND   =      8649.7478  ANGLE   =     29813.3631  DIHED      =     19956.3809
 1-4 NB =      9305.4692  1-4 EEL =     39727.8522  VDWAALS    =     26556.6071
 EELEC  =   -624567.9071  EHBOND  =         0.0000  RESTRAINT  =         0.0000
 EKCMT  =     35303.2512  VIRIAL  =     36128.7828  VOLUME     =   1719986.4492
 CMAP   =      1191.3615
                                                    Density    =         1.0368
 Ewald error estimate:   0.1609E-04
 ------------------------------------------------------------------------------

 NMR restraints: Bond =    0.000   Angle =     0.000   Torsion =     0.000
===============================================================================

 NSTEP =    49500   TIME(PS) =     100.000  TEMP(K) =   302.68  PRESS =    49.1
 Etot   =   -375987.0116  EKtot   =    113052.6050  EPtot      =   -489039.6166
 BOND   =      8712.9526  ANGLE   =     30064.4223  DIHED      =     20003.7732
 1-4 NB =      9303.3834  1-4 EEL =     39857.7705  VDWAALS    =     26911.8150
 EELEC  =   -625090.5185  EHBOND  =         0.0000  RESTRAINT  =         0.0000
 EKCMT  =     35345.8312  VIRIAL  =     33522.6663  VOLUME     =   1719897.2211
 CMAP   =      1196.7850
                                                    Density    =         1.0368
 Ewald error estimate:   0.2531E-04
 ------------------------------------------------------------------------------

 NMR restraints: Bond =    0.000   Angle =     0.000   Torsion =     0.000
===============================================================================

 NSTEP =    49600   TIME(PS) =     100.100  TEMP(K) =   302.49  PRESS =  -113.7
 Etot   =   -375961.8859  EKtot   =    112983.4474  EPtot      =   -488945.3333
 BOND   =      8731.2561  ANGLE   =     30270.3298  DIHED      =     20107.7277
 1-4 NB =      9296.4776  1-4 EEL =     39841.0794  VDWAALS    =     26253.4212
 EELEC  =   -624632.4625  EHBOND  =         0.0000  RESTRAINT  =         0.0000
 EKCMT  =     35439.8404  VIRIAL  =     39661.5029  VOLUME     =   1719729.2893
 CMAP   =      1186.8374
                                                    Density    =         1.0369
 Ewald error estimate:   0.5321E-04
 ------------------------------------------------------------------------------

 NMR restraints: Bond =    0.000   Angle =     0.000   Torsion =     0.000
===============================================================================

 NSTEP =    49700   TIME(PS) =     100.200  TEMP(K) =   303.24  PRESS =   130.5
 Etot   =   -375968.7135  EKtot   =    113262.1682  EPtot      =   -489230.8817
 BOND   =      8852.0968  ANGLE   =     30224.1794  DIHED      =     20061.9649
 1-4 NB =      9317.5148  1-4 EEL =     39524.5972  VDWAALS    =     26668.3996
 EELEC  =   -625039.5177  EHBOND  =         0.0000  RESTRAINT  =         0.0000
 EKCMT  =     35494.0508  VIRIAL  =     30648.5165  VOLUME     =   1719817.6154
 CMAP   =      1159.8833
                                                    Density    =         1.0369
 Ewald error estimate:   0.3360E-04
 ------------------------------------------------------------------------------

 NMR restraints: Bond =    0.000   Angle =     0.000   Torsion =     0.000
===============================================================================

 NSTEP =    49800   TIME(PS) =     100.300  TEMP(K) =   303.22  PRESS =    26.3
 Etot   =   -375918.6361  EKtot   =    113256.4508  EPtot      =   -489175.0869
 BOND   =      8648.7355  ANGLE   =     30052.1877  DIHED      =     20078.1193
 1-4 NB =      9241.9513  1-4 EEL =     39835.4149  VDWAALS    =     26092.2847
 EELEC  =   -624321.4530  EHBOND  =         0.0000  RESTRAINT  =         0.0000
 EKCMT  =     35388.4970  VIRIAL  =     34411.2912  VOLUME     =   1719676.4575
 CMAP   =      1197.6728
                                                    Density    =         1.0370
 Ewald error estimate:   0.7967E-04
 ------------------------------------------------------------------------------

 NMR restraints: Bond =    0.000   Angle =     0.000   Torsion =     0.000
===============================================================================

 NSTEP =    49900   TIME(PS) =     100.400  TEMP(K) =   303.12  PRESS =  -133.8
 Etot   =   -375923.9070  EKtot   =    113217.5008  EPtot      =   -489141.4078
 BOND   =      8807.3842  ANGLE   =     30101.3168  DIHED      =     19961.3530
 1-4 NB =      9245.9064  1-4 EEL =     39678.1478  VDWAALS    =     26261.7464
 EELEC  =   -624388.2359  EHBOND  =         0.0000  RESTRAINT  =         0.0000
 EKCMT  =     35161.7980  VIRIAL  =     40129.0665  VOLUME     =   1719820.5354
 CMAP   =      1190.9735
                                                    Density    =         1.0369
 Ewald error estimate:   0.2177E-04
 ------------------------------------------------------------------------------

 NMR restraints: Bond =    0.000   Angle =     0.000   Torsion =     0.000
===============================================================================

 NSTEP =    50000   TIME(PS) =     100.500  TEMP(K) =   303.39  PRESS =    31.3
 Etot   =   -375940.5110  EKtot   =    113320.0111  EPtot      =   -489260.5220
 BOND   =      8783.8862  ANGLE   =     30179.3723  DIHED      =     19993.0592
 1-4 NB =      9261.0739  1-4 EEL =     39690.1396  VDWAALS    =     26676.2330
 EELEC  =   -625020.7773  EHBOND  =         0.0000  RESTRAINT  =         0.0000
 EKCMT  =     35405.9654  VIRIAL  =     34243.7440  VOLUME     =   1719489.6401
 CMAP   =      1176.4912
                                                    Density    =         1.0371
 Ewald error estimate:   0.1765E-04
 ------------------------------------------------------------------------------

 NMR restraints: Bond =    0.000   Angle =     0.000   Torsion =     0.000
===============================================================================

      A V E R A G E S   O V E R   50000 S T E P S


 NSTEP =    50000   TIME(PS) =     100.500  TEMP(K) =   303.29  PRESS =   -68.4
 Etot   =   -373560.9464  EKtot   =    113281.6129  EPtot      =   -486842.5594
 BOND   =      8764.4760  ANGLE   =     29986.6379  DIHED      =     20236.3454
 1-4 NB =      9270.2521  1-4 EEL =     39798.4443  VDWAALS    =     26920.1528
 EELEC  =   -623018.5855  EHBOND  =         0.0000  RESTRAINT  =         0.0000
 EKCMT  =     35397.2011  VIRIAL  =     38038.2578  VOLUME     =   1739855.7976
 CMAP   =      1199.7176
                                                    Density    =         1.0252
 Ewald error estimate:   0.3427E-04
 ------------------------------------------------------------------------------

 NMR restraints: Bond =    0.000   Angle =     0.000   Torsion =     0.000
===============================================================================

      R M S  F L U C T U A T I O N S


 NSTEP =    50000   TIME(PS) =     100.500  TEMP(K) =     1.00  PRESS =   145.7
 Etot   =      2922.2086  EKtot   =       371.8334  EPtot      =      2869.7722
 BOND   =        79.9858  ANGLE   =       147.8636  DIHED      =       259.1477
 1-4 NB =        41.0070  1-4 EEL =       136.1915  VDWAALS    =       517.6270
 EELEC  =      2092.6941  EHBOND  =         0.0000  RESTRAINT  =         0.0000
 EKCMT  =       154.6099  VIRIAL  =      5672.0600  VOLUME     =     28661.3118
 CMAP   =        17.9730
                                                    Density    =         0.0163
 Ewald error estimate:   0.2352E-04
 ------------------------------------------------------------------------------


 NMR restraints on final step:


--------------------------------------------------------------------------------
   5.  TIMINGS
--------------------------------------------------------------------------------

|>>>>>>>>PROFILE of Average TIMES>>>>>>>>> 
|                Build the list           215.75 (37.14% of List )
|                Other                    365.17 (62.86% of List )
|             List time                580.92 (14.43% of Nonbo)
|                   Short_ene time          1800.07 (74.64% of Direc)
|                   Other                    611.73 (25.36% of Direc)
|                Direct Ewald time       2411.79 (70.03% of Ewald)
|                Adjust Ewald time         22.15 ( 0.64% of Ewald)
|                   Fill Bspline coeffs      147.51 (32.51% of Recip)
|                   Fill charge grid          36.28 ( 8.00% of Recip)
|                   Scalar sum                31.21 ( 6.88% of Recip)
|                   Grad sum                  50.57 (11.15% of Recip)
|                      FFT back comm time       102.16 (56.85% of FFT t)
|                      Other                     77.56 (43.15% of FFT t)
|                   FFT time                 179.71 (39.61% of Recip)
|                   Other                      8.41 ( 1.85% of Recip)
|                Recip Ewald time         453.70 (13.17% of Ewald)
|                Force Adjust             305.38 ( 8.87% of Ewald)
|                Virial junk              226.85 ( 6.59% of Ewald)
|                Other                     24.18 ( 0.70% of Ewald)
|             Ewald time              3444.12 (85.56% of Nonbo)
|          Nonbond force           4025.21 (87.05% of Force)
|          Bond/Angle/Dihedral       53.84 ( 1.16% of Force)
|          FRC Collect time         351.38 ( 7.60% of Force)
|          Other                    193.58 ( 4.19% of Force)
|       Force time              4624.00 (71.16% of Runmd)
|       Shake time                47.16 ( 0.73% of Runmd)
|       Verlet update time       302.33 ( 4.65% of Runmd)
|       Ekcmr time               275.04 ( 4.23% of Runmd)
|       CRD distribute time      370.42 ( 5.70% of Runmd)
|       Other                    879.44 (13.53% of Runmd)
|    Runmd Time              6498.40 (100.0% of Total)
|    Other                      1.95 ( 0.03% of Total)
| Total time              6500.36 (100.0% of ALL  )

| Number of list builds   :       3062

| Highest rstack allocated:     463461
| Highest istack allocated:      11669

| Final Performance Info:
| -----------------------------------------------------
| Average timings for all steps:
|     Elapsed(s) =    6498.41 Per Step(ms) =     129.97
|         ns/day =       0.66   seconds/ns =  129968.11
| -----------------------------------------------------

|           Job began  at 23:10:47.646  on 11/18/2025
|           Setup done at 23:10:49.599  on 11/18/2025
|           Run   done at 00:59:08.004  on 11/19/2025
|     wallclock() was called 2856637 times

|3D-RISM memory allocation summary
|Type          Maximum        Current   
|Integer       0.00000 GB     0.00000 GB
|Real          0.00000 GB     0.00000 GB
|Logical       0.00000 GB     0.00000 GB
|Character     0.00000 GB     0.00000 GB
|---------------------------------------
|Total         0.00000 GB     0.00000 GB
