
          -------------------------------------------------------
          Amber 24 SANDER                              2024
          -------------------------------------------------------

| Run on 11/18/2025 at 21:21:16

|   Executable path: sander.MPI
| Working directory: /media/ziyue/328bfc27-c1a6-4fce-9199-95c389ecd48d/Konstantina/GIRK2/step8_min_hold
|          Hostname: Unknown
  [-O]verwriting output

File Assignments:
|  MDIN: ./input/03_Heat2.in                                                   
| MDOUT: ./output/RUN1/logs/03_Heat2.out                                       
|INPCRD: ./output/RUN1/rst/02_Heat.rst                                         
|  PARM: ./input/com.prmtop                                                    
|RESTRT: ./output/RUN1/rst/03_Heat2.rst                                        
|  REFC: ./output/RUN1/rst/02_Heat.rst                                         
| MDVEL: mdvel                                                                 
| MDFRC: mdfrc                                                                 
|  MDEN: mden                                                                  
| MDCRD: ./output/RUN1/traj/03_Heat2.mdcrd                                     
|MDINFO: ./output/RUN1/info/03_Heat2.mdinfo                                    
|  MTMD: mtmd                                                                  
|INPDIP: inpdip                                                                
|RSTDIP: rstdip                                                                
|INPTRA: inptraj                                                               

|    REMLOG: rem.log
|   REMTYPE: rem.type
|  REMSTRIP: 
|   SAVEENE: saveene
|CLUSTERINF: cluster.info
| RESERVOIR: reserv/frame
|   REMDDIM: 


 Here is the input file:

Lipid 128 heating 303K                                                         
 &cntrl                                                                        
  imin=0,                                                                      
  ntx=5,        ! Positions and velocities read formatted                      
  irest=1,      ! Restart calculation                                          
  ntc=2,                                                                       
  ntf=2,                                                                       
  tol=0.0000001,                                                               
  nstlim=50000, ! Number of MD steps                                           
  ntt=3,                                                                       
  gamma_ln=1.0,                                                                
  ntr=1,                                                                       
  ig=-1,                                                                       
  ntpr=100,                                                                    
  ntwr=10000,                                                                  
  ntwx=100,                                                                    
  dt=0.001,                                                                    
  nmropt=1,                                                                    
  ntb=2,        ! Constant pressure periodic boundary conditions               
  ntp=2,        ! Anisotropic pressure coupling                                
  taup=2.0,     ! Pressure relaxation time (ps)                                
  cut=10.0,                                                                    
  ioutfm=1,                                                                    
  ntxo=2,                                                                      
 /                                                                             
 &wt                                                                           
  type='TEMP0',                                                                
  istep1=0,                                                                    
  istep2=50000,                                                                
  value1=100.0,                                                                
  value2=303.0 /                                                               
 &wt type='END' /                                                              
/                                                                              
                                                                               
20.0                                                                           
RES 1 1316                                                                     
END                                                                            
                                                                               
10.0                                                                           
RES 1321 2168                                                                  
END                                                                            
END                                                                            
                                                                               

--------------------------------------------------------------------------------
   1.  RESOURCE   USE: 
--------------------------------------------------------------------------------

| Flags: MPI                                                                    
 getting box info from netcdf restart file
| NetCDF restart box info found
|Largest sphere to fit in unit cell has radius =    54.235
| New format PARM file being parsed.
| Version =    1.000 Date = 11/18/25 Time = 20:25:24
 NATOM  =  175040 NTYPES =      32 NBONH =  149206 MBONA  =   25536
 NTHETH =   79660 MTHETA =   31712 NPHIH =  142792 MPHIA  =  105828
 NHPARM =       0 NPARM  =       0 NNB   =  483950 NRES   =   40972
 NBONA  =   25536 NTHETA =   31712 NPHIA =  105828 NUMBND =     111
 NUMANG =     247 NPTRA  =     291 NATYP =      68 NPHB   =       0
 IFBOX  =       1 NMXRS  =     149 IFCAP =       0 NEXTRA =       0
 NCOPY  =       0

| CMAP information read from topology file: 

|     Memory Use     Allocated
|     Real            13414876
|     Hollerith         566094
|     Integer         16094696
|     Max Pairs        4200960
|     nblistReal       2100480
|     nblist Int       6893018
|       Total           229630 kbytes

| Note: 1-4 EEL scale factors are being read from the topology file.

| Note: 1-4 VDW scale factors are being read from the topology file.
| Duplicated    0 dihedrals
| Duplicated    0 dihedrals
|CMAP: Reticulating splines.

     BOX TYPE: RECTILINEAR
Note: ig = -1. Setting random seed to   286801 based on wallclock time in microseconds
      and disabling the synchronization of random numbers between tasks
      to improve performance.

--------------------------------------------------------------------------------
   2.  CONTROL  DATA  FOR  THE  RUN
--------------------------------------------------------------------------------

default_name                                                                    

General flags:
     imin    =       0, nmropt  =       1

Nature and format of input:
     ntx     =       5, irest   =       1, ntrx    =       1

Nature and format of output:
     ntxo    =       2, ntpr    =     100, ntrx    =       1, ntwr    =   10000
     iwrap   =       0, ntwx    =     100, ntwv    =       0, ntwe    =       0
     ioutfm  =       1, ntwprt  =       0, idecomp =       0, rbornstat=      0

Potential function:
     ntf     =       2, ntb     =       2, igb     =       0, nsnb    =      25
     ipol    =       0, gbsa    =       0, iesp    =       0
     dielc   =   1.00000, cut     =  10.00000, intdiel =   1.00000

Frozen or restrained atoms:
     ibelly  =       0, ntr     =       1
     restraint_wt =   0.00000

Molecular dynamics:
     nstlim  =     50000, nscm    =         0, nrespa  =         1
     t       =   0.00000, dt      =   0.00100, vlimit  =  20.00000

Langevin dynamics temperature regulation:
     ig      =  286801
     temp0   = 300.00000, tempi   =   0.00000, gamma_ln=   1.00000

Pressure regulation:
     ntp     =       2
     pres0   =   1.00000, comp    =  44.60000, taup    =   2.00000

SHAKE:
     ntc     =       2, jfastw  =       0
     tol     =   0.00000

NMR refinement options:
     iscale  =       0, noeskp  =       1, ipnlty  =       1, mxsub   =       1
     scalm   = 100.00000, pencut  =   0.10000, tausw   =   0.10000

Ewald parameters:
     verbose =       0, ew_type =       0, nbflag  =       1, use_pme =       1
     vdwmeth =       1, eedmeth =       1, netfrc  =       1
     Box X =  108.470   Box Y =  108.581   Box Z =  160.605
     Alpha =   90.000   Beta  =   90.000   Gamma =   90.000
     NFFT1 =  108       NFFT2 =  108       NFFT3 =  160
     Cutoff=   10.000   Tol   =0.100E-04
     Ewald Coefficient =  0.27511
     Interpolation order =    4

| MPI Timing options:
|      profile_mpi =        0
|  INFO: Old style inpcrd file read


    LOADING THE CONSTRAINED ATOMS AS GROUPS


   5.  REFERENCE ATOM COORDINATES

  defa
    ----- READING GROUP     1; TITLE:
 /                                                                           

     GROUP    1 HAS HARMONIC CONSTRAINTS     0.00000
 GRP    1 RES    1 TO  1316
      Number of atoms in this group  = 21740
    ----- READING GROUP     2; TITLE:
                                                                             

     GROUP    2 HAS HARMONIC CONSTRAINTS    10.00000
 GRP    2 RES 1321 TO  2168
      Number of atoms in this group  = 37472
    ----- END OF GROUP READ -----

--------------------------------------------------------------------------------
   3.  ATOMIC COORDINATES AND VELOCITIES
--------------------------------------------------------------------------------

default_name                                                                    
 begin time read from input coords =     0.500 ps



           Begin reading energy term weight changes/NMR restraints
 WEIGHT CHANGES:
 TEMP0         0  50000  100.000000  303.000000      0      0

 RESTRAINTS:
  No valid redirection requests found
                          ** No restraint defined **

                  Done reading weight changes/NMR restraints


 Number of triangulated 3-point waters found:    38510
|  Atom division among processors:
|         0   10572   21144   26378   31540   36767   41973   47101
|     52221   57379   62495   67610   72725   77840   82955   88070
|     93185   98300  103418  108533  113648  118766  123881  128996
|    134114  139229  144344  149462  154577  159692  164810  169925
|    175040

     Sum of charges from parm topology file =   0.00000072
     Forcing neutrality...
|  Running AMBER/MPI version on   32 nodes


--------------------------------------------------------------------------------
   4.  RESULTS
--------------------------------------------------------------------------------

|  # of SOLUTE  degrees of freedom (RNDFP):  375914.
|  # of SOLVENT degrees of freedom (RNDFS):       0.
|  NDFMIN =  375914.     NUM_NOSHAKE =      0     CORRECTED RNDFP =  375914.
|  TOTAL # of degrees of freedom (RNDF) =  375914.
 ---------------------------------------------------
 APPROXIMATING switch and d/dx switch using CUBIC SPLINE INTERPOLATION
 using   5000.0 points per unit in tabled values
 TESTING RELATIVE ERROR over r ranging from 0.0 to cutoff
| CHECK switch(x): max rel err =   0.2738E-14   at   2.422500
| CHECK d/dx switch(x): max rel err =   0.8314E-11   at   2.736960
 ---------------------------------------------------
| Local SIZE OF NONBOND LIST =    1831540
| TOTAL SIZE OF NONBOND LIST =   58289697

 NSTEP =      100   TIME(PS) =       0.600  TEMP(K) =    49.58  PRESS = -1944.6
 Etot   =   -556075.8818  EKtot   =     18519.4837  EPtot      =   -574595.3656
 BOND   =      1934.4633  ANGLE   =      8859.0387  DIHED      =     18548.0711
 1-4 NB =      8321.0362  1-4 EEL =     40335.4440  VDWAALS    =     50809.7799
 EELEC  =   -705529.5226  EHBOND  =         0.0000  RESTRAINT  =       942.9129
 EAMBER (non-restraint)  =   -575538.2785
 EKCMT  =     10048.4303  VIRIAL  =     89099.0420  VOLUME     =   1882750.1037
 CMAP   =      1183.4110
                                                    Density    =         0.9471
 Ewald error estimate:   0.5361E-05
 ------------------------------------------------------------------------------

 NMR restraints: Bond =    0.000   Angle =     0.000   Torsion =     0.000
===============================================================================

 NSTEP =      200   TIME(PS) =       0.700  TEMP(K) =    55.87  PRESS = -1720.4
 Etot   =   -552713.2725  EKtot   =     20868.4369  EPtot      =   -573581.7093
 BOND   =      2085.9287  ANGLE   =      9429.2781  DIHED      =     18640.3052
 1-4 NB =      8323.1429  1-4 EEL =     40345.5944  VDWAALS    =     51581.6037
 EELEC  =   -706310.7409  EHBOND  =         0.0000  RESTRAINT  =      1130.8667
 EAMBER (non-restraint)  =   -574712.5761
 EKCMT  =     10566.7288  VIRIAL  =     80217.4474  VOLUME     =   1875057.1428
 CMAP   =      1192.3117
                                                    Density    =         0.9510
 Ewald error estimate:   0.3549E-04
 ------------------------------------------------------------------------------

 NMR restraints: Bond =    0.000   Angle =     0.000   Torsion =     0.000
===============================================================================

 NSTEP =      300   TIME(PS) =       0.800  TEMP(K) =    61.46  PRESS = -1494.8
 Etot   =   -549775.5370  EKtot   =     22957.4039  EPtot      =   -572732.9408
 BOND   =      2227.2704  ANGLE   =      9934.1746  DIHED      =     18685.1095
 1-4 NB =      8390.3924  1-4 EEL =     40324.2675  VDWAALS    =     52030.3555
 EELEC  =   -706698.5807  EHBOND  =         0.0000  RESTRAINT  =      1196.5007
 EAMBER (non-restraint)  =   -573929.4415
 EKCMT  =     11013.7161  VIRIAL  =     71318.5875  VOLUME     =   1868433.5886
 CMAP   =      1177.5692
                                                    Density    =         0.9544
 Ewald error estimate:   0.2930E-04
 ------------------------------------------------------------------------------

 NMR restraints: Bond =    0.000   Angle =     0.000   Torsion =     0.000
===============================================================================

 NSTEP =      400   TIME(PS) =       0.900  TEMP(K) =    66.61  PRESS = -1334.9
 Etot   =   -547069.1337  EKtot   =     24877.4206  EPtot      =   -571946.5542
 BOND   =      2379.6873  ANGLE   =     10306.6908  DIHED      =     18772.3238
 1-4 NB =      8445.5431  1-4 EEL =     40333.9904  VDWAALS    =     52254.4328
 EELEC  =   -707018.8093  EHBOND  =         0.0000  RESTRAINT  =      1381.3791
 EAMBER (non-restraint)  =   -573327.9333
 EKCMT  =     11355.2087  VIRIAL  =     65037.6595  VOLUME     =   1862581.1563
 CMAP   =      1198.2078
                                                    Density    =         0.9574
 Ewald error estimate:   0.8146E-05
 ------------------------------------------------------------------------------

 NMR restraints: Bond =    0.000   Angle =     0.000   Torsion =     0.000
===============================================================================

 NSTEP =      500   TIME(PS) =       1.000  TEMP(K) =    70.67  PRESS = -1156.7
 Etot   =   -544755.6132  EKtot   =     26397.3868  EPtot      =   -571153.0001
 BOND   =      2487.3026  ANGLE   =     10705.5614  DIHED      =     18800.9063
 1-4 NB =      8442.4657  1-4 EEL =     40352.7731  VDWAALS    =     53162.0520
 EELEC  =   -707904.9619  EHBOND  =         0.0000  RESTRAINT  =      1609.4574
 EAMBER (non-restraint)  =   -572762.4575
 EKCMT  =     11578.9579  VIRIAL  =     57967.4812  VOLUME     =   1857373.3517
 CMAP   =      1191.4434
                                                    Density    =         0.9601
 Ewald error estimate:   0.2931E-04
 ------------------------------------------------------------------------------

 NMR restraints: Bond =    0.000   Angle =     0.000   Torsion =     0.000
===============================================================================

 NSTEP =      600   TIME(PS) =       1.100  TEMP(K) =    74.83  PRESS = -1032.8
 Etot   =   -542692.3979  EKtot   =     27949.7215  EPtot      =   -570642.1194
 BOND   =      2648.1917  ANGLE   =     11044.4058  DIHED      =     18894.1704
 1-4 NB =      8476.6301  1-4 EEL =     40358.0801  VDWAALS    =     53472.2034
 EELEC  =   -708365.5862  EHBOND  =         0.0000  RESTRAINT  =      1640.1169
 EAMBER (non-restraint)  =   -572282.2362
 EKCMT  =     11919.4020  VIRIAL  =     53233.9784  VOLUME     =   1852775.6363
 CMAP   =      1189.6684
                                                    Density    =         0.9625
 Ewald error estimate:   0.1114E-04
 ------------------------------------------------------------------------------

 NMR restraints: Bond =    0.000   Angle =     0.000   Torsion =     0.000
===============================================================================

 NSTEP =      700   TIME(PS) =       1.200  TEMP(K) =    78.30  PRESS =  -905.9
 Etot   =   -540882.7893  EKtot   =     29247.3780  EPtot      =   -570130.1673
 BOND   =      2728.0822  ANGLE   =     11443.2674  DIHED      =     18941.8643
 1-4 NB =      8500.6515  1-4 EEL =     40398.0442  VDWAALS    =     53633.5219
 EELEC  =   -708713.9764  EHBOND  =         0.0000  RESTRAINT  =      1765.3897
 EAMBER (non-restraint)  =   -571895.5570
 EKCMT  =     12115.1943  VIRIAL  =     48279.1461  VOLUME     =   1848866.0059
 CMAP   =      1172.9878
                                                    Density    =         0.9645
 Ewald error estimate:   0.2123E-04
 ------------------------------------------------------------------------------

 NMR restraints: Bond =    0.000   Angle =     0.000   Torsion =     0.000
===============================================================================

 NSTEP =      800   TIME(PS) =       1.300  TEMP(K) =    81.49  PRESS =  -834.1
 Etot   =   -539222.2485  EKtot   =     30437.9031  EPtot      =   -569660.1516
 BOND   =      2827.1793  ANGLE   =     11662.8832  DIHED      =     18971.9596
 1-4 NB =      8527.3167  1-4 EEL =     40294.9058  VDWAALS    =     53728.5465
 EELEC  =   -708748.8927  EHBOND  =         0.0000  RESTRAINT  =      1892.0171
 EAMBER (non-restraint)  =   -571552.1687
 EKCMT  =     12180.1428  VIRIAL  =     45409.6159  VOLUME     =   1845242.3468
 CMAP   =      1183.9329
                                                    Density    =         0.9664
 Ewald error estimate:   0.2564E-05
 ------------------------------------------------------------------------------

 NMR restraints: Bond =    0.000   Angle =     0.000   Torsion =     0.000
===============================================================================

 NSTEP =      900   TIME(PS) =       1.400  TEMP(K) =    84.27  PRESS =  -702.9
 Etot   =   -537764.8690  EKtot   =     31475.7132  EPtot      =   -569240.5822
 BOND   =      2901.2909  ANGLE   =     11892.0757  DIHED      =     19056.7352
 1-4 NB =      8528.7801  1-4 EEL =     40343.0192  VDWAALS    =     53841.0635
 EELEC  =   -708960.4802  EHBOND  =         0.0000  RESTRAINT  =      1970.6093
 EAMBER (non-restraint)  =   -571211.1915
 EKCMT  =     12359.0346  VIRIAL  =     40315.5877  VOLUME     =   1842028.3330
 CMAP   =      1186.3240
                                                    Density    =         0.9681
 Ewald error estimate:   0.7835E-05
 ------------------------------------------------------------------------------

 NMR restraints: Bond =    0.000   Angle =     0.000   Torsion =     0.000
===============================================================================

 NSTEP =     1000   TIME(PS) =       1.500  TEMP(K) =    86.77  PRESS =  -588.2
 Etot   =   -536403.6114  EKtot   =     32410.2639  EPtot      =   -568813.8753
 BOND   =      2997.4812  ANGLE   =     12131.3042  DIHED      =     19069.8442
 1-4 NB =      8559.8981  1-4 EEL =     40430.1839  VDWAALS    =     54465.9447
 EELEC  =   -709708.2721  EHBOND  =         0.0000  RESTRAINT  =      2046.2402
 EAMBER (non-restraint)  =   -570860.1155
 EKCMT  =     12472.4044  VIRIAL  =     35831.3440  VOLUME     =   1839351.3302
 CMAP   =      1193.5003
                                                    Density    =         0.9695
 Ewald error estimate:   0.1013E-04
 ------------------------------------------------------------------------------

 NMR restraints: Bond =    0.000   Angle =     0.000   Torsion =     0.000
===============================================================================

 NSTEP =     1100   TIME(PS) =       1.600  TEMP(K) =    89.25  PRESS =  -499.0
 Etot   =   -535125.3014  EKtot   =     33337.1827  EPtot      =   -568462.4841
 BOND   =      3094.6955  ANGLE   =     12407.2768  DIHED      =     19115.7878
 1-4 NB =      8541.5035  1-4 EEL =     40342.8000  VDWAALS    =     54281.4987
 EELEC  =   -709578.1568  EHBOND  =         0.0000  RESTRAINT  =      2130.0898
 EAMBER (non-restraint)  =   -570592.5739
 EKCMT  =     12600.8042  VIRIAL  =     32393.5416  VOLUME     =   1837010.0280
 CMAP   =      1202.0206
                                                    Density    =         0.9707
 Ewald error estimate:   0.1710E-05
 ------------------------------------------------------------------------------

 NMR restraints: Bond =    0.000   Angle =     0.000   Torsion =     0.000
===============================================================================

 NSTEP =     1200   TIME(PS) =       1.700  TEMP(K) =    91.15  PRESS =  -546.8
 Etot   =   -534026.1291  EKtot   =     34044.2588  EPtot      =   -568070.3879
 BOND   =      3077.4371  ANGLE   =     12679.2406  DIHED      =     19077.6779
 1-4 NB =      8582.9796  1-4 EEL =     40461.8510  VDWAALS    =     54496.8670
 EELEC  =   -709871.0501  EHBOND  =         0.0000  RESTRAINT  =      2216.9720
 EAMBER (non-restraint)  =   -570287.3598
 EKCMT  =     12657.2486  VIRIAL  =     34319.8802  VOLUME     =   1834816.0909
 CMAP   =      1207.6372
                                                    Density    =         0.9719
 Ewald error estimate:   0.3808E-04
 ------------------------------------------------------------------------------

 NMR restraints: Bond =    0.000   Angle =     0.000   Torsion =     0.000
===============================================================================

 NSTEP =     1300   TIME(PS) =       1.800  TEMP(K) =    93.29  PRESS =  -366.8
 Etot   =   -533044.9745  EKtot   =     34846.1705  EPtot      =   -567891.1449
 BOND   =      3200.4116  ANGLE   =     12733.9267  DIHED      =     19135.1217
 1-4 NB =      8605.5016  1-4 EEL =     40394.9320  VDWAALS    =     54836.9636
 EELEC  =   -710303.6591  EHBOND  =         0.0000  RESTRAINT  =      2293.1928
 EAMBER (non-restraint)  =   -570184.3377
 EKCMT  =     12777.2401  VIRIAL  =     27293.1900  VOLUME     =   1832974.9569
 CMAP   =      1212.4642
                                                    Density    =         0.9729
 Ewald error estimate:   0.6239E-04
 ------------------------------------------------------------------------------

 NMR restraints: Bond =    0.000   Angle =     0.000   Torsion =     0.000
===============================================================================

 NSTEP =     1400   TIME(PS) =       1.900  TEMP(K) =    95.06  PRESS =  -390.8
 Etot   =   -532208.2281  EKtot   =     35503.7535  EPtot      =   -567711.9816
 BOND   =      3183.8185  ANGLE   =     12954.0013  DIHED      =     19161.3251
 1-4 NB =      8635.1060  1-4 EEL =     40450.1939  VDWAALS    =     54625.1802
 EELEC  =   -710245.3033  EHBOND  =         0.0000  RESTRAINT  =      2322.5357
 EAMBER (non-restraint)  =   -570034.5173
 EKCMT  =     12839.7607  VIRIAL  =     28292.7301  VOLUME     =   1831337.8333
 CMAP   =      1201.1610
                                                    Density    =         0.9737
 Ewald error estimate:   0.1390E-04
 ------------------------------------------------------------------------------

 NMR restraints: Bond =    0.000   Angle =     0.000   Torsion =     0.000
===============================================================================

 NSTEP =     1500   TIME(PS) =       2.000  TEMP(K) =    96.26  PRESS =  -403.4
 Etot   =   -531442.0000  EKtot   =     35954.6025  EPtot      =   -567396.6025
 BOND   =      3354.6952  ANGLE   =     13110.8914  DIHED      =     19209.4973
 1-4 NB =      8608.3510  1-4 EEL =     40238.4603  VDWAALS    =     54680.0837
 EELEC  =   -710201.8743  EHBOND  =         0.0000  RESTRAINT  =      2393.7387
 EAMBER (non-restraint)  =   -569790.3411
 EKCMT  =     12860.1915  VIRIAL  =     28799.4791  VOLUME     =   1829908.9639
 CMAP   =      1209.5543
                                                    Density    =         0.9745
 Ewald error estimate:   0.2285E-05
 ------------------------------------------------------------------------------

 NMR restraints: Bond =    0.000   Angle =     0.000   Torsion =     0.000
===============================================================================

 NSTEP =     1600   TIME(PS) =       2.100  TEMP(K) =    97.79  PRESS =  -306.3
 Etot   =   -530705.4143  EKtot   =     36525.2607  EPtot      =   -567230.6749
 BOND   =      3363.3624  ANGLE   =     13277.4058  DIHED      =     19189.5540
 1-4 NB =      8626.7826  1-4 EEL =     40373.1924  VDWAALS    =     54658.8002
 EELEC  =   -710365.1506  EHBOND  =         0.0000  RESTRAINT  =      2445.0352
 EAMBER (non-restraint)  =   -569675.7102
 EKCMT  =     12959.8700  VIRIAL  =     25052.7892  VOLUME     =   1828581.5183
 CMAP   =      1200.3431
                                                    Density    =         0.9752
 Ewald error estimate:   0.5073E-04
 ------------------------------------------------------------------------------

 NMR restraints: Bond =    0.000   Angle =     0.000   Torsion =     0.000
===============================================================================

 NSTEP =     1700   TIME(PS) =       2.200  TEMP(K) =    99.18  PRESS =  -275.5
 Etot   =   -530157.9621  EKtot   =     37043.2179  EPtot      =   -567201.1800
 BOND   =      3412.6082  ANGLE   =     13425.6096  DIHED      =     19174.9528
 1-4 NB =      8617.3674  1-4 EEL =     40374.3100  VDWAALS    =     54506.3913
 EELEC  =   -710448.4222  EHBOND  =         0.0000  RESTRAINT  =      2514.0555
 EAMBER (non-restraint)  =   -569715.2354
 EKCMT  =     13017.4067  VIRIAL  =     23887.8753  VOLUME     =   1827161.1371
 CMAP   =      1221.9476
                                                    Density    =         0.9760
 Ewald error estimate:   0.6847E-05
 ------------------------------------------------------------------------------

 NMR restraints: Bond =    0.000   Angle =     0.000   Torsion =     0.000
===============================================================================

 NSTEP =     1800   TIME(PS) =       2.300  TEMP(K) =   100.43  PRESS =  -319.2
 Etot   =   -529478.3559  EKtot   =     37509.4306  EPtot      =   -566987.7865
 BOND   =      3413.4166  ANGLE   =     13606.6648  DIHED      =     19245.6505
 1-4 NB =      8644.5079  1-4 EEL =     40367.7692  VDWAALS    =     54730.3043
 EELEC  =   -710723.6350  EHBOND  =         0.0000  RESTRAINT  =      2507.2821
 EAMBER (non-restraint)  =   -569495.0686
 EKCMT  =     12973.0825  VIRIAL  =     25556.9348  VOLUME     =   1825858.1263
 CMAP   =      1220.2530
                                                    Density    =         0.9766
 Ewald error estimate:   0.4253E-04
 ------------------------------------------------------------------------------

 NMR restraints: Bond =    0.000   Angle =     0.000   Torsion =     0.000
===============================================================================

 NSTEP =     1900   TIME(PS) =       2.400  TEMP(K) =   101.45  PRESS =  -216.2
 Etot   =   -528953.2413  EKtot   =     37892.8933  EPtot      =   -566846.1346
 BOND   =      3477.7023  ANGLE   =     13674.5422  DIHED      =     19215.7957
 1-4 NB =      8702.3848  1-4 EEL =     40414.8871  VDWAALS    =     54678.6072
 EELEC  =   -710804.0421  EHBOND  =         0.0000  RESTRAINT  =      2570.3919
 EAMBER (non-restraint)  =   -569416.5265
 EKCMT  =     13041.2378  VIRIAL  =     21559.2381  VOLUME     =   1824789.9750
 CMAP   =      1223.5964
                                                    Density    =         0.9772
 Ewald error estimate:   0.5050E-04
 ------------------------------------------------------------------------------

 NMR restraints: Bond =    0.000   Angle =     0.000   Torsion =     0.000
===============================================================================

 NSTEP =     2000   TIME(PS) =       2.500  TEMP(K) =   102.38  PRESS =  -209.3
 Etot   =   -528552.3216  EKtot   =     38241.3455  EPtot      =   -566793.6672
 BOND   =      3545.4129  ANGLE   =     13838.7621  DIHED      =     19244.9390
 1-4 NB =      8662.9869  1-4 EEL =     40347.9266  VDWAALS    =     54867.8776
 EELEC  =   -711118.8659  EHBOND  =         0.0000  RESTRAINT  =      2597.9332
 EAMBER (non-restraint)  =   -569391.6003
 EKCMT  =     13019.1917  VIRIAL  =     21262.6341  VOLUME     =   1823972.1684
 CMAP   =      1219.3606
                                                    Density    =         0.9777
 Ewald error estimate:   0.2698E-04
 ------------------------------------------------------------------------------

 NMR restraints: Bond =    0.000   Angle =     0.000   Torsion =     0.000
===============================================================================

 NSTEP =     2100   TIME(PS) =       2.600  TEMP(K) =   103.23  PRESS =  -204.4
 Etot   =   -528202.9695  EKtot   =     38556.9366  EPtot      =   -566759.9061
 BOND   =      3493.2424  ANGLE   =     13874.3593  DIHED      =     19276.8423
 1-4 NB =      8659.0268  1-4 EEL =     40341.2482  VDWAALS    =     54772.0605
 EELEC  =   -711006.0107  EHBOND  =         0.0000  RESTRAINT  =      2603.5123
 EAMBER (non-restraint)  =   -569363.4184
 EKCMT  =     13138.2862  VIRIAL  =     21183.0474  VOLUME     =   1823039.9313
 CMAP   =      1225.8127
                                                    Density    =         0.9782
 Ewald error estimate:   0.5253E-04
 ------------------------------------------------------------------------------

 NMR restraints: Bond =    0.000   Angle =     0.000   Torsion =     0.000
===============================================================================

 NSTEP =     2200   TIME(PS) =       2.700  TEMP(K) =   104.03  PRESS =  -209.6
 Etot   =   -527756.8361  EKtot   =     38855.0284  EPtot      =   -566611.8645
 BOND   =      3586.7352  ANGLE   =     13990.3082  DIHED      =     19268.3713
 1-4 NB =      8690.9901  1-4 EEL =     40317.2507  VDWAALS    =     54738.9895
 EELEC  =   -711086.5577  EHBOND  =         0.0000  RESTRAINT  =      2682.2524
 EAMBER (non-restraint)  =   -569294.1169
 EKCMT  =     13174.3671  VIRIAL  =     21422.2654  VOLUME     =   1822256.6877
 CMAP   =      1199.7958
                                                    Density    =         0.9786
 Ewald error estimate:   0.9262E-05
 ------------------------------------------------------------------------------

 NMR restraints: Bond =    0.000   Angle =     0.000   Torsion =     0.000
===============================================================================

 NSTEP =     2300   TIME(PS) =       2.800  TEMP(K) =   104.57  PRESS =  -179.0
 Etot   =   -527380.4871  EKtot   =     39057.7725  EPtot      =   -566438.2596
 BOND   =      3578.6221  ANGLE   =     14068.2329  DIHED      =     19278.4977
 1-4 NB =      8653.6017  1-4 EEL =     40385.8709  VDWAALS    =     55054.7024
 EELEC  =   -711345.9344  EHBOND  =         0.0000  RESTRAINT  =      2686.9612
 EAMBER (non-restraint)  =   -569125.2209
 EKCMT  =     13120.7112  VIRIAL  =     20160.4754  VOLUME     =   1821578.8238
 CMAP   =      1201.1858
                                                    Density    =         0.9789
 Ewald error estimate:   0.1254E-04
 ------------------------------------------------------------------------------

 NMR restraints: Bond =    0.000   Angle =     0.000   Torsion =     0.000
===============================================================================

 NSTEP =     2400   TIME(PS) =       2.900  TEMP(K) =   105.43  PRESS =  -191.0
 Etot   =   -527047.5560  EKtot   =     39379.7050  EPtot      =   -566427.2610
 BOND   =      3598.1331  ANGLE   =     14175.3741  DIHED      =     19334.9627
 1-4 NB =      8674.3699  1-4 EEL =     40454.3803  VDWAALS    =     54656.9200
 EELEC  =   -711281.6085  EHBOND  =         0.0000  RESTRAINT  =      2733.9258
 EAMBER (non-restraint)  =   -569161.1868
 EKCMT  =     13202.8916  VIRIAL  =     20710.8472  VOLUME     =   1820840.7901
 CMAP   =      1226.2818
                                                    Density    =         0.9793
 Ewald error estimate:   0.1453E-04
 ------------------------------------------------------------------------------

 NMR restraints: Bond =    0.000   Angle =     0.000   Torsion =     0.000
===============================================================================

 NSTEP =     2500   TIME(PS) =       3.000  TEMP(K) =   105.93  PRESS =  -141.9
 Etot   =   -526817.8289  EKtot   =     39566.6833  EPtot      =   -566384.5122
 BOND   =      3716.7397  ANGLE   =     14119.3926  DIHED      =     19302.3108
 1-4 NB =      8682.7039  1-4 EEL =     40307.6625  VDWAALS    =     54974.1933
 EELEC  =   -711425.6299  EHBOND  =         0.0000  RESTRAINT  =      2720.0380
 EAMBER (non-restraint)  =   -569104.5503
 EKCMT  =     13137.6897  VIRIAL  =     18714.0359  VOLUME     =   1820132.1418
 CMAP   =      1218.0770
                                                    Density    =         0.9797
 Ewald error estimate:   0.4364E-04
 ------------------------------------------------------------------------------

 NMR restraints: Bond =    0.000   Angle =     0.000   Torsion =     0.000
===============================================================================

 NSTEP =     2600   TIME(PS) =       3.100  TEMP(K) =   106.70  PRESS =   -71.9
 Etot   =   -526615.1577  EKtot   =     39854.8736  EPtot      =   -566470.0313
 BOND   =      3697.5006  ANGLE   =     14282.6284  DIHED      =     19310.0251
 1-4 NB =      8686.1167  1-4 EEL =     40400.3998  VDWAALS    =     54896.8955
 EELEC  =   -711729.3699  EHBOND  =         0.0000  RESTRAINT  =      2745.4637
 EAMBER (non-restraint)  =   -569215.4950
 EKCMT  =     13171.7594  VIRIAL  =     15996.8491  VOLUME     =   1819549.6573
 CMAP   =      1240.3088
                                                    Density    =         0.9800
 Ewald error estimate:   0.3899E-04
 ------------------------------------------------------------------------------

 NMR restraints: Bond =    0.000   Angle =     0.000   Torsion =     0.000
===============================================================================

 NSTEP =     2700   TIME(PS) =       3.200  TEMP(K) =   107.79  PRESS =  -166.4
 Etot   =   -526244.1335  EKtot   =     40258.5176  EPtot      =   -566502.6510
 BOND   =      3712.4274  ANGLE   =     14358.4314  DIHED      =     19288.6127
 1-4 NB =      8675.8840  1-4 EEL =     40413.2673  VDWAALS    =     54919.9308
 EELEC  =   -711887.5742  EHBOND  =         0.0000  RESTRAINT  =      2785.7574
 EAMBER (non-restraint)  =   -569288.4084
 EKCMT  =     13234.7565  VIRIAL  =     19771.5728  VOLUME     =   1819028.4658
 CMAP   =      1230.6122
                                                    Density    =         0.9803
 Ewald error estimate:   0.4749E-04
 ------------------------------------------------------------------------------

 NMR restraints: Bond =    0.000   Angle =     0.000   Torsion =     0.000
===============================================================================

 NSTEP =     2800   TIME(PS) =       3.300  TEMP(K) =   108.56  PRESS =  -148.9
 Etot   =   -525923.4830  EKtot   =     40547.4095  EPtot      =   -566470.8925
 BOND   =      3729.8049  ANGLE   =     14295.7006  DIHED      =     19310.3273
 1-4 NB =      8674.2209  1-4 EEL =     40320.7725  VDWAALS    =     54690.5467
 EELEC  =   -711518.8603  EHBOND  =         0.0000  RESTRAINT  =      2813.2814
 EAMBER (non-restraint)  =   -569284.1739
 EKCMT  =     13361.9054  VIRIAL  =     19206.6080  VOLUME     =   1818440.7390
 CMAP   =      1213.3133
                                                    Density    =         0.9806
 Ewald error estimate:   0.1368E-04
 ------------------------------------------------------------------------------

 NMR restraints: Bond =    0.000   Angle =     0.000   Torsion =     0.000
===============================================================================

 NSTEP =     2900   TIME(PS) =       3.400  TEMP(K) =   108.48  PRESS =   -71.8
 Etot   =   -525781.8233  EKtot   =     40516.8552  EPtot      =   -566298.6786
 BOND   =      3766.1230  ANGLE   =     14440.4156  DIHED      =     19314.2625
 1-4 NB =      8680.5572  1-4 EEL =     40366.5739  VDWAALS    =     55261.5270
 EELEC  =   -712170.8664  EHBOND  =         0.0000  RESTRAINT  =      2833.4827
 EAMBER (non-restraint)  =   -569132.1612
 EKCMT  =     13322.9219  VIRIAL  =     16140.9523  VOLUME     =   1818059.7672
 CMAP   =      1209.2459
                                                    Density    =         0.9808
 Ewald error estimate:   0.3110E-04
 ------------------------------------------------------------------------------

 NMR restraints: Bond =    0.000   Angle =     0.000   Torsion =     0.000
===============================================================================

 NSTEP =     3000   TIME(PS) =       3.500  TEMP(K) =   109.12  PRESS =   -97.8
 Etot   =   -525572.5987  EKtot   =     40756.8181  EPtot      =   -566329.4168
 BOND   =      3777.4856  ANGLE   =     14521.8338  DIHED      =     19313.0657
 1-4 NB =      8697.2550  1-4 EEL =     40476.9226  VDWAALS    =     55096.0070
 EELEC  =   -712235.6476  EHBOND  =         0.0000  RESTRAINT  =      2821.2609
 EAMBER (non-restraint)  =   -569150.6777
 EKCMT  =     13301.7214  VIRIAL  =     17138.4643  VOLUME     =   1817890.9849
 CMAP   =      1202.4002
                                                    Density    =         0.9809
 Ewald error estimate:   0.2745E-04
 ------------------------------------------------------------------------------

 NMR restraints: Bond =    0.000   Angle =     0.000   Torsion =     0.000
===============================================================================

 NSTEP =     3100   TIME(PS) =       3.600  TEMP(K) =   109.49  PRESS =   -36.4
 Etot   =   -525323.6648  EKtot   =     40894.7385  EPtot      =   -566218.4033
 BOND   =      3794.5768  ANGLE   =     14570.5187  DIHED      =     19324.6618
 1-4 NB =      8675.9575  1-4 EEL =     40472.2965  VDWAALS    =     55059.3446
 EELEC  =   -712205.2541  EHBOND  =         0.0000  RESTRAINT  =      2871.2118
 EAMBER (non-restraint)  =   -569089.6151
 EKCMT  =     13356.4894  VIRIAL  =     14786.6305  VOLUME     =   1817418.5467
 CMAP   =      1218.2832
                                                    Density    =         0.9812
 Ewald error estimate:   0.1321E-04
 ------------------------------------------------------------------------------

 NMR restraints: Bond =    0.000   Angle =     0.000   Torsion =     0.000
===============================================================================

 NSTEP =     3200   TIME(PS) =       3.700  TEMP(K) =   110.21  PRESS =   -97.8
 Etot   =   -525085.9628  EKtot   =     41164.5323  EPtot      =   -566250.4951
 BOND   =      3806.8261  ANGLE   =     14616.6979  DIHED      =     19353.5394
 1-4 NB =      8700.4381  1-4 EEL =     40410.7287  VDWAALS    =     54953.1930
 EELEC  =   -712167.8443  EHBOND  =         0.0000  RESTRAINT  =      2871.9240
 EAMBER (non-restraint)  =   -569122.4190
 EKCMT  =     13374.3818  VIRIAL  =     17211.6802  VOLUME     =   1817143.8414
 CMAP   =      1204.0020
                                                    Density    =         0.9813
 Ewald error estimate:   0.1919E-04
 ------------------------------------------------------------------------------

 NMR restraints: Bond =    0.000   Angle =     0.000   Torsion =     0.000
===============================================================================

 NSTEP =     3300   TIME(PS) =       3.800  TEMP(K) =   110.87  PRESS =   -81.2
 Etot   =   -524859.9594  EKtot   =     41411.7804  EPtot      =   -566271.7398
 BOND   =      3849.7130  ANGLE   =     14620.3451  DIHED      =     19405.4297
 1-4 NB =      8678.8729  1-4 EEL =     40418.3028  VDWAALS    =     55215.2057
 EELEC  =   -712555.4784  EHBOND  =         0.0000  RESTRAINT  =      2874.8671
 EAMBER (non-restraint)  =   -569146.6069
 EKCMT  =     13479.6221  VIRIAL  =     16665.2232  VOLUME     =   1816947.4829
 CMAP   =      1221.0025
                                                    Density    =         0.9814
 Ewald error estimate:   0.1126E-04
 ------------------------------------------------------------------------------

 NMR restraints: Bond =    0.000   Angle =     0.000   Torsion =     0.000
===============================================================================

 NSTEP =     3400   TIME(PS) =       3.900  TEMP(K) =   110.97  PRESS =   -81.7
 Etot   =   -524699.4396  EKtot   =     41446.4468  EPtot      =   -566145.8864
 BOND   =      3792.2796  ANGLE   =     14653.8221  DIHED      =     19343.7533
 1-4 NB =      8749.1165  1-4 EEL =     40478.1982  VDWAALS    =     55229.3365
 EELEC  =   -712529.3612  EHBOND  =         0.0000  RESTRAINT  =      2932.5925
 EAMBER (non-restraint)  =   -569078.4789
 EKCMT  =     13392.1378  VIRIAL  =     16598.4976  VOLUME     =   1816657.3000
 CMAP   =      1204.3761
                                                    Density    =         0.9816
 Ewald error estimate:   0.4596E-04
 ------------------------------------------------------------------------------

 NMR restraints: Bond =    0.000   Angle =     0.000   Torsion =     0.000
===============================================================================

 NSTEP =     3500   TIME(PS) =       4.000  TEMP(K) =   111.36  PRESS =  -121.2
 Etot   =   -524510.8181  EKtot   =     41591.9527  EPtot      =   -566102.7708
 BOND   =      3873.4201  ANGLE   =     14735.0599  DIHED      =     19344.3005
 1-4 NB =      8716.6555  1-4 EEL =     40323.9683  VDWAALS    =     55099.9471
 EELEC  =   -712315.4493  EHBOND  =         0.0000  RESTRAINT  =      2905.5449
 EAMBER (non-restraint)  =   -569008.3157
 EKCMT  =     13429.3310  VIRIAL  =     18184.1702  VOLUME     =   1816359.6398
 CMAP   =      1213.7822
                                                    Density    =         0.9818
 Ewald error estimate:   0.2445E-04
 ------------------------------------------------------------------------------

 NMR restraints: Bond =    0.000   Angle =     0.000   Torsion =     0.000
===============================================================================

 NSTEP =     3600   TIME(PS) =       4.100  TEMP(K) =   112.09  PRESS =   -27.0
 Etot   =   -524224.9283  EKtot   =     41866.2986  EPtot      =   -566091.2269
 BOND   =      3874.4648  ANGLE   =     14741.3610  DIHED      =     19383.6690
 1-4 NB =      8715.9541  1-4 EEL =     40312.7746  VDWAALS    =     55272.6523
 EELEC  =   -712521.1381  EHBOND  =         0.0000  RESTRAINT  =      2925.7025
 EAMBER (non-restraint)  =   -569016.9294
 EKCMT  =     13531.0446  VIRIAL  =     14588.9400  VOLUME     =   1816020.4424
 CMAP   =      1203.3330
                                                    Density    =         0.9819
 Ewald error estimate:   0.2062E-04
 ------------------------------------------------------------------------------

 NMR restraints: Bond =    0.000   Angle =     0.000   Torsion =     0.000
===============================================================================

 NSTEP =     3700   TIME(PS) =       4.200  TEMP(K) =   112.66  PRESS =   -48.5
 Etot   =   -524067.7117  EKtot   =     42077.9744  EPtot      =   -566145.6861
 BOND   =      3968.9975  ANGLE   =     14845.2844  DIHED      =     19320.9918
 1-4 NB =      8669.1601  1-4 EEL =     40290.4519  VDWAALS    =     55347.1886
 EELEC  =   -712731.0206  EHBOND  =         0.0000  RESTRAINT  =      2935.5170
 EAMBER (non-restraint)  =   -569081.2031
 EKCMT  =     13630.9755  VIRIAL  =     15533.0467  VOLUME     =   1815984.3674
 CMAP   =      1207.7434
                                                    Density    =         0.9820
 Ewald error estimate:   0.1588E-04
 ------------------------------------------------------------------------------

 NMR restraints: Bond =    0.000   Angle =     0.000   Torsion =     0.000
===============================================================================

 NSTEP =     3800   TIME(PS) =       4.300  TEMP(K) =   113.07  PRESS =   -64.5
 Etot   =   -523867.6777  EKtot   =     42231.8896  EPtot      =   -566099.5672
 BOND   =      3893.1619  ANGLE   =     14950.2404  DIHED      =     19298.4110
 1-4 NB =      8729.2874  1-4 EEL =     40395.2612  VDWAALS    =     54661.5914
 EELEC  =   -712219.3928  EHBOND  =         0.0000  RESTRAINT  =      2980.7701
 EAMBER (non-restraint)  =   -569080.3373
 EKCMT  =     13546.6977  VIRIAL  =     16076.6904  VOLUME     =   1815801.3228
 CMAP   =      1211.1022
                                                    Density    =         0.9821
 Ewald error estimate:   0.5822E-04
 ------------------------------------------------------------------------------

 NMR restraints: Bond =    0.000   Angle =     0.000   Torsion =     0.000
===============================================================================

 NSTEP =     3900   TIME(PS) =       4.400  TEMP(K) =   113.25  PRESS =   -77.7
 Etot   =   -523680.8275  EKtot   =     42298.9514  EPtot      =   -565979.7789
 BOND   =      3917.4867  ANGLE   =     14931.2852  DIHED      =     19358.0895
 1-4 NB =      8728.5924  1-4 EEL =     40404.6253  VDWAALS    =     54808.6664
 EELEC  =   -712323.1228  EHBOND  =         0.0000  RESTRAINT  =      2997.8246
 EAMBER (non-restraint)  =   -568977.6036
 EKCMT  =     13520.7768  VIRIAL  =     16564.9457  VOLUME     =   1815541.5921
 CMAP   =      1196.7737
                                                    Density    =         0.9822
 Ewald error estimate:   0.4993E-04
 ------------------------------------------------------------------------------

 NMR restraints: Bond =    0.000   Angle =     0.000   Torsion =     0.000
===============================================================================

 NSTEP =     4000   TIME(PS) =       4.500  TEMP(K) =   113.59  PRESS =     7.6
 Etot   =   -523579.9401  EKtot   =     42427.4326  EPtot      =   -566007.3727
 BOND   =      3932.3129  ANGLE   =     14982.1461  DIHED      =     19371.6290
 1-4 NB =      8722.3556  1-4 EEL =     40411.0922  VDWAALS    =     55032.2582
 EELEC  =   -712680.8975  EHBOND  =         0.0000  RESTRAINT  =      3012.2158
 EAMBER (non-restraint)  =   -569019.5884
 EKCMT  =     13569.4065  VIRIAL  =     13270.9163  VOLUME     =   1815350.3622
 CMAP   =      1209.5152
                                                    Density    =         0.9823
 Ewald error estimate:   0.5822E-04
 ------------------------------------------------------------------------------

 NMR restraints: Bond =    0.000   Angle =     0.000   Torsion =     0.000
===============================================================================

 NSTEP =     4100   TIME(PS) =       4.600  TEMP(K) =   114.24  PRESS =   -54.2
 Etot   =   -523386.9729  EKtot   =     42668.3528  EPtot      =   -566055.3257
 BOND   =      3987.5550  ANGLE   =     15002.2381  DIHED      =     19374.9175
 1-4 NB =      8715.6771  1-4 EEL =     40347.1753  VDWAALS    =     55034.5499
 EELEC  =   -712730.1212  EHBOND  =         0.0000  RESTRAINT  =      3011.4093
 EAMBER (non-restraint)  =   -569066.7350
 EKCMT  =     13708.5812  VIRIAL  =     15831.9678  VOLUME     =   1815125.5477
 CMAP   =      1201.2734
                                                    Density    =         0.9824
 Ewald error estimate:   0.2105E-04
 ------------------------------------------------------------------------------

 NMR restraints: Bond =    0.000   Angle =     0.000   Torsion =     0.000
===============================================================================

 NSTEP =     4200   TIME(PS) =       4.700  TEMP(K) =   114.88  PRESS =  -100.5
 Etot   =   -523185.3237  EKtot   =     42909.8492  EPtot      =   -566095.1729
 BOND   =      3880.5326  ANGLE   =     14917.9647  DIHED      =     19411.6224
 1-4 NB =      8762.1806  1-4 EEL =     40504.6371  VDWAALS    =     54759.3202
 EELEC  =   -712555.9021  EHBOND  =         0.0000  RESTRAINT  =      3024.7505
 EAMBER (non-restraint)  =   -569119.9235
 EKCMT  =     13685.7327  VIRIAL  =     17624.5439  VOLUME     =   1814755.8468
 CMAP   =      1199.7210
                                                    Density    =         0.9826
 Ewald error estimate:   0.8358E-04
 ------------------------------------------------------------------------------

 NMR restraints: Bond =    0.000   Angle =     0.000   Torsion =     0.000
===============================================================================

 NSTEP =     4300   TIME(PS) =       4.800  TEMP(K) =   114.95  PRESS =   -34.4
 Etot   =   -522962.1805  EKtot   =     42936.4161  EPtot      =   -565898.5966
 BOND   =      3917.5414  ANGLE   =     14988.7757  DIHED      =     19412.2877
 1-4 NB =      8731.6589  1-4 EEL =     40450.7404  VDWAALS    =     54866.9250
 EELEC  =   -712519.5764  EHBOND  =         0.0000  RESTRAINT  =      3036.4509
 EAMBER (non-restraint)  =   -568935.0475
 EKCMT  =     13685.6106  VIRIAL  =     15031.9680  VOLUME     =   1814492.5262
 CMAP   =      1216.5998
                                                    Density    =         0.9828
 Ewald error estimate:   0.1496E-04
 ------------------------------------------------------------------------------

 NMR restraints: Bond =    0.000   Angle =     0.000   Torsion =     0.000
===============================================================================

 NSTEP =     4400   TIME(PS) =       4.900  TEMP(K) =   115.30  PRESS =    19.0
 Etot   =   -522765.1676  EKtot   =     43066.2462  EPtot      =   -565831.4137
 BOND   =      3970.8529  ANGLE   =     15131.4219  DIHED      =     19346.0531
 1-4 NB =      8724.2560  1-4 EEL =     40347.3440  VDWAALS    =     54862.3460
 EELEC  =   -712470.6179  EHBOND  =         0.0000  RESTRAINT  =      3053.5387
 EAMBER (non-restraint)  =   -568884.9525
 EKCMT  =     13761.7692  VIRIAL  =     13015.8351  VOLUME     =   1814299.2803
 CMAP   =      1203.3915
                                                    Density    =         0.9829
 Ewald error estimate:   0.1917E-04
 ------------------------------------------------------------------------------

 NMR restraints: Bond =    0.000   Angle =     0.000   Torsion =     0.000
===============================================================================

 NSTEP =     4500   TIME(PS) =       5.000  TEMP(K) =   115.93  PRESS =    18.5
 Etot   =   -522477.3533  EKtot   =     43302.4304  EPtot      =   -565779.7836
 BOND   =      3971.9375  ANGLE   =     15083.4873  DIHED      =     19413.4678
 1-4 NB =      8761.5408  1-4 EEL =     40465.5803  VDWAALS    =     55073.3616
 EELEC  =   -712781.1296  EHBOND  =         0.0000  RESTRAINT  =      3044.2454
 EAMBER (non-restraint)  =   -568824.0291
 EKCMT  =     13829.0207  VIRIAL  =     13105.9188  VOLUME     =   1814246.1031
 CMAP   =      1187.7251
                                                    Density    =         0.9829
 Ewald error estimate:   0.1257E-04
 ------------------------------------------------------------------------------

 NMR restraints: Bond =    0.000   Angle =     0.000   Torsion =     0.000
===============================================================================

 NSTEP =     4600   TIME(PS) =       5.100  TEMP(K) =   116.06  PRESS =   -70.0
 Etot   =   -522332.5905  EKtot   =     43348.3360  EPtot      =   -565680.9265
 BOND   =      3958.4274  ANGLE   =     15186.6412  DIHED      =     19386.8990
 1-4 NB =      8754.2516  1-4 EEL =     40377.2930  VDWAALS    =     54770.4954
 EELEC  =   -712395.4549  EHBOND  =         0.0000  RESTRAINT  =      3083.4546
 EAMBER (non-restraint)  =   -568764.3811
 EKCMT  =     13846.9537  VIRIAL  =     16590.1461  VOLUME     =   1814183.8495
 CMAP   =      1197.0662
                                                    Density    =         0.9829
 Ewald error estimate:   0.2000E-04
 ------------------------------------------------------------------------------

 NMR restraints: Bond =    0.000   Angle =     0.000   Torsion =     0.000
===============================================================================

 NSTEP =     4700   TIME(PS) =       5.200  TEMP(K) =   116.93  PRESS =   -35.6
 Etot   =   -522149.7914  EKtot   =     43673.4001  EPtot      =   -565823.1915
 BOND   =      3944.9669  ANGLE   =     15201.3353  DIHED      =     19391.6270
 1-4 NB =      8738.2824  1-4 EEL =     40429.5398  VDWAALS    =     54862.5664
 EELEC  =   -712679.3153  EHBOND  =         0.0000  RESTRAINT  =      3073.4426
 EAMBER (non-restraint)  =   -568896.6342
 EKCMT  =     13875.0803  VIRIAL  =     15270.2144  VOLUME     =   1813930.0020
 CMAP   =      1214.3632
                                                    Density    =         0.9831
 Ewald error estimate:   0.3410E-04
 ------------------------------------------------------------------------------

 NMR restraints: Bond =    0.000   Angle =     0.000   Torsion =     0.000
===============================================================================

 NSTEP =     4800   TIME(PS) =       5.300  TEMP(K) =   117.05  PRESS =   -27.9
 Etot   =   -522026.8496  EKtot   =     43719.4491  EPtot      =   -565746.2987
 BOND   =      3975.3221  ANGLE   =     15160.6754  DIHED      =     19411.6054
 1-4 NB =      8756.7437  1-4 EEL =     40415.5371  VDWAALS    =     54890.1051
 EELEC  =   -712632.8138  EHBOND  =         0.0000  RESTRAINT  =      3083.2645
 EAMBER (non-restraint)  =   -568829.5632
 EKCMT  =     13895.7775  VIRIAL  =     14988.8004  VOLUME     =   1813814.1162
 CMAP   =      1193.2617
                                                    Density    =         0.9831
 Ewald error estimate:   0.6336E-04
 ------------------------------------------------------------------------------

 NMR restraints: Bond =    0.000   Angle =     0.000   Torsion =     0.000
===============================================================================

 NSTEP =     4900   TIME(PS) =       5.400  TEMP(K) =   117.11  PRESS =   -12.4
 Etot   =   -521912.6552  EKtot   =     43740.9223  EPtot      =   -565653.5774
 BOND   =      4074.5949  ANGLE   =     15222.9203  DIHED      =     19399.7956
 1-4 NB =      8735.8445  1-4 EEL =     40333.9193  VDWAALS    =     55139.0631
 EELEC  =   -712847.6901  EHBOND  =         0.0000  RESTRAINT  =      3086.7673
 EAMBER (non-restraint)  =   -568740.3447
 EKCMT  =     13932.6649  VIRIAL  =     14417.5156  VOLUME     =   1813823.0794
 CMAP   =      1201.2077
                                                    Density    =         0.9831
 Ewald error estimate:   0.4140E-04
 ------------------------------------------------------------------------------

 NMR restraints: Bond =    0.000   Angle =     0.000   Torsion =     0.000
===============================================================================

 NSTEP =     5000   TIME(PS) =       5.500  TEMP(K) =   117.39  PRESS =     3.2
 Etot   =   -521699.0515  EKtot   =     43846.8371  EPtot      =   -565545.8886
 BOND   =      4032.8091  ANGLE   =     15269.8733  DIHED      =     19359.4659
 1-4 NB =      8748.8575  1-4 EEL =     40385.4963  VDWAALS    =     54954.0490
 EELEC  =   -712573.6407  EHBOND  =         0.0000  RESTRAINT  =      3078.6356
 EAMBER (non-restraint)  =   -568624.5242
 EKCMT  =     13935.5522  VIRIAL  =     13810.5148  VOLUME     =   1813954.4326
 CMAP   =      1198.5654
                                                    Density    =         0.9831
 Ewald error estimate:   0.4741E-04
 ------------------------------------------------------------------------------

 NMR restraints: Bond =    0.000   Angle =     0.000   Torsion =     0.000
===============================================================================

 NSTEP =     5100   TIME(PS) =       5.600  TEMP(K) =   118.11  PRESS =   -84.5
 Etot   =   -521421.7002  EKtot   =     44114.0467  EPtot      =   -565535.7469
 BOND   =      4046.4308  ANGLE   =     15288.7629  DIHED      =     19399.8578
 1-4 NB =      8738.8178  1-4 EEL =     40269.3981  VDWAALS    =     54337.5702
 EELEC  =   -711895.0525  EHBOND  =         0.0000  RESTRAINT  =      3076.4827
 EAMBER (non-restraint)  =   -568612.2296
 EKCMT  =     14027.5287  VIRIAL  =     17336.1867  VOLUME     =   1813867.9043
 CMAP   =      1201.9854
                                                    Density    =         0.9831
 Ewald error estimate:   0.5393E-04
 ------------------------------------------------------------------------------

 NMR restraints: Bond =    0.000   Angle =     0.000   Torsion =     0.000
===============================================================================

 NSTEP =     5200   TIME(PS) =       5.700  TEMP(K) =   118.19  PRESS =   -36.5
 Etot   =   -521325.5901  EKtot   =     44144.0551  EPtot      =   -565469.6452
 BOND   =      4030.8222  ANGLE   =     15303.2326  DIHED      =     19424.4570
 1-4 NB =      8734.0194  1-4 EEL =     40361.6864  VDWAALS    =     54706.7533
 EELEC  =   -712353.0932  EHBOND  =         0.0000  RESTRAINT  =      3125.1904
 EAMBER (non-restraint)  =   -568594.8356
 EKCMT  =     14027.8518  VIRIAL  =     15458.1483  VOLUME     =   1813806.7977
 CMAP   =      1197.2869
                                                    Density    =         0.9831
 Ewald error estimate:   0.5520E-04
 ------------------------------------------------------------------------------

 NMR restraints: Bond =    0.000   Angle =     0.000   Torsion =     0.000
===============================================================================

 NSTEP =     5300   TIME(PS) =       5.800  TEMP(K) =   118.48  PRESS =    -4.1
 Etot   =   -521192.7225  EKtot   =     44252.0649  EPtot      =   -565444.7874
 BOND   =      4010.7726  ANGLE   =     15422.7681  DIHED      =     19384.1857
 1-4 NB =      8718.2608  1-4 EEL =     40430.9443  VDWAALS    =     55122.6486
 EELEC  =   -712852.1028  EHBOND  =         0.0000  RESTRAINT  =      3115.2163
 EAMBER (non-restraint)  =   -568560.0036
 EKCMT  =     14041.4903  VIRIAL  =     14203.7887  VOLUME     =   1813712.0220
 CMAP   =      1202.5191
                                                    Density    =         0.9832
 Ewald error estimate:   0.6076E-04
 ------------------------------------------------------------------------------

 NMR restraints: Bond =    0.000   Angle =     0.000   Torsion =     0.000
===============================================================================

 NSTEP =     5400   TIME(PS) =       5.900  TEMP(K) =   118.74  PRESS =   -76.7
 Etot   =   -521117.7814  EKtot   =     44349.6118  EPtot      =   -565467.3932
 BOND   =      4058.8923  ANGLE   =     15459.1457  DIHED      =     19421.1549
 1-4 NB =      8755.6664  1-4 EEL =     40261.1292  VDWAALS    =     54860.4459
 EELEC  =   -712623.6035  EHBOND  =         0.0000  RESTRAINT  =      3160.4950
 EAMBER (non-restraint)  =   -568627.8882
 EKCMT  =     14070.7372  VIRIAL  =     17073.1829  VOLUME     =   1813631.4210
 CMAP   =      1179.2809
                                                    Density    =         0.9832
 Ewald error estimate:   0.7188E-04
 ------------------------------------------------------------------------------

 NMR restraints: Bond =    0.000   Angle =     0.000   Torsion =     0.000
===============================================================================

 NSTEP =     5500   TIME(PS) =       6.000  TEMP(K) =   119.40  PRESS =   -21.2
 Etot   =   -520921.8764  EKtot   =     44595.8235  EPtot      =   -565517.6998
 BOND   =      4063.7963  ANGLE   =     15407.3590  DIHED      =     19400.3448
 1-4 NB =      8757.9575  1-4 EEL =     40458.9919  VDWAALS    =     54586.4504
 EELEC  =   -712489.2261  EHBOND  =         0.0000  RESTRAINT  =      3106.3425
 EAMBER (non-restraint)  =   -568624.0423
 EKCMT  =     14192.2188  VIRIAL  =     15021.0759  VOLUME     =   1813486.6006
 CMAP   =      1190.2837
                                                    Density    =         0.9833
 Ewald error estimate:   0.5664E-04
 ------------------------------------------------------------------------------

 NMR restraints: Bond =    0.000   Angle =     0.000   Torsion =     0.000
===============================================================================

 NSTEP =     5600   TIME(PS) =       6.100  TEMP(K) =   119.57  PRESS =    40.6
 Etot   =   -520632.9059  EKtot   =     44660.4315  EPtot      =   -565293.3374
 BOND   =      3998.4700  ANGLE   =     15471.2397  DIHED      =     19443.2829
 1-4 NB =      8756.8287  1-4 EEL =     40373.0577  VDWAALS    =     54554.9652
 EELEC  =   -712239.4606  EHBOND  =         0.0000  RESTRAINT  =      3154.7441
 EAMBER (non-restraint)  =   -568448.0815
 EKCMT  =     14126.7820  VIRIAL  =     12537.7607  VOLUME     =   1813298.7372
 CMAP   =      1193.5348
                                                    Density    =         0.9834
 Ewald error estimate:   0.4753E-05
 ------------------------------------------------------------------------------

 NMR restraints: Bond =    0.000   Angle =     0.000   Torsion =     0.000
===============================================================================

 NSTEP =     5700   TIME(PS) =       6.200  TEMP(K) =   119.76  PRESS =   -56.3
 Etot   =   -520413.5878  EKtot   =     44732.6909  EPtot      =   -565146.2787
 BOND   =      4115.5603  ANGLE   =     15530.0910  DIHED      =     19471.9474
 1-4 NB =      8737.6544  1-4 EEL =     40355.9204  VDWAALS    =     54741.6132
 EELEC  =   -712465.3202  EHBOND  =         0.0000  RESTRAINT  =      3172.4390
 EAMBER (non-restraint)  =   -568318.7177
 EKCMT  =     14181.6838  VIRIAL  =     16387.7808  VOLUME     =   1813326.1829
 CMAP   =      1193.8158
                                                    Density    =         0.9834
 Ewald error estimate:   0.1075E-05
 ------------------------------------------------------------------------------

 NMR restraints: Bond =    0.000   Angle =     0.000   Torsion =     0.000
===============================================================================

 NSTEP =     5800   TIME(PS) =       6.300  TEMP(K) =   120.12  PRESS =    23.2
 Etot   =   -520071.1046  EKtot   =     44866.6844  EPtot      =   -564937.7889
 BOND   =      4157.1483  ANGLE   =     15525.2602  DIHED      =     19401.6204
 1-4 NB =      8778.3896  1-4 EEL =     40429.4125  VDWAALS    =     55079.1302
 EELEC  =   -712691.0836  EHBOND  =         0.0000  RESTRAINT  =      3183.2183
 EAMBER (non-restraint)  =   -568121.0072
 EKCMT  =     14266.1044  VIRIAL  =     13356.7702  VOLUME     =   1813362.9556
 CMAP   =      1199.1151
                                                    Density    =         0.9834
 Ewald error estimate:   0.5179E-04
 ------------------------------------------------------------------------------

 NMR restraints: Bond =    0.000   Angle =     0.000   Torsion =     0.000
===============================================================================

 NSTEP =     5900   TIME(PS) =       6.400  TEMP(K) =   120.89  PRESS =    20.7
 Etot   =   -519864.5473  EKtot   =     45154.0284  EPtot      =   -565018.5758
 BOND   =      4110.5164  ANGLE   =     15506.4260  DIHED      =     19423.4412
 1-4 NB =      8762.3385  1-4 EEL =     40494.1828  VDWAALS    =     54898.7463
 EELEC  =   -712557.8552  EHBOND  =         0.0000  RESTRAINT  =      3149.3045
 EAMBER (non-restraint)  =   -568167.8802
 EKCMT  =     14296.5551  VIRIAL  =     13487.0920  VOLUME     =   1813297.3664
 CMAP   =      1194.3237
                                                    Density    =         0.9834
 Ewald error estimate:   0.6288E-04
 ------------------------------------------------------------------------------

 NMR restraints: Bond =    0.000   Angle =     0.000   Torsion =     0.000
===============================================================================

 NSTEP =     6000   TIME(PS) =       6.500  TEMP(K) =   121.18  PRESS =    28.1
 Etot   =   -519629.5549  EKtot   =     45262.9436  EPtot      =   -564892.4984
 BOND   =      4109.7888  ANGLE   =     15593.9424  DIHED      =     19442.7297
 1-4 NB =      8757.7626  1-4 EEL =     40325.1965  VDWAALS    =     54911.6241
 EELEC  =   -712456.6903  EHBOND  =         0.0000  RESTRAINT  =      3220.2376
 EAMBER (non-restraint)  =   -568112.7361
 EKCMT  =     14318.5216  VIRIAL  =     13220.3095  VOLUME     =   1813197.8043
 CMAP   =      1202.9101
                                                    Density    =         0.9835
 Ewald error estimate:   0.5854E-05
 ------------------------------------------------------------------------------

 NMR restraints: Bond =    0.000   Angle =     0.000   Torsion =     0.000
===============================================================================

 NSTEP =     6100   TIME(PS) =       6.600  TEMP(K) =   121.96  PRESS =   -22.5
 Etot   =   -519416.2885  EKtot   =     45553.0869  EPtot      =   -564969.3753
 BOND   =      4208.5917  ANGLE   =     15576.9580  DIHED      =     19446.9045
 1-4 NB =      8725.1319  1-4 EEL =     40421.0857  VDWAALS    =     54816.5383
 EELEC  =   -712595.2539  EHBOND  =         0.0000  RESTRAINT  =      3228.6527
 EAMBER (non-restraint)  =   -568198.0280
 EKCMT  =     14464.4062  VIRIAL  =     15343.6160  VOLUME     =   1813377.5808
 CMAP   =      1202.0158
                                                    Density    =         0.9834
 Ewald error estimate:   0.3808E-04
 ------------------------------------------------------------------------------

 NMR restraints: Bond =    0.000   Angle =     0.000   Torsion =     0.000
===============================================================================

 NSTEP =     6200   TIME(PS) =       6.700  TEMP(K) =   122.08  PRESS =    36.4
 Etot   =   -519066.4482  EKtot   =     45597.7046  EPtot      =   -564664.1529
 BOND   =      4204.8036  ANGLE   =     15578.0968  DIHED      =     19457.3713
 1-4 NB =      8714.5414  1-4 EEL =     40323.5451  VDWAALS    =     54978.0948
 EELEC  =   -712325.7706  EHBOND  =         0.0000  RESTRAINT  =      3216.7165
 EAMBER (non-restraint)  =   -567880.8694
 EKCMT  =     14430.9090  VIRIAL  =     13005.7949  VOLUME     =   1813433.5829
 CMAP   =      1188.4482
                                                    Density    =         0.9833
 Ewald error estimate:   0.5461E-04
 ------------------------------------------------------------------------------

 NMR restraints: Bond =    0.000   Angle =     0.000   Torsion =     0.000
===============================================================================

 NSTEP =     6300   TIME(PS) =       6.800  TEMP(K) =   122.70  PRESS =   -22.0
 Etot   =   -518827.5332  EKtot   =     45829.7780  EPtot      =   -564657.3112
 BOND   =      4129.4909  ANGLE   =     15577.1366  DIHED      =     19454.7330
 1-4 NB =      8739.6858  1-4 EEL =     40280.9586  VDWAALS    =     54743.8007
 EELEC  =   -712028.8625  EHBOND  =         0.0000  RESTRAINT  =      3261.7060
 EAMBER (non-restraint)  =   -567919.0172
 EKCMT  =     14436.3586  VIRIAL  =     15295.8011  VOLUME     =   1813325.2682
 CMAP   =      1184.0397
                                                    Density    =         0.9834
 Ewald error estimate:   0.3004E-04
 ------------------------------------------------------------------------------

 NMR restraints: Bond =    0.000   Angle =     0.000   Torsion =     0.000
===============================================================================

 NSTEP =     6400   TIME(PS) =       6.900  TEMP(K) =   122.75  PRESS =    77.9
 Etot   =   -518587.7889  EKtot   =     45846.6393  EPtot      =   -564434.4282
 BOND   =      4179.7863  ANGLE   =     15732.9664  DIHED      =     19466.3438
 1-4 NB =      8760.1787  1-4 EEL =     40285.7114  VDWAALS    =     54799.2824
 EELEC  =   -712123.6091  EHBOND  =         0.0000  RESTRAINT  =      3281.0750
 EAMBER (non-restraint)  =   -567715.5032
 EKCMT  =     14473.1318  VIRIAL  =     11422.6432  VOLUME     =   1813346.2155
 CMAP   =      1183.8369
                                                    Density    =         0.9834
 Ewald error estimate:   0.4377E-04
 ------------------------------------------------------------------------------

 NMR restraints: Bond =    0.000   Angle =     0.000   Torsion =     0.000
===============================================================================

 NSTEP =     6500   TIME(PS) =       7.000  TEMP(K) =   123.65  PRESS =     1.5
 Etot   =   -518284.5887  EKtot   =     46184.2775  EPtot      =   -564468.8662
 BOND   =      4284.4737  ANGLE   =     15709.8057  DIHED      =     19490.6606
 1-4 NB =      8721.4244  1-4 EEL =     40371.8139  VDWAALS    =     54482.1995
 EELEC  =   -711958.8058  EHBOND  =         0.0000  RESTRAINT  =      3251.6075
 EAMBER (non-restraint)  =   -567720.4737
 EKCMT  =     14543.4421  VIRIAL  =     14484.9359  VOLUME     =   1813335.0891
 CMAP   =      1177.9544
                                                    Density    =         0.9834
 Ewald error estimate:   0.6399E-04
 ------------------------------------------------------------------------------

 NMR restraints: Bond =    0.000   Angle =     0.000   Torsion =     0.000
===============================================================================

 NSTEP =     6600   TIME(PS) =       7.100  TEMP(K) =   123.96  PRESS =   -52.2
 Etot   =   -517996.1765  EKtot   =     46299.0521  EPtot      =   -564295.2286
 BOND   =      4135.4534  ANGLE   =     15907.9720  DIHED      =     19469.0094
 1-4 NB =      8767.3581  1-4 EEL =     40379.9800  VDWAALS    =     54422.4152
 EELEC  =   -711868.5003  EHBOND  =         0.0000  RESTRAINT  =      3287.9490
 EAMBER (non-restraint)  =   -567583.1776
 EKCMT  =     14643.2139  VIRIAL  =     16687.0971  VOLUME     =   1813194.8092
 CMAP   =      1203.1345
                                                    Density    =         0.9835
 Ewald error estimate:   0.2916E-04
 ------------------------------------------------------------------------------

 NMR restraints: Bond =    0.000   Angle =     0.000   Torsion =     0.000
===============================================================================

 NSTEP =     6700   TIME(PS) =       7.200  TEMP(K) =   124.45  PRESS =   -10.0
 Etot   =   -517758.8740  EKtot   =     46482.6571  EPtot      =   -564241.5311
 BOND   =      4234.2323  ANGLE   =     15709.8006  DIHED      =     19492.7695
 1-4 NB =      8779.2049  1-4 EEL =     40406.4244  VDWAALS    =     54935.4030
 EELEC  =   -712271.1561  EHBOND  =         0.0000  RESTRAINT  =      3276.9314
 EAMBER (non-restraint)  =   -567518.4625
 EKCMT  =     14586.8160  VIRIAL  =     14977.1942  VOLUME     =   1813153.1962
 CMAP   =      1194.8589
                                                    Density    =         0.9835
 Ewald error estimate:   0.3551E-04
 ------------------------------------------------------------------------------

 NMR restraints: Bond =    0.000   Angle =     0.000   Torsion =     0.000
===============================================================================

 NSTEP =     6800   TIME(PS) =       7.300  TEMP(K) =   124.74  PRESS =    79.3
 Etot   =   -517597.0204  EKtot   =     46591.4668  EPtot      =   -564188.4872
 BOND   =      4223.4358  ANGLE   =     15895.6134  DIHED      =     19501.5600
 1-4 NB =      8790.1285  1-4 EEL =     40386.3248  VDWAALS    =     54694.8787
 EELEC  =   -712156.0369  EHBOND  =         0.0000  RESTRAINT  =      3296.1667
 EAMBER (non-restraint)  =   -567484.6539
 EKCMT  =     14735.3503  VIRIAL  =     11629.7377  VOLUME     =   1813353.0955
 CMAP   =      1179.4418
                                                    Density    =         0.9834
 Ewald error estimate:   0.5682E-04
 ------------------------------------------------------------------------------

 NMR restraints: Bond =    0.000   Angle =     0.000   Torsion =     0.000
===============================================================================

 NSTEP =     6900   TIME(PS) =       7.400  TEMP(K) =   125.33  PRESS =    13.5
 Etot   =   -517446.2355  EKtot   =     46812.8077  EPtot      =   -564259.0432
 BOND   =      4258.5166  ANGLE   =     15767.0938  DIHED      =     19494.6094
 1-4 NB =      8784.4605  1-4 EEL =     40352.5070  VDWAALS    =     54721.8959
 EELEC  =   -712065.2572  EHBOND  =         0.0000  RESTRAINT  =      3256.1551
 EAMBER (non-restraint)  =   -567515.1983
 EKCMT  =     14687.1468  VIRIAL  =     14156.7705  VOLUME     =   1813456.8032
 CMAP   =      1170.9758
                                                    Density    =         0.9833
 Ewald error estimate:   0.5612E-04
 ------------------------------------------------------------------------------

 NMR restraints: Bond =    0.000   Angle =     0.000   Torsion =     0.000
===============================================================================

 NSTEP =     7000   TIME(PS) =       7.500  TEMP(K) =   124.76  PRESS =    54.1
 Etot   =   -517333.8572  EKtot   =     46600.0335  EPtot      =   -563933.8907
 BOND   =      4263.3725  ANGLE   =     15987.3152  DIHED      =     19456.6983
 1-4 NB =      8791.5527  1-4 EEL =     40356.3950  VDWAALS    =     54299.1258
 EELEC  =   -711589.1958  EHBOND  =         0.0000  RESTRAINT  =      3305.0009
 EAMBER (non-restraint)  =   -567238.8916
 EKCMT  =     14600.6858  VIRIAL  =     12483.3049  VOLUME     =   1813553.8522
 CMAP   =      1195.8447
                                                    Density    =         0.9833
 Ewald error estimate:   0.7865E-04
 ------------------------------------------------------------------------------

 NMR restraints: Bond =    0.000   Angle =     0.000   Torsion =     0.000
===============================================================================

 NSTEP =     7100   TIME(PS) =       7.600  TEMP(K) =   125.66  PRESS =   -20.9
 Etot   =   -517130.4603  EKtot   =     46936.4856  EPtot      =   -564066.9459
 BOND   =      4190.8638  ANGLE   =     15831.9144  DIHED      =     19466.2223
 1-4 NB =      8802.5937  1-4 EEL =     40420.8355  VDWAALS    =     54585.4076
 EELEC  =   -711884.6573  EHBOND  =         0.0000  RESTRAINT  =      3340.3614
 EAMBER (non-restraint)  =   -567407.3073
 EKCMT  =     14818.7949  VIRIAL  =     15638.8152  VOLUME     =   1813623.5296
 CMAP   =      1179.5129
                                                    Density    =         0.9832
 Ewald error estimate:   0.9955E-04
 ------------------------------------------------------------------------------

 NMR restraints: Bond =    0.000   Angle =     0.000   Torsion =     0.000
===============================================================================

 NSTEP =     7200   TIME(PS) =       7.700  TEMP(K) =   125.92  PRESS =     7.1
 Etot   =   -516900.6081  EKtot   =     47031.3701  EPtot      =   -563931.9782
 BOND   =      4244.4587  ANGLE   =     16011.1352  DIHED      =     19474.2092
 1-4 NB =      8740.9420  1-4 EEL =     40252.8226  VDWAALS    =     54878.5790
 EELEC  =   -712053.5460  EHBOND  =         0.0000  RESTRAINT  =      3327.6814
 EAMBER (non-restraint)  =   -567259.6595
 EKCMT  =     14840.8526  VIRIAL  =     14564.6582  VOLUME     =   1813537.8229
 CMAP   =      1191.7398
                                                    Density    =         0.9833
 Ewald error estimate:   0.1408E-04
 ------------------------------------------------------------------------------

 NMR restraints: Bond =    0.000   Angle =     0.000   Torsion =     0.000
===============================================================================

 NSTEP =     7300   TIME(PS) =       7.800  TEMP(K) =   126.28  PRESS =    16.2
 Etot   =   -516682.3059  EKtot   =     47165.9855  EPtot      =   -563848.2914
 BOND   =      4279.3038  ANGLE   =     15899.9044  DIHED      =     19525.6832
 1-4 NB =      8795.2844  1-4 EEL =     40292.2935  VDWAALS    =     54706.0965
 EELEC  =   -711865.4247  EHBOND  =         0.0000  RESTRAINT  =      3314.1839
 EAMBER (non-restraint)  =   -567162.4753
 EKCMT  =     14888.1201  VIRIAL  =     14255.4494  VOLUME     =   1813538.2802
 CMAP   =      1204.3836
                                                    Density    =         0.9833
 Ewald error estimate:   0.1434E-04
 ------------------------------------------------------------------------------

 NMR restraints: Bond =    0.000   Angle =     0.000   Torsion =     0.000
===============================================================================

 NSTEP =     7400   TIME(PS) =       7.900  TEMP(K) =   126.67  PRESS =   -18.5
 Etot   =   -516441.8304  EKtot   =     47313.7649  EPtot      =   -563755.5952
 BOND   =      4289.7465  ANGLE   =     15949.5363  DIHED      =     19477.6831
 1-4 NB =      8781.1331  1-4 EEL =     40410.6610  VDWAALS    =     54614.9236
 EELEC  =   -711805.6882  EHBOND  =         0.0000  RESTRAINT  =      3333.9189
 EAMBER (non-restraint)  =   -567089.5141
 EKCMT  =     14884.5277  VIRIAL  =     15610.1452  VOLUME     =   1813500.2141
 CMAP   =      1192.4906
                                                    Density    =         0.9833
 Ewald error estimate:   0.1827E-04
 ------------------------------------------------------------------------------

 NMR restraints: Bond =    0.000   Angle =     0.000   Torsion =     0.000
===============================================================================

 NSTEP =     7500   TIME(PS) =       8.000  TEMP(K) =   127.04  PRESS =     3.4
 Etot   =   -516086.1700  EKtot   =     47450.2493  EPtot      =   -563536.4194
 BOND   =      4306.9627  ANGLE   =     16036.8365  DIHED      =     19506.0753
 1-4 NB =      8757.3933  1-4 EEL =     40293.2158  VDWAALS    =     54675.8354
 EELEC  =   -711635.5674  EHBOND  =         0.0000  RESTRAINT  =      3319.3346
 EAMBER (non-restraint)  =   -566855.7539
 EKCMT  =     14917.3376  VIRIAL  =     14782.3569  VOLUME     =   1813499.4381
 CMAP   =      1203.4946
                                                    Density    =         0.9833
 Ewald error estimate:   0.5295E-04
 ------------------------------------------------------------------------------

 NMR restraints: Bond =    0.000   Angle =     0.000   Torsion =     0.000
===============================================================================

 NSTEP =     7600   TIME(PS) =       8.100  TEMP(K) =   127.12  PRESS =   113.5
 Etot   =   -515894.9748  EKtot   =     47479.2105  EPtot      =   -563374.1853
 BOND   =      4360.2281  ANGLE   =     16057.9142  DIHED      =     19511.4496
 1-4 NB =      8761.7602  1-4 EEL =     40350.7593  VDWAALS    =     54682.1433
 EELEC  =   -711638.4994  EHBOND  =         0.0000  RESTRAINT  =      3354.6318
 EAMBER (non-restraint)  =   -566728.8170
 EKCMT  =     14992.6645  VIRIAL  =     10546.8307  VOLUME     =   1813491.3630
 CMAP   =      1185.4277
                                                    Density    =         0.9833
 Ewald error estimate:   0.4432E-04
 ------------------------------------------------------------------------------

 NMR restraints: Bond =    0.000   Angle =     0.000   Torsion =     0.000
===============================================================================

 NSTEP =     7700   TIME(PS) =       8.200  TEMP(K) =   127.85  PRESS =     3.7
 Etot   =   -515654.4083  EKtot   =     47753.8956  EPtot      =   -563408.3038
 BOND   =      4274.9621  ANGLE   =     16022.9986  DIHED      =     19528.0249
 1-4 NB =      8799.8563  1-4 EEL =     40341.4904  VDWAALS    =     54623.6159
 EELEC  =   -711532.9454  EHBOND  =         0.0000  RESTRAINT  =      3351.5232
 EAMBER (non-restraint)  =   -566759.8270
 EKCMT  =     15092.9085  VIRIAL  =     14947.2989  VOLUME     =   1813705.8899
 CMAP   =      1182.1702
                                                    Density    =         0.9832
 Ewald error estimate:   0.4879E-04
 ------------------------------------------------------------------------------

 NMR restraints: Bond =    0.000   Angle =     0.000   Torsion =     0.000
===============================================================================

 NSTEP =     7800   TIME(PS) =       8.300  TEMP(K) =   128.17  PRESS =    46.1
 Etot   =   -515518.2249  EKtot   =     47873.7370  EPtot      =   -563391.9618
 BOND   =      4356.9891  ANGLE   =     16049.6598  DIHED      =     19513.2080
 1-4 NB =      8776.2818  1-4 EEL =     40385.3033  VDWAALS    =     54427.7638
 EELEC  =   -711429.4230  EHBOND  =         0.0000  RESTRAINT  =      3348.8419
 EAMBER (non-restraint)  =   -566740.8038
 EKCMT  =     15120.1421  VIRIAL  =     13314.9151  VOLUME     =   1813720.6066
 CMAP   =      1179.4133
                                                    Density    =         0.9832
 Ewald error estimate:   0.3605E-04
 ------------------------------------------------------------------------------

 NMR restraints: Bond =    0.000   Angle =     0.000   Torsion =     0.000
===============================================================================

 NSTEP =     7900   TIME(PS) =       8.400  TEMP(K) =   128.56  PRESS =    80.2
 Etot   =   -515295.3260  EKtot   =     48016.7981  EPtot      =   -563312.1240
 BOND   =      4288.1732  ANGLE   =     16133.1246  DIHED      =     19528.1349
 1-4 NB =      8810.3693  1-4 EEL =     40263.7556  VDWAALS    =     54504.1015
 EELEC  =   -711418.1008  EHBOND  =         0.0000  RESTRAINT  =      3378.6873
 EAMBER (non-restraint)  =   -566690.8114
 EKCMT  =     15165.6139  VIRIAL  =     12025.1954  VOLUME     =   1813873.9042
 CMAP   =      1199.6304
                                                    Density    =         0.9831
 Ewald error estimate:   0.4912E-04
 ------------------------------------------------------------------------------

 NMR restraints: Bond =    0.000   Angle =     0.000   Torsion =     0.000
===============================================================================

 NSTEP =     8000   TIME(PS) =       8.500  TEMP(K) =   129.06  PRESS =    68.8
 Etot   =   -514892.2359  EKtot   =     48205.5067  EPtot      =   -563097.7426
 BOND   =      4334.7503  ANGLE   =     16144.8042  DIHED      =     19533.0914
 1-4 NB =      8793.0952  1-4 EEL =     40386.5304  VDWAALS    =     54714.8612
 EELEC  =   -711558.0693  EHBOND  =         0.0000  RESTRAINT  =      3373.3863
 EAMBER (non-restraint)  =   -566471.1290
 EKCMT  =     15179.7708  VIRIAL  =     12483.8335  VOLUME     =   1813981.7239
 CMAP   =      1179.8078
                                                    Density    =         0.9830
 Ewald error estimate:   0.4732E-04
 ------------------------------------------------------------------------------

 NMR restraints: Bond =    0.000   Angle =     0.000   Torsion =     0.000
===============================================================================

 NSTEP =     8100   TIME(PS) =       8.600  TEMP(K) =   129.41  PRESS =   -49.2
 Etot   =   -514709.7135  EKtot   =     48336.3320  EPtot      =   -563046.0454
 BOND   =      4296.6101  ANGLE   =     16191.5090  DIHED      =     19573.7472
 1-4 NB =      8808.2438  1-4 EEL =     40373.1729  VDWAALS    =     54680.5745
 EELEC  =   -711522.3972  EHBOND  =         0.0000  RESTRAINT  =      3376.4164
 EAMBER (non-restraint)  =   -566422.4618
 EKCMT  =     15247.4753  VIRIAL  =     17173.6062  VOLUME     =   1813955.5427
 CMAP   =      1176.0779
                                                    Density    =         0.9831
 Ewald error estimate:   0.5942E-04
 ------------------------------------------------------------------------------

 NMR restraints: Bond =    0.000   Angle =     0.000   Torsion =     0.000
===============================================================================

 NSTEP =     8200   TIME(PS) =       8.700  TEMP(K) =   130.16  PRESS =    69.0
 Etot   =   -514252.7028  EKtot   =     48616.2511  EPtot      =   -562868.9539
 BOND   =      4411.2386  ANGLE   =     16218.0736  DIHED      =     19528.9839
 1-4 NB =      8775.6170  1-4 EEL =     40261.3654  VDWAALS    =     54842.8898
 EELEC  =   -711481.6012  EHBOND  =         0.0000  RESTRAINT  =      3395.6363
 EAMBER (non-restraint)  =   -566264.5902
 EKCMT  =     15295.5351  VIRIAL  =     12592.6315  VOLUME     =   1814236.5419
 CMAP   =      1178.8428
                                                    Density    =         0.9829
 Ewald error estimate:   0.4632E-04
 ------------------------------------------------------------------------------

 NMR restraints: Bond =    0.000   Angle =     0.000   Torsion =     0.000
===============================================================================

 NSTEP =     8300   TIME(PS) =       8.800  TEMP(K) =   130.03  PRESS =    57.0
 Etot   =   -514058.9873  EKtot   =     48566.0327  EPtot      =   -562625.0200
 BOND   =      4404.9283  ANGLE   =     16206.4864  DIHED      =     19513.2627
 1-4 NB =      8804.6105  1-4 EEL =     40376.1663  VDWAALS    =     54786.8971
 EELEC  =   -711317.0203  EHBOND  =         0.0000  RESTRAINT  =      3415.8509
 EAMBER (non-restraint)  =   -566040.8710
 EKCMT  =     15224.1160  VIRIAL  =     12989.5534  VOLUME     =   1814550.7182
 CMAP   =      1183.7981
                                                    Density    =         0.9827
 Ewald error estimate:   0.5245E-04
 ------------------------------------------------------------------------------

 NMR restraints: Bond =    0.000   Angle =     0.000   Torsion =     0.000
===============================================================================

 NSTEP =     8400   TIME(PS) =       8.900  TEMP(K) =   130.72  PRESS =     0.8
 Etot   =   -513831.6369  EKtot   =     48823.5181  EPtot      =   -562655.1550
 BOND   =      4394.7083  ANGLE   =     16310.7771  DIHED      =     19502.1953
 1-4 NB =      8765.8133  1-4 EEL =     40371.1768  VDWAALS    =     54704.8390
 EELEC  =   -711281.9471  EHBOND  =         0.0000  RESTRAINT  =      3374.5357
 EAMBER (non-restraint)  =   -566029.6908
 EKCMT  =     15327.0837  VIRIAL  =     15297.3974  VOLUME     =   1814651.0662
 CMAP   =      1202.7467
                                                    Density    =         0.9827
 Ewald error estimate:   0.1170E-04
 ------------------------------------------------------------------------------

 NMR restraints: Bond =    0.000   Angle =     0.000   Torsion =     0.000
===============================================================================

 NSTEP =     8500   TIME(PS) =       9.000  TEMP(K) =   131.14  PRESS =    19.2
 Etot   =   -513703.6669  EKtot   =     48980.2011  EPtot      =   -562683.8679
 BOND   =      4377.1758  ANGLE   =     16200.8983  DIHED      =     19538.4213
 1-4 NB =      8784.1266  1-4 EEL =     40326.2558  VDWAALS    =     54516.2633
 EELEC  =   -711042.9009  EHBOND  =         0.0000  RESTRAINT  =      3413.7813
 EAMBER (non-restraint)  =   -566097.6493
 EKCMT  =     15427.8329  VIRIAL  =     14675.4424  VOLUME     =   1814729.6940
 CMAP   =      1202.1106
                                                    Density    =         0.9826
 Ewald error estimate:   0.4664E-04
 ------------------------------------------------------------------------------

 NMR restraints: Bond =    0.000   Angle =     0.000   Torsion =     0.000
===============================================================================

 NSTEP =     8600   TIME(PS) =       9.100  TEMP(K) =   131.36  PRESS =    63.1
 Etot   =   -513423.4099  EKtot   =     49064.4197  EPtot      =   -562487.8296
 BOND   =      4396.3953  ANGLE   =     16327.1132  DIHED      =     19537.4509
 1-4 NB =      8807.4557  1-4 EEL =     40374.3211  VDWAALS    =     54541.6899
 EELEC  =   -711057.7576  EHBOND  =         0.0000  RESTRAINT  =      3397.4750
 EAMBER (non-restraint)  =   -565885.3046
 EKCMT  =     15470.7438  VIRIAL  =     12998.6195  VOLUME     =   1814701.9942
 CMAP   =      1188.0271
                                                    Density    =         0.9827
 Ewald error estimate:   0.1268E-04
 ------------------------------------------------------------------------------

 NMR restraints: Bond =    0.000   Angle =     0.000   Torsion =     0.000
===============================================================================

 NSTEP =     8700   TIME(PS) =       9.200  TEMP(K) =   131.27  PRESS =   -14.8
 Etot   =   -513212.7290  EKtot   =     49029.5814  EPtot      =   -562242.3104
 BOND   =      4434.6604  ANGLE   =     16444.4613  DIHED      =     19523.6794
 1-4 NB =      8777.1673  1-4 EEL =     40292.8593  VDWAALS    =     54314.8265
 EELEC  =   -710696.4506  EHBOND  =         0.0000  RESTRAINT  =      3448.7522
 EAMBER (non-restraint)  =   -565691.0626
 EKCMT  =     15441.5833  VIRIAL  =     16023.3644  VOLUME     =   1814811.6453
 CMAP   =      1217.7338
                                                    Density    =         0.9826
 Ewald error estimate:   0.4555E-04
 ------------------------------------------------------------------------------

 NMR restraints: Bond =    0.000   Angle =     0.000   Torsion =     0.000
===============================================================================

 NSTEP =     8800   TIME(PS) =       9.300  TEMP(K) =   132.00  PRESS =   -55.0
 Etot   =   -512988.3248  EKtot   =     49301.0757  EPtot      =   -562289.4005
 BOND   =      4355.6502  ANGLE   =     16341.6983  DIHED      =     19560.3766
 1-4 NB =      8786.0481  1-4 EEL =     40362.2602  VDWAALS    =     54471.9430
 EELEC  =   -710808.0951  EHBOND  =         0.0000  RESTRAINT  =      3424.3738
 EAMBER (non-restraint)  =   -565713.7743
 EKCMT  =     15521.9245  VIRIAL  =     17676.5647  VOLUME     =   1814900.2301
 CMAP   =      1216.3445
                                                    Density    =         0.9825
 Ewald error estimate:   0.8605E-04
 ------------------------------------------------------------------------------

 NMR restraints: Bond =    0.000   Angle =     0.000   Torsion =     0.000
===============================================================================

 NSTEP =     8900   TIME(PS) =       9.400  TEMP(K) =   132.44  PRESS =    25.8
 Etot   =   -512727.5171  EKtot   =     49466.7279  EPtot      =   -562194.2451
 BOND   =      4430.8828  ANGLE   =     16319.9504  DIHED      =     19509.4338
 1-4 NB =      8820.9735  1-4 EEL =     40408.2678  VDWAALS    =     54355.9165
 EELEC  =   -710667.7388  EHBOND  =         0.0000  RESTRAINT  =      3430.6204
 EAMBER (non-restraint)  =   -565624.8655
 EKCMT  =     15653.2152  VIRIAL  =     14643.9627  VOLUME     =   1814864.7783
 CMAP   =      1197.4485
                                                    Density    =         0.9826
 Ewald error estimate:   0.3753E-04
 ------------------------------------------------------------------------------

 NMR restraints: Bond =    0.000   Angle =     0.000   Torsion =     0.000
===============================================================================

 NSTEP =     9000   TIME(PS) =       9.500  TEMP(K) =   132.72  PRESS =    88.8
 Etot   =   -512384.9589  EKtot   =     49572.3448  EPtot      =   -561957.3037
 BOND   =      4498.8254  ANGLE   =     16421.6009  DIHED      =     19527.1808
 1-4 NB =      8782.4346  1-4 EEL =     40342.6511  VDWAALS    =     54380.5105
 EELEC  =   -710549.5854  EHBOND  =         0.0000  RESTRAINT  =      3430.9857
 EAMBER (non-restraint)  =   -565388.2894
 EKCMT  =     15573.3456  VIRIAL  =     12092.0205  VOLUME     =   1814816.4990
 CMAP   =      1208.0928
                                                    Density    =         0.9826
 Ewald error estimate:   0.3558E-04
 ------------------------------------------------------------------------------

 NMR restraints: Bond =    0.000   Angle =     0.000   Torsion =     0.000
===============================================================================

 NSTEP =     9100   TIME(PS) =       9.600  TEMP(K) =   133.24  PRESS =   -13.2
 Etot   =   -512073.8674  EKtot   =     49767.4647  EPtot      =   -561841.3321
 BOND   =      4448.9750  ANGLE   =     16477.1401  DIHED      =     19534.6438
 1-4 NB =      8787.7029  1-4 EEL =     40314.8874  VDWAALS    =     54407.5702
 EELEC  =   -710497.1491  EHBOND  =         0.0000  RESTRAINT  =      3472.8786
 EAMBER (non-restraint)  =   -565314.2107
 EKCMT  =     15761.4863  VIRIAL  =     16277.9276  VOLUME     =   1814994.9418
 CMAP   =      1212.0189
                                                    Density    =         0.9825
 Ewald error estimate:   0.2649E-04
 ------------------------------------------------------------------------------

 NMR restraints: Bond =    0.000   Angle =     0.000   Torsion =     0.000
===============================================================================

 NSTEP =     9200   TIME(PS) =       9.700  TEMP(K) =   133.79  PRESS =    57.3
 Etot   =   -511809.5282  EKtot   =     49971.3448  EPtot      =   -561780.8731
 BOND   =      4471.0326  ANGLE   =     16437.1439  DIHED      =     19581.8265
 1-4 NB =      8827.5133  1-4 EEL =     40425.5305  VDWAALS    =     54442.8167
 EELEC  =   -710633.8751  EHBOND  =         0.0000  RESTRAINT  =      3472.9127
 EAMBER (non-restraint)  =   -565253.7857
 EKCMT  =     15769.8608  VIRIAL  =     13524.1323  VOLUME     =   1815171.0912
 CMAP   =      1194.2258
                                                    Density    =         0.9824
 Ewald error estimate:   0.6579E-04
 ------------------------------------------------------------------------------

 NMR restraints: Bond =    0.000   Angle =     0.000   Torsion =     0.000
===============================================================================

 NSTEP =     9300   TIME(PS) =       9.800  TEMP(K) =   134.47  PRESS =   123.6
 Etot   =   -511470.5100  EKtot   =     50226.0617  EPtot      =   -561696.5718
 BOND   =      4435.6343  ANGLE   =     16550.1658  DIHED      =     19519.6312
 1-4 NB =      8808.6632  1-4 EEL =     40360.1277  VDWAALS    =     54422.4720
 EELEC  =   -710463.2485  EHBOND  =         0.0000  RESTRAINT  =      3483.4748
 EAMBER (non-restraint)  =   -565180.0465
 EKCMT  =     15870.2149  VIRIAL  =     11027.4992  VOLUME     =   1815316.0308
 CMAP   =      1186.5078
                                                    Density    =         0.9823
 Ewald error estimate:   0.9838E-04
 ------------------------------------------------------------------------------

 NMR restraints: Bond =    0.000   Angle =     0.000   Torsion =     0.000
===============================================================================

 NSTEP =     9400   TIME(PS) =       9.900  TEMP(K) =   134.87  PRESS =   -31.3
 Etot   =   -511119.7960  EKtot   =     50374.3497  EPtot      =   -561494.1456
 BOND   =      4446.1484  ANGLE   =     16615.0295  DIHED      =     19590.0644
 1-4 NB =      8769.8101  1-4 EEL =     40320.1584  VDWAALS    =     54552.9746
 EELEC  =   -710470.1741  EHBOND  =         0.0000  RESTRAINT  =      3477.0486
 EAMBER (non-restraint)  =   -564971.1942
 EKCMT  =     15888.2380  VIRIAL  =     17114.2907  VOLUME     =   1815224.4303
 CMAP   =      1204.7943
                                                    Density    =         0.9824
 Ewald error estimate:   0.2993E-04
 ------------------------------------------------------------------------------

 NMR restraints: Bond =    0.000   Angle =     0.000   Torsion =     0.000
===============================================================================

 NSTEP =     9500   TIME(PS) =      10.000  TEMP(K) =   135.15  PRESS =    -3.7
 Etot   =   -510749.4792  EKtot   =     50477.5686  EPtot      =   -561227.0478
 BOND   =      4441.7173  ANGLE   =     16632.7614  DIHED      =     19566.1712
 1-4 NB =      8810.9510  1-4 EEL =     40382.1454  VDWAALS    =     54449.3349
 EELEC  =   -710228.2124  EHBOND  =         0.0000  RESTRAINT  =      3516.0241
 EAMBER (non-restraint)  =   -564743.0719
 EKCMT  =     15922.5125  VIRIAL  =     16069.4448  VOLUME     =   1815086.5246
 CMAP   =      1202.0593
                                                    Density    =         0.9824
 Ewald error estimate:   0.5047E-04
 ------------------------------------------------------------------------------

 NMR restraints: Bond =    0.000   Angle =     0.000   Torsion =     0.000
===============================================================================

 NSTEP =     9600   TIME(PS) =      10.100  TEMP(K) =   135.39  PRESS =    31.8
 Etot   =   -510564.9814  EKtot   =     50569.6081  EPtot      =   -561134.5895
 BOND   =      4503.6040  ANGLE   =     16676.3644  DIHED      =     19555.0754
 1-4 NB =      8811.6604  1-4 EEL =     40274.8547  VDWAALS    =     54149.1448
 EELEC  =   -709778.3732  EHBOND  =         0.0000  RESTRAINT  =      3495.7210
 EAMBER (non-restraint)  =   -564630.3104
 EKCMT  =     15954.1287  VIRIAL  =     14708.6641  VOLUME     =   1815311.7203
 CMAP   =      1177.3591
                                                    Density    =         0.9823
 Ewald error estimate:   0.2994E-04
 ------------------------------------------------------------------------------

 NMR restraints: Bond =    0.000   Angle =     0.000   Torsion =     0.000
===============================================================================

 NSTEP =     9700   TIME(PS) =      10.200  TEMP(K) =   136.24  PRESS =   -56.5
 Etot   =   -510252.9065  EKtot   =     50885.1512  EPtot      =   -561138.0577
 BOND   =      4507.9300  ANGLE   =     16659.1304  DIHED      =     19561.0970
 1-4 NB =      8787.6774  1-4 EEL =     40258.7355  VDWAALS    =     54259.5032
 EELEC  =   -709938.7997  EHBOND  =         0.0000  RESTRAINT  =      3553.4532
 EAMBER (non-restraint)  =   -564691.5109
 EKCMT  =     16059.1014  VIRIAL  =     18272.5354  VOLUME     =   1815330.5805
 CMAP   =      1213.2153
                                                    Density    =         0.9823
 Ewald error estimate:   0.2836E-04
 ------------------------------------------------------------------------------

 NMR restraints: Bond =    0.000   Angle =     0.000   Torsion =     0.000
===============================================================================

 NSTEP =     9800   TIME(PS) =      10.300  TEMP(K) =   135.88  PRESS =    30.9
 Etot   =   -510077.7882  EKtot   =     50753.6525  EPtot      =   -560831.4407
 BOND   =      4490.1253  ANGLE   =     16576.3950  DIHED      =     19586.9199
 1-4 NB =      8805.0585  1-4 EEL =     40497.5638  VDWAALS    =     54193.5387
 EELEC  =   -709726.6411  EHBOND  =         0.0000  RESTRAINT  =      3541.3321
 EAMBER (non-restraint)  =   -564372.7728
 EKCMT  =     15925.4857  VIRIAL  =     14716.1694  VOLUME     =   1815364.3990
 CMAP   =      1204.2671
                                                    Density    =         0.9823
 Ewald error estimate:   0.4630E-04
 ------------------------------------------------------------------------------

 NMR restraints: Bond =    0.000   Angle =     0.000   Torsion =     0.000
===============================================================================

 NSTEP =     9900   TIME(PS) =      10.400  TEMP(K) =   136.32  PRESS =   108.2
 Etot   =   -509848.5918  EKtot   =     50918.1167  EPtot      =   -560766.7085
 BOND   =      4613.5752  ANGLE   =     16689.7732  DIHED      =     19606.2061
 1-4 NB =      8781.0843  1-4 EEL =     40269.5042  VDWAALS    =     53961.8102
 EELEC  =   -709400.8565  EHBOND  =         0.0000  RESTRAINT  =      3515.1767
 EAMBER (non-restraint)  =   -564281.8851
 EKCMT  =     16078.1386  VIRIAL  =     11834.8338  VOLUME     =   1815562.1970
 CMAP   =      1197.0183
                                                    Density    =         0.9822
 Ewald error estimate:   0.4432E-04
 ------------------------------------------------------------------------------

 NMR restraints: Bond =    0.000   Angle =     0.000   Torsion =     0.000
===============================================================================

 NSTEP =    10000   TIME(PS) =      10.500  TEMP(K) =   137.04  PRESS =    18.1
 Etot   =   -509650.7696  EKtot   =     51185.4181  EPtot      =   -560836.1877
 BOND   =      4461.0340  ANGLE   =     16604.4088  DIHED      =     19579.5171
 1-4 NB =      8818.2305  1-4 EEL =     40419.7264  VDWAALS    =     54126.9488
 EELEC  =   -709624.3210  EHBOND  =         0.0000  RESTRAINT  =      3565.9076
 EAMBER (non-restraint)  =   -564402.0952
 EKCMT  =     16108.4408  VIRIAL  =     15400.7826  VOLUME     =   1815519.3409
 CMAP   =      1212.3602
                                                    Density    =         0.9822
 Ewald error estimate:   0.6760E-05
 ------------------------------------------------------------------------------

 NMR restraints: Bond =    0.000   Angle =     0.000   Torsion =     0.000
===============================================================================

 NSTEP =    10100   TIME(PS) =      10.600  TEMP(K) =   137.27  PRESS =    11.5
 Etot   =   -509327.5700  EKtot   =     51271.8571  EPtot      =   -560599.4271
 BOND   =      4537.8920  ANGLE   =     16774.7924  DIHED      =     19594.8465
 1-4 NB =      8813.0399  1-4 EEL =     40267.8418  VDWAALS    =     54328.0673
 EELEC  =   -709704.6868  EHBOND  =         0.0000  RESTRAINT  =      3583.1906
 EAMBER (non-restraint)  =   -564182.6177
 EKCMT  =     16222.0476  VIRIAL  =     15772.5886  VOLUME     =   1815642.3543
 CMAP   =      1205.5892
                                                    Density    =         0.9821
 Ewald error estimate:   0.4914E-04
 ------------------------------------------------------------------------------

 NMR restraints: Bond =    0.000   Angle =     0.000   Torsion =     0.000
===============================================================================

 NSTEP =    10200   TIME(PS) =      10.700  TEMP(K) =   137.97  PRESS =   -27.9
 Etot   =   -509120.7155  EKtot   =     51532.5667  EPtot      =   -560653.2822
 BOND   =      4525.0683  ANGLE   =     16739.8545  DIHED      =     19605.1642
 1-4 NB =      8806.3035  1-4 EEL =     40368.3061  VDWAALS    =     54090.2584
 EELEC  =   -709547.8808  EHBOND  =         0.0000  RESTRAINT  =      3567.6597
 EAMBER (non-restraint)  =   -564220.9419
 EKCMT  =     16185.2587  VIRIAL  =     17278.8995  VOLUME     =   1815702.4850
 CMAP   =      1191.9841
                                                    Density    =         0.9821
 Ewald error estimate:   0.5266E-04
 ------------------------------------------------------------------------------

 NMR restraints: Bond =    0.000   Angle =     0.000   Torsion =     0.000
===============================================================================

 NSTEP =    10300   TIME(PS) =      10.800  TEMP(K) =   138.00  PRESS =   -38.2
 Etot   =   -508794.9959  EKtot   =     51544.8349  EPtot      =   -560339.8308
 BOND   =      4542.1383  ANGLE   =     16879.2885  DIHED      =     19572.4712
 1-4 NB =      8789.8172  1-4 EEL =     40334.5947  VDWAALS    =     53904.8208
 EELEC  =   -709128.6110  EHBOND  =         0.0000  RESTRAINT  =      3553.7345
 EAMBER (non-restraint)  =   -563893.5653
 EKCMT  =     16226.9516  VIRIAL  =     17725.4200  VOLUME     =   1815756.0037
 CMAP   =      1211.9151
                                                    Density    =         0.9821
 Ewald error estimate:   0.3916E-04
 ------------------------------------------------------------------------------

 NMR restraints: Bond =    0.000   Angle =     0.000   Torsion =     0.000
===============================================================================

 NSTEP =    10400   TIME(PS) =      10.900  TEMP(K) =   138.71  PRESS =   -73.4
 Etot   =   -508405.8620  EKtot   =     51809.7945  EPtot      =   -560215.6565
 BOND   =      4623.8928  ANGLE   =     16899.9154  DIHED      =     19522.1858
 1-4 NB =      8776.3988  1-4 EEL =     40256.1099  VDWAALS    =     53946.2375
 EELEC  =   -709020.6226  EHBOND  =         0.0000  RESTRAINT  =      3582.5175
 EAMBER (non-restraint)  =   -563798.1741
 EKCMT  =     16327.2687  VIRIAL  =     19205.6779  VOLUME     =   1815641.1033
 CMAP   =      1197.7083
                                                    Density    =         0.9821
 Ewald error estimate:   0.7777E-04
 ------------------------------------------------------------------------------

 NMR restraints: Bond =    0.000   Angle =     0.000   Torsion =     0.000
===============================================================================

 NSTEP =    10500   TIME(PS) =      11.000  TEMP(K) =   139.10  PRESS =   -68.0
 Etot   =   -508122.3569  EKtot   =     51953.6707  EPtot      =   -560076.0275
 BOND   =      4562.1430  ANGLE   =     16923.3726  DIHED      =     19604.0343
 1-4 NB =      8792.7139  1-4 EEL =     40311.4320  VDWAALS    =     53702.4337
 EELEC  =   -708782.5004  EHBOND  =         0.0000  RESTRAINT  =      3617.9996
 EAMBER (non-restraint)  =   -563694.0271
 EKCMT  =     16374.8539  VIRIAL  =     19040.1085  VOLUME     =   1815605.1213
 CMAP   =      1192.3438
                                                    Density    =         0.9822
 Ewald error estimate:   0.6837E-04
 ------------------------------------------------------------------------------

 NMR restraints: Bond =    0.000   Angle =     0.000   Torsion =     0.000
===============================================================================

 NSTEP =    10600   TIME(PS) =      11.100  TEMP(K) =   139.48  PRESS =   -17.7
 Etot   =   -507838.0798  EKtot   =     52095.6115  EPtot      =   -559933.6913
 BOND   =      4619.4261  ANGLE   =     16838.2178  DIHED      =     19571.4575
 1-4 NB =      8786.1806  1-4 EEL =     40273.3961  VDWAALS    =     54063.0636
 EELEC  =   -708875.2410  EHBOND  =         0.0000  RESTRAINT  =      3600.3983
 EAMBER (non-restraint)  =   -563534.0896
 EKCMT  =     16332.0312  VIRIAL  =     17024.0053  VOLUME     =   1815517.5507
 CMAP   =      1189.4097
                                                    Density    =         0.9822
 Ewald error estimate:   0.8914E-04
 ------------------------------------------------------------------------------

 NMR restraints: Bond =    0.000   Angle =     0.000   Torsion =     0.000
===============================================================================

 NSTEP =    10700   TIME(PS) =      11.200  TEMP(K) =   139.93  PRESS =   126.5
 Etot   =   -507649.6672  EKtot   =     52262.9595  EPtot      =   -559912.6268
 BOND   =      4598.3550  ANGLE   =     16911.6482  DIHED      =     19554.4513
 1-4 NB =      8806.6150  1-4 EEL =     40317.0545  VDWAALS    =     53846.7915
 EELEC  =   -708750.5609  EHBOND  =         0.0000  RESTRAINT  =      3609.0044
 EAMBER (non-restraint)  =   -563521.6312
 EKCMT  =     16403.6276  VIRIAL  =     11445.8815  VOLUME     =   1815657.6131
 CMAP   =      1194.0142
                                                    Density    =         0.9821
 Ewald error estimate:   0.9608E-05
 ------------------------------------------------------------------------------

 NMR restraints: Bond =    0.000   Angle =     0.000   Torsion =     0.000
===============================================================================

 NSTEP =    10800   TIME(PS) =      11.300  TEMP(K) =   139.99  PRESS =    29.4
 Etot   =   -507328.2315  EKtot   =     52287.5802  EPtot      =   -559615.8116
 BOND   =      4602.6998  ANGLE   =     16952.4061  DIHED      =     19610.5976
 1-4 NB =      8824.0528  1-4 EEL =     40392.2099  VDWAALS    =     53919.1551
 EELEC  =   -708756.3783  EHBOND  =         0.0000  RESTRAINT  =      3643.8913
 EAMBER (non-restraint)  =   -563259.7030
 EKCMT  =     16438.6943  VIRIAL  =     15285.6174  VOLUME     =   1815643.3417
 CMAP   =      1195.5542
                                                    Density    =         0.9821
 Ewald error estimate:   0.3283E-04
 ------------------------------------------------------------------------------

 NMR restraints: Bond =    0.000   Angle =     0.000   Torsion =     0.000
===============================================================================

 NSTEP =    10900   TIME(PS) =      11.400  TEMP(K) =   140.32  PRESS =    86.0
 Etot   =   -507097.0850  EKtot   =     52412.3038  EPtot      =   -559509.3888
 BOND   =      4570.3080  ANGLE   =     17068.6416  DIHED      =     19605.5279
 1-4 NB =      8812.8559  1-4 EEL =     40226.5304  VDWAALS    =     53673.3572
 EELEC  =   -708316.6809  EHBOND  =         0.0000  RESTRAINT  =      3642.4330
 EAMBER (non-restraint)  =   -563151.8218
 EKCMT  =     16485.0340  VIRIAL  =     13115.0302  VOLUME     =   1815678.6813
 CMAP   =      1207.6382
                                                    Density    =         0.9821
 Ewald error estimate:   0.5008E-04
 ------------------------------------------------------------------------------

 NMR restraints: Bond =    0.000   Angle =     0.000   Torsion =     0.000
===============================================================================

 NSTEP =    11000   TIME(PS) =      11.500  TEMP(K) =   141.00  PRESS =    29.5
 Etot   =   -506856.9559  EKtot   =     52666.1541  EPtot      =   -559523.1101
 BOND   =      4577.5945  ANGLE   =     17050.5491  DIHED      =     19592.0471
 1-4 NB =      8806.3786  1-4 EEL =     40266.7041  VDWAALS    =     53821.7107
 EELEC  =   -708482.0804  EHBOND  =         0.0000  RESTRAINT  =      3630.5766
 EAMBER (non-restraint)  =   -563153.6867
 EKCMT  =     16610.0632  VIRIAL  =     15454.7292  VOLUME     =   1815749.2527
 CMAP   =      1213.4095
                                                    Density    =         0.9821
 Ewald error estimate:   0.5094E-04
 ------------------------------------------------------------------------------

 NMR restraints: Bond =    0.000   Angle =     0.000   Torsion =     0.000
===============================================================================

 NSTEP =    11100   TIME(PS) =      11.600  TEMP(K) =   141.60  PRESS =    62.0
 Etot   =   -506729.9437  EKtot   =     52890.0979  EPtot      =   -559620.0416
 BOND   =      4621.5999  ANGLE   =     16896.4721  DIHED      =     19591.6593
 1-4 NB =      8822.3814  1-4 EEL =     40398.3261  VDWAALS    =     53669.0212
 EELEC  =   -708433.3136  EHBOND  =         0.0000  RESTRAINT  =      3633.2196
 EAMBER (non-restraint)  =   -563253.2612
 EKCMT  =     16627.7719  VIRIAL  =     14196.0167  VOLUME     =   1815763.3452
 CMAP   =      1180.5925
                                                    Density    =         0.9821
 Ewald error estimate:   0.5800E-04
 ------------------------------------------------------------------------------

 NMR restraints: Bond =    0.000   Angle =     0.000   Torsion =     0.000
===============================================================================

 NSTEP =    11200   TIME(PS) =      11.700  TEMP(K) =   141.43  PRESS =    83.2
 Etot   =   -506355.1143  EKtot   =     52826.5036  EPtot      =   -559181.6180
 BOND   =      4671.3219  ANGLE   =     17066.5775  DIHED      =     19636.6772
 1-4 NB =      8817.4558  1-4 EEL =     40337.6773  VDWAALS    =     53493.1665
 EELEC  =   -708077.7048  EHBOND  =         0.0000  RESTRAINT  =      3672.1965
 EAMBER (non-restraint)  =   -562853.8145
 EKCMT  =     16674.4338  VIRIAL  =     13410.6975  VOLUME     =   1815922.1593
 CMAP   =      1201.0142
                                                    Density    =         0.9820
 Ewald error estimate:   0.5431E-04
 ------------------------------------------------------------------------------

 NMR restraints: Bond =    0.000   Angle =     0.000   Torsion =     0.000
===============================================================================

 NSTEP =    11300   TIME(PS) =      11.800  TEMP(K) =   141.59  PRESS =   -26.0
 Etot   =   -506134.0178  EKtot   =     52885.8610  EPtot      =   -559019.8788
 BOND   =      4653.5713  ANGLE   =     17100.4846  DIHED      =     19649.6136
 1-4 NB =      8809.9646  1-4 EEL =     40313.8150  VDWAALS    =     53334.7259
 EELEC  =   -707796.8711  EHBOND  =         0.0000  RESTRAINT  =      3701.7467
 EAMBER (non-restraint)  =   -562721.6255
 EKCMT  =     16565.8167  VIRIAL  =     17586.8762  VOLUME     =   1815818.3361
 CMAP   =      1213.0706
                                                    Density    =         0.9820
 Ewald error estimate:   0.5733E-04
 ------------------------------------------------------------------------------

 NMR restraints: Bond =    0.000   Angle =     0.000   Torsion =     0.000
===============================================================================

 NSTEP =    11400   TIME(PS) =      11.900  TEMP(K) =   142.38  PRESS =   -17.4
 Etot   =   -505802.3889  EKtot   =     53178.8006  EPtot      =   -558981.1895
 BOND   =      4679.7687  ANGLE   =     17179.2893  DIHED      =     19635.2359
 1-4 NB =      8808.6597  1-4 EEL =     40139.5425  VDWAALS    =     53237.3948
 EELEC  =   -707558.4091  EHBOND  =         0.0000  RESTRAINT  =      3718.1039
 EAMBER (non-restraint)  =   -562699.2934
 EKCMT  =     16739.6408  VIRIAL  =     17422.5495  VOLUME     =   1815750.6327
 CMAP   =      1179.2248
                                                    Density    =         0.9821
 Ewald error estimate:   0.6075E-04
 ------------------------------------------------------------------------------

 NMR restraints: Bond =    0.000   Angle =     0.000   Torsion =     0.000
===============================================================================

 NSTEP =    11500   TIME(PS) =      12.000  TEMP(K) =   143.05  PRESS =    10.3
 Etot   =   -505432.8053  EKtot   =     53431.0837  EPtot      =   -558863.8890
 BOND   =      4692.0403  ANGLE   =     17120.5652  DIHED      =     19644.2739
 1-4 NB =      8846.9206  1-4 EEL =     40302.2260  VDWAALS    =     53740.2689
 EELEC  =   -708099.9479  EHBOND  =         0.0000  RESTRAINT  =      3708.6337
 EAMBER (non-restraint)  =   -562572.5227
 EKCMT  =     16806.3343  VIRIAL  =     16402.9364  VOLUME     =   1815801.8363
 CMAP   =      1181.1304
                                                    Density    =         0.9821
 Ewald error estimate:   0.3921E-04
 ------------------------------------------------------------------------------

 NMR restraints: Bond =    0.000   Angle =     0.000   Torsion =     0.000
===============================================================================

 NSTEP =    11600   TIME(PS) =      12.100  TEMP(K) =   143.14  PRESS =    25.5
 Etot   =   -505115.3621  EKtot   =     53464.4091  EPtot      =   -558579.7712
 BOND   =      4760.4902  ANGLE   =     17251.5432  DIHED      =     19631.3781
 1-4 NB =      8825.9482  1-4 EEL =     40357.4256  VDWAALS    =     53363.2005
 EELEC  =   -707629.5491  EHBOND  =         0.0000  RESTRAINT  =      3654.5878
 EAMBER (non-restraint)  =   -562234.3590
 EKCMT  =     16814.3296  VIRIAL  =     15813.6194  VOLUME     =   1816102.2456
 CMAP   =      1205.2043
                                                    Density    =         0.9819
 Ewald error estimate:   0.3660E-04
 ------------------------------------------------------------------------------

 NMR restraints: Bond =    0.000   Angle =     0.000   Torsion =     0.000
===============================================================================

 NSTEP =    11700   TIME(PS) =      12.200  TEMP(K) =   143.62  PRESS =    -6.3
 Etot   =   -504807.7004  EKtot   =     53643.4527  EPtot      =   -558451.1531
 BOND   =      4671.9737  ANGLE   =     17223.8474  DIHED      =     19648.2310
 1-4 NB =      8804.4541  1-4 EEL =     40224.3790  VDWAALS    =     53619.2444
 EELEC  =   -707575.5099  EHBOND  =         0.0000  RESTRAINT  =      3735.5994
 EAMBER (non-restraint)  =   -562186.7526
 EKCMT  =     16766.1448  VIRIAL  =     17012.6605  VOLUME     =   1816192.7760
 CMAP   =      1196.6278
                                                    Density    =         0.9818
 Ewald error estimate:   0.6021E-04
 ------------------------------------------------------------------------------

 NMR restraints: Bond =    0.000   Angle =     0.000   Torsion =     0.000
===============================================================================

 NSTEP =    11800   TIME(PS) =      12.300  TEMP(K) =   144.14  PRESS =   -22.0
 Etot   =   -504585.7042  EKtot   =     53836.6205  EPtot      =   -558422.3247
 BOND   =      4674.8459  ANGLE   =     17334.0236  DIHED      =     19678.5065
 1-4 NB =      8820.4376  1-4 EEL =     40325.9707  VDWAALS    =     53492.4305
 EELEC  =   -707638.9306  EHBOND  =         0.0000  RESTRAINT  =      3686.7297
 EAMBER (non-restraint)  =   -562109.0544
 EKCMT  =     16843.1826  VIRIAL  =     17704.3331  VOLUME     =   1816215.7354
 CMAP   =      1203.6615
                                                    Density    =         0.9818
 Ewald error estimate:   0.6588E-04
 ------------------------------------------------------------------------------

 NMR restraints: Bond =    0.000   Angle =     0.000   Torsion =     0.000
===============================================================================

 NSTEP =    11900   TIME(PS) =      12.400  TEMP(K) =   144.23  PRESS =    31.4
 Etot   =   -504261.1440  EKtot   =     53869.7513  EPtot      =   -558130.8953
 BOND   =      4729.3421  ANGLE   =     17334.6359  DIHED      =     19660.8173
 1-4 NB =      8853.9565  1-4 EEL =     40361.4024  VDWAALS    =     53559.4090
 EELEC  =   -707562.4851  EHBOND  =         0.0000  RESTRAINT  =      3729.6341
 EAMBER (non-restraint)  =   -561860.5294
 EKCMT  =     16888.8391  VIRIAL  =     15657.9469  VOLUME     =   1816312.9358
 CMAP   =      1202.3926
                                                    Density    =         0.9818
 Ewald error estimate:   0.2749E-04
 ------------------------------------------------------------------------------

 NMR restraints: Bond =    0.000   Angle =     0.000   Torsion =     0.000
===============================================================================

 NSTEP =    12000   TIME(PS) =      12.500  TEMP(K) =   144.74  PRESS =    32.0
 Etot   =   -503888.0982  EKtot   =     54063.0987  EPtot      =   -557951.1969
 BOND   =      4747.4811  ANGLE   =     17359.7841  DIHED      =     19654.0872
 1-4 NB =      8874.7813  1-4 EEL =     40466.0360  VDWAALS    =     53070.6630
 EELEC  =   -707063.2686  EHBOND  =         0.0000  RESTRAINT  =      3731.9884
 EAMBER (non-restraint)  =   -561683.1853
 EKCMT  =     16947.1719  VIRIAL  =     15693.9953  VOLUME     =   1816360.7130
 CMAP   =      1207.2507
                                                    Density    =         0.9818
 Ewald error estimate:   0.3816E-04
 ------------------------------------------------------------------------------

 NMR restraints: Bond =    0.000   Angle =     0.000   Torsion =     0.000
===============================================================================

 NSTEP =    12100   TIME(PS) =      12.600  TEMP(K) =   145.54  PRESS =   -89.9
 Etot   =   -503722.0727  EKtot   =     54358.5412  EPtot      =   -558080.6139
 BOND   =      4765.1327  ANGLE   =     17327.8370  DIHED      =     19664.6440
 1-4 NB =      8808.8524  1-4 EEL =     40314.4723  VDWAALS    =     53234.6245
 EELEC  =   -707148.8902  EHBOND  =         0.0000  RESTRAINT  =      3741.3560
 EAMBER (non-restraint)  =   -561821.9700
 EKCMT  =     17021.5601  VIRIAL  =     20545.3330  VOLUME     =   1816217.5867
 CMAP   =      1211.3573
                                                    Density    =         0.9818
 Ewald error estimate:   0.5368E-04
 ------------------------------------------------------------------------------

 NMR restraints: Bond =    0.000   Angle =     0.000   Torsion =     0.000
===============================================================================

 NSTEP =    12200   TIME(PS) =      12.700  TEMP(K) =   145.66  PRESS =    44.2
 Etot   =   -503500.5687  EKtot   =     54404.6375  EPtot      =   -557905.2062
 BOND   =      4749.0988  ANGLE   =     17338.4155  DIHED      =     19622.6247
 1-4 NB =      8847.5509  1-4 EEL =     40313.5660  VDWAALS    =     53187.0706
 EELEC  =   -706931.7339  EHBOND  =         0.0000  RESTRAINT  =      3754.7585
 EAMBER (non-restraint)  =   -561659.9647
 EKCMT  =     17046.8034  VIRIAL  =     15313.4227  VOLUME     =   1816359.0419
 CMAP   =      1213.4427
                                                    Density    =         0.9818
 Ewald error estimate:   0.5677E-04
 ------------------------------------------------------------------------------

 NMR restraints: Bond =    0.000   Angle =     0.000   Torsion =     0.000
===============================================================================

 NSTEP =    12300   TIME(PS) =      12.800  TEMP(K) =   146.16  PRESS =   -53.5
 Etot   =   -503139.8102  EKtot   =     54590.4262  EPtot      =   -557730.2365
 BOND   =      4805.4796  ANGLE   =     17313.6168  DIHED      =     19695.4829
 1-4 NB =      8819.9841  1-4 EEL =     40408.2616  VDWAALS    =     52779.2172
 EELEC  =   -706489.0347  EHBOND  =         0.0000  RESTRAINT  =      3740.9432
 EAMBER (non-restraint)  =   -561471.1797
 EKCMT  =     17165.5874  VIRIAL  =     19263.1668  VOLUME     =   1816214.0927
 CMAP   =      1195.8127
                                                    Density    =         0.9818
 Ewald error estimate:   0.9632E-04
 ------------------------------------------------------------------------------

 NMR restraints: Bond =    0.000   Angle =     0.000   Torsion =     0.000
===============================================================================

 NSTEP =    12400   TIME(PS) =      12.900  TEMP(K) =   146.10  PRESS =    49.8
 Etot   =   -502892.5793  EKtot   =     54570.8405  EPtot      =   -557463.4199
 BOND   =      4840.1084  ANGLE   =     17431.1253  DIHED      =     19630.7519
 1-4 NB =      8779.8928  1-4 EEL =     40206.9746  VDWAALS    =     52829.6532
 EELEC  =   -706150.1693  EHBOND  =         0.0000  RESTRAINT  =      3764.2243
 EAMBER (non-restraint)  =   -561227.6442
 EKCMT  =     17091.5081  VIRIAL  =     15137.1578  VOLUME     =   1816149.5752
 CMAP   =      1204.0188
                                                    Density    =         0.9819
 Ewald error estimate:   0.7398E-04
 ------------------------------------------------------------------------------

 NMR restraints: Bond =    0.000   Angle =     0.000   Torsion =     0.000
===============================================================================

 NSTEP =    12500   TIME(PS) =      13.000  TEMP(K) =   146.53  PRESS =    21.9
 Etot   =   -502662.1654  EKtot   =     54729.2105  EPtot      =   -557391.3759
 BOND   =      4785.4835  ANGLE   =     17456.8985  DIHED      =     19636.8500
 1-4 NB =      8804.2778  1-4 EEL =     40359.1890  VDWAALS    =     52893.2350
 EELEC  =   -706357.0480  EHBOND  =         0.0000  RESTRAINT  =      3814.6956
 EAMBER (non-restraint)  =   -561206.0716
 EKCMT  =     17071.4332  VIRIAL  =     16211.3731  VOLUME     =   1815928.8650
 CMAP   =      1215.0426
                                                    Density    =         0.9820
 Ewald error estimate:   0.7474E-04
 ------------------------------------------------------------------------------

 NMR restraints: Bond =    0.000   Angle =     0.000   Torsion =     0.000
===============================================================================

 NSTEP =    12600   TIME(PS) =      13.100  TEMP(K) =   147.45  PRESS =    26.3
 Etot   =   -502421.5948  EKtot   =     55073.6872  EPtot      =   -557495.2820
 BOND   =      4817.6468  ANGLE   =     17449.0909  DIHED      =     19694.8156
 1-4 NB =      8827.3970  1-4 EEL =     40263.4468  VDWAALS    =     52983.9605
 EELEC  =   -706500.6641  EHBOND  =         0.0000  RESTRAINT  =      3766.9778
 EAMBER (non-restraint)  =   -561262.2599
 EKCMT  =     17161.8972  VIRIAL  =     16130.0256  VOLUME     =   1816017.2541
 CMAP   =      1202.0467
                                                    Density    =         0.9819
 Ewald error estimate:   0.4937E-04
 ------------------------------------------------------------------------------

 NMR restraints: Bond =    0.000   Angle =     0.000   Torsion =     0.000
===============================================================================

 NSTEP =    12700   TIME(PS) =      13.200  TEMP(K) =   147.67  PRESS =    28.6
 Etot   =   -502099.1311  EKtot   =     55154.6605  EPtot      =   -557253.7916
 BOND   =      4759.7485  ANGLE   =     17563.4547  DIHED      =     19676.7978
 1-4 NB =      8856.2689  1-4 EEL =     40298.6440  VDWAALS    =     53237.5507
 EELEC  =   -706685.1303  EHBOND  =         0.0000  RESTRAINT  =      3836.9540
 EAMBER (non-restraint)  =   -561090.7456
 EKCMT  =     17244.1441  VIRIAL  =     16122.9688  VOLUME     =   1816081.6809
 CMAP   =      1201.9201
                                                    Density    =         0.9819
 Ewald error estimate:   0.9422E-04
 ------------------------------------------------------------------------------

 NMR restraints: Bond =    0.000   Angle =     0.000   Torsion =     0.000
===============================================================================

 NSTEP =    12800   TIME(PS) =      13.300  TEMP(K) =   147.89  PRESS =    22.1
 Etot   =   -501925.6760  EKtot   =     55236.5442  EPtot      =   -557162.2202
 BOND   =      4822.9025  ANGLE   =     17479.8297  DIHED      =     19645.9320
 1-4 NB =      8827.5516  1-4 EEL =     40278.7819  VDWAALS    =     53074.6891
 EELEC  =   -706294.6159  EHBOND  =         0.0000  RESTRAINT  =      3802.0230
 EAMBER (non-restraint)  =   -560964.2432
 EKCMT  =     17246.8234  VIRIAL  =     16381.8846  VOLUME     =   1816127.1958
 CMAP   =      1200.6859
                                                    Density    =         0.9819
 Ewald error estimate:   0.5118E-04
 ------------------------------------------------------------------------------

 NMR restraints: Bond =    0.000   Angle =     0.000   Torsion =     0.000
===============================================================================

 NSTEP =    12900   TIME(PS) =      13.400  TEMP(K) =   148.55  PRESS =    19.0
 Etot   =   -501605.5214  EKtot   =     55482.7888  EPtot      =   -557088.3102
 BOND   =      4772.6103  ANGLE   =     17655.2867  DIHED      =     19657.1450
 1-4 NB =      8790.7428  1-4 EEL =     40353.0019  VDWAALS    =     53144.5918
 EELEC  =   -706464.7852  EHBOND  =         0.0000  RESTRAINT  =      3808.3629
 EAMBER (non-restraint)  =   -560896.6731
 EKCMT  =     17313.2693  VIRIAL  =     16567.8829  VOLUME     =   1816156.5244
 CMAP   =      1194.7335
                                                    Density    =         0.9819
 Ewald error estimate:   0.6198E-04
 ------------------------------------------------------------------------------

 NMR restraints: Bond =    0.000   Angle =     0.000   Torsion =     0.000
===============================================================================

 NSTEP =    13000   TIME(PS) =      13.500  TEMP(K) =   148.70  PRESS =    17.5
 Etot   =   -501278.6093  EKtot   =     55539.9781  EPtot      =   -556818.5874
 BOND   =      4818.2564  ANGLE   =     17599.7177  DIHED      =     19696.6965
 1-4 NB =      8807.1874  1-4 EEL =     40346.4597  VDWAALS    =     52945.4462
 EELEC  =   -706030.9409  EHBOND  =         0.0000  RESTRAINT  =      3799.0284
 EAMBER (non-restraint)  =   -560617.6158
 EKCMT  =     17418.6884  VIRIAL  =     16732.8963  VOLUME     =   1816315.3200
 CMAP   =      1199.5612
                                                    Density    =         0.9818
 Ewald error estimate:   0.3074E-04
 ------------------------------------------------------------------------------

 NMR restraints: Bond =    0.000   Angle =     0.000   Torsion =     0.000
===============================================================================

 NSTEP =    13100   TIME(PS) =      13.600  TEMP(K) =   149.48  PRESS =    42.2
 Etot   =   -500936.7404  EKtot   =     55832.6655  EPtot      =   -556769.4059
 BOND   =      4831.6766  ANGLE   =     17565.2800  DIHED      =     19735.8062
 1-4 NB =      8797.3848  1-4 EEL =     40238.0953  VDWAALS    =     53171.6097
 EELEC  =   -706123.2789  EHBOND  =         0.0000  RESTRAINT  =      3815.5381
 EAMBER (non-restraint)  =   -560584.9440
 EKCMT  =     17496.4545  VIRIAL  =     15842.1099  VOLUME     =   1816442.1740
 CMAP   =      1198.4824
                                                    Density    =         0.9817
 Ewald error estimate:   0.3488E-04
 ------------------------------------------------------------------------------

 NMR restraints: Bond =    0.000   Angle =     0.000   Torsion =     0.000
===============================================================================

 NSTEP =    13200   TIME(PS) =      13.700  TEMP(K) =   149.99  PRESS =     1.8
 Etot   =   -500444.2280  EKtot   =     56021.6251  EPtot      =   -556465.8531
 BOND   =      4861.9865  ANGLE   =     17649.8166  DIHED      =     19691.3079
 1-4 NB =      8854.1158  1-4 EEL =     40316.2479  VDWAALS    =     52982.5037
 EELEC  =   -705866.4289  EHBOND  =         0.0000  RESTRAINT  =      3847.2778
 EAMBER (non-restraint)  =   -560313.1309
 EKCMT  =     17548.8453  VIRIAL  =     17479.8659  VOLUME     =   1816515.2623
 CMAP   =      1197.3197
                                                    Density    =         0.9817
 Ewald error estimate:   0.6964E-04
 ------------------------------------------------------------------------------

 NMR restraints: Bond =    0.000   Angle =     0.000   Torsion =     0.000
===============================================================================

 NSTEP =    13300   TIME(PS) =      13.800  TEMP(K) =   150.41  PRESS =     2.5
 Etot   =   -500158.0888  EKtot   =     56178.3448  EPtot      =   -556336.4336
 BOND   =      4809.4115  ANGLE   =     17694.7706  DIHED      =     19736.9415
 1-4 NB =      8897.2289  1-4 EEL =     40261.8746  VDWAALS    =     52764.9211
 EELEC  =   -705527.6506  EHBOND  =         0.0000  RESTRAINT  =      3819.0947
 EAMBER (non-restraint)  =   -560155.5283
 EKCMT  =     17585.8952  VIRIAL  =     17487.8773  VOLUME     =   1816555.2705
 CMAP   =      1206.9740
                                                    Density    =         0.9817
 Ewald error estimate:   0.4915E-04
 ------------------------------------------------------------------------------

 NMR restraints: Bond =    0.000   Angle =     0.000   Torsion =     0.000
===============================================================================

 NSTEP =    13400   TIME(PS) =      13.900  TEMP(K) =   150.38  PRESS =   -60.7
 Etot   =   -500010.3387  EKtot   =     56167.9863  EPtot      =   -556178.3250
 BOND   =      4889.6416  ANGLE   =     17713.4659  DIHED      =     19701.7872
 1-4 NB =      8875.7248  1-4 EEL =     40287.3373  VDWAALS    =     52888.6755
 EELEC  =   -705609.3270  EHBOND  =         0.0000  RESTRAINT  =      3871.6664
 EAMBER (non-restraint)  =   -560049.9914
 EKCMT  =     17627.8050  VIRIAL  =     20008.8111  VOLUME     =   1816562.3404
 CMAP   =      1202.7034
                                                    Density    =         0.9816
 Ewald error estimate:   0.7383E-04
 ------------------------------------------------------------------------------

 NMR restraints: Bond =    0.000   Angle =     0.000   Torsion =     0.000
===============================================================================

 NSTEP =    13500   TIME(PS) =      14.000  TEMP(K) =   151.13  PRESS =    61.8
 Etot   =   -499686.4286  EKtot   =     56448.9331  EPtot      =   -556135.3617
 BOND   =      4866.0432  ANGLE   =     17773.7520  DIHED      =     19750.8510
 1-4 NB =      8869.7147  1-4 EEL =     40323.1041  VDWAALS    =     53061.1634
 EELEC  =   -705852.6377  EHBOND  =         0.0000  RESTRAINT  =      3887.5875
 EAMBER (non-restraint)  =   -560022.9492
 EKCMT  =     17751.3529  VIRIAL  =     15327.7195  VOLUME     =   1816783.0285
 CMAP   =      1185.0600
                                                    Density    =         0.9815
 Ewald error estimate:   0.4180E-04
 ------------------------------------------------------------------------------

 NMR restraints: Bond =    0.000   Angle =     0.000   Torsion =     0.000
===============================================================================

 NSTEP =    13600   TIME(PS) =      14.100  TEMP(K) =   151.17  PRESS =   -27.2
 Etot   =   -499382.1067  EKtot   =     56463.9111  EPtot      =   -555846.0178
 BOND   =      4900.0941  ANGLE   =     17720.5926  DIHED      =     19759.2058
 1-4 NB =      8892.0442  1-4 EEL =     40406.3158  VDWAALS    =     52764.0720
 EELEC  =   -705399.8363  EHBOND  =         0.0000  RESTRAINT  =      3917.8293
 EAMBER (non-restraint)  =   -559763.8471
 EKCMT  =     17659.7816  VIRIAL  =     18728.0174  VOLUME     =   1816810.1113
 CMAP   =      1193.6647
                                                    Density    =         0.9815
 Ewald error estimate:   0.6010E-04
 ------------------------------------------------------------------------------

 NMR restraints: Bond =    0.000   Angle =     0.000   Torsion =     0.000
===============================================================================

 NSTEP =    13700   TIME(PS) =      14.200  TEMP(K) =   151.67  PRESS =   -39.2
 Etot   =   -499068.0888  EKtot   =     56649.2828  EPtot      =   -555717.3716
 BOND   =      4910.7959  ANGLE   =     17808.2693  DIHED      =     19753.6957
 1-4 NB =      8862.5447  1-4 EEL =     40429.9451  VDWAALS    =     52687.1284
 EELEC  =   -705288.2988  EHBOND  =         0.0000  RESTRAINT  =      3944.6227
 EAMBER (non-restraint)  =   -559661.9944
 EKCMT  =     17747.1120  VIRIAL  =     19285.9526  VOLUME     =   1816866.4265
 CMAP   =      1173.9252
                                                    Density    =         0.9815
 Ewald error estimate:   0.2153E-04
 ------------------------------------------------------------------------------

 NMR restraints: Bond =    0.000   Angle =     0.000   Torsion =     0.000
===============================================================================

 NSTEP =    13800   TIME(PS) =      14.300  TEMP(K) =   152.63  PRESS =   -30.9
 Etot   =   -498779.1942  EKtot   =     57007.7589  EPtot      =   -555786.9531
 BOND   =      4871.3806  ANGLE   =     17943.0879  DIHED      =     19720.2782
 1-4 NB =      8843.4761  1-4 EEL =     40308.0250  VDWAALS    =     52690.4386
 EELEC  =   -705320.0674  EHBOND  =         0.0000  RESTRAINT  =      3966.1365
 EAMBER (non-restraint)  =   -559753.0896
 EKCMT  =     17884.0205  VIRIAL  =     19096.7961  VOLUME     =   1816944.1452
 CMAP   =      1190.2915
                                                    Density    =         0.9814
 Ewald error estimate:   0.5122E-04
 ------------------------------------------------------------------------------

 NMR restraints: Bond =    0.000   Angle =     0.000   Torsion =     0.000
===============================================================================

 NSTEP =    13900   TIME(PS) =      14.400  TEMP(K) =   152.48  PRESS =    39.0
 Etot   =   -498456.2322  EKtot   =     56950.9865  EPtot      =   -555407.2187
 BOND   =      4859.2980  ANGLE   =     17874.4906  DIHED      =     19714.9317
 1-4 NB =      8859.6339  1-4 EEL =     40370.7690  VDWAALS    =     52711.0633
 EELEC  =   -704918.2017  EHBOND  =         0.0000  RESTRAINT  =      3916.7649
 EAMBER (non-restraint)  =   -559323.9837
 EKCMT  =     17778.6517  VIRIAL  =     16250.1103  VOLUME     =   1816878.1980
 CMAP   =      1204.0315
                                                    Density    =         0.9815
 Ewald error estimate:   0.4312E-04
 ------------------------------------------------------------------------------

 NMR restraints: Bond =    0.000   Angle =     0.000   Torsion =     0.000
===============================================================================

 NSTEP =    14000   TIME(PS) =      14.500  TEMP(K) =   153.33  PRESS =    24.3
 Etot   =   -498109.6156  EKtot   =     57268.9783  EPtot      =   -555378.5939
 BOND   =      4917.6360  ANGLE   =     17980.4977  DIHED      =     19704.7885
 1-4 NB =      8830.7184  1-4 EEL =     40330.5830  VDWAALS    =     52602.5617
 EELEC  =   -704876.8095  EHBOND  =         0.0000  RESTRAINT  =      3935.7261
 EAMBER (non-restraint)  =   -559314.3200
 EKCMT  =     17963.2359  VIRIAL  =     17011.1239  VOLUME     =   1817036.6264
 CMAP   =      1195.7041
                                                    Density    =         0.9814
 Ewald error estimate:   0.2165E-04
 ------------------------------------------------------------------------------

 NMR restraints: Bond =    0.000   Angle =     0.000   Torsion =     0.000
===============================================================================

 NSTEP =    14100   TIME(PS) =      14.600  TEMP(K) =   153.11  PRESS =   104.7
 Etot   =   -497811.8293  EKtot   =     57189.2896  EPtot      =   -555001.1189
 BOND   =      4975.2778  ANGLE   =     17954.3119  DIHED      =     19682.2905
 1-4 NB =      8899.0802  1-4 EEL =     40364.5199  VDWAALS    =     52937.6913
 EELEC  =   -704954.1565  EHBOND  =         0.0000  RESTRAINT  =      3945.4740
 EAMBER (non-restraint)  =   -558946.5929
 EKCMT  =     17866.7891  VIRIAL  =     13758.6575  VOLUME     =   1817066.7092
 CMAP   =      1194.3920
                                                    Density    =         0.9814
 Ewald error estimate:   0.2910E-04
 ------------------------------------------------------------------------------

 NMR restraints: Bond =    0.000   Angle =     0.000   Torsion =     0.000
===============================================================================

 NSTEP =    14200   TIME(PS) =      14.700  TEMP(K) =   154.46  PRESS =     7.9
 Etot   =   -497440.1914  EKtot   =     57690.8531  EPtot      =   -555131.0445
 BOND   =      5084.5236  ANGLE   =     17956.0728  DIHED      =     19689.0772
 1-4 NB =      8846.7090  1-4 EEL =     40329.9896  VDWAALS    =     52684.3721
 EELEC  =   -704856.4140  EHBOND  =         0.0000  RESTRAINT  =      3928.5399
 EAMBER (non-restraint)  =   -559059.5844
 EKCMT  =     18099.5621  VIRIAL  =     17790.6296  VOLUME     =   1817209.1254
 CMAP   =      1206.0853
                                                    Density    =         0.9813
 Ewald error estimate:   0.5305E-04
 ------------------------------------------------------------------------------

 NMR restraints: Bond =    0.000   Angle =     0.000   Torsion =     0.000
===============================================================================

 NSTEP =    14300   TIME(PS) =      14.800  TEMP(K) =   153.93  PRESS =   -30.4
 Etot   =   -497299.1059  EKtot   =     57494.4268  EPtot      =   -554793.5327
 BOND   =      4948.5084  ANGLE   =     18046.6840  DIHED      =     19744.6321
 1-4 NB =      8907.5965  1-4 EEL =     40437.1424  VDWAALS    =     52635.0265
 EELEC  =   -704666.1562  EHBOND  =         0.0000  RESTRAINT  =      3955.4401
 EAMBER (non-restraint)  =   -558748.9728
 EKCMT  =     17981.1148  VIRIAL  =     19174.2435  VOLUME     =   1817266.0409
 CMAP   =      1197.5934
                                                    Density    =         0.9813
 Ewald error estimate:   0.4810E-04
 ------------------------------------------------------------------------------

 NMR restraints: Bond =    0.000   Angle =     0.000   Torsion =     0.000
===============================================================================

 NSTEP =    14400   TIME(PS) =      14.900  TEMP(K) =   154.15  PRESS =    -0.5
 Etot   =   -496973.3259  EKtot   =     57574.6161  EPtot      =   -554547.9420
 BOND   =      5007.7960  ANGLE   =     18108.9385  DIHED      =     19807.9454
 1-4 NB =      8846.9231  1-4 EEL =     40253.8895  VDWAALS    =     52301.4234
 EELEC  =   -704055.6444  EHBOND  =         0.0000  RESTRAINT  =      3985.1146
 EAMBER (non-restraint)  =   -558533.0566
 EKCMT  =     17940.0682  VIRIAL  =     17957.7658  VOLUME     =   1817280.7534
 CMAP   =      1195.6718
                                                    Density    =         0.9813
 Ewald error estimate:   0.8001E-04
 ------------------------------------------------------------------------------

 NMR restraints: Bond =    0.000   Angle =     0.000   Torsion =     0.000
===============================================================================

 NSTEP =    14500   TIME(PS) =      15.000  TEMP(K) =   154.79  PRESS =    91.4
 Etot   =   -496744.8046  EKtot   =     57813.9970  EPtot      =   -554558.8016
 BOND   =      4971.2125  ANGLE   =     18180.2266  DIHED      =     19767.2139
 1-4 NB =      8822.9718  1-4 EEL =     40224.0512  VDWAALS    =     52953.4374
 EELEC  =   -704669.1111  EHBOND  =         0.0000  RESTRAINT  =      3983.2742
 EAMBER (non-restraint)  =   -558542.0758
 EKCMT  =     18142.9876  VIRIAL  =     14557.2307  VOLUME     =   1817326.0508
 CMAP   =      1207.9218
                                                    Density    =         0.9812
 Ewald error estimate:   0.8097E-04
 ------------------------------------------------------------------------------

 NMR restraints: Bond =    0.000   Angle =     0.000   Torsion =     0.000
===============================================================================

 NSTEP =    14600   TIME(PS) =      15.100  TEMP(K) =   155.19  PRESS =    62.6
 Etot   =   -496604.6804  EKtot   =     57964.0054  EPtot      =   -554568.6858
 BOND   =      5007.9206  ANGLE   =     18087.4045  DIHED      =     19766.6232
 1-4 NB =      8856.1324  1-4 EEL =     40347.0748  VDWAALS    =     52811.2319
 EELEC  =   -704584.0159  EHBOND  =         0.0000  RESTRAINT  =      3951.3042
 EAMBER (non-restraint)  =   -558519.9900
 EKCMT  =     18235.5943  VIRIAL  =     15778.1697  VOLUME     =   1817482.5185
 CMAP   =      1187.6385
                                                    Density    =         0.9812
 Ewald error estimate:   0.6726E-04
 ------------------------------------------------------------------------------

 NMR restraints: Bond =    0.000   Angle =     0.000   Torsion =     0.000
===============================================================================

 NSTEP =    14700   TIME(PS) =      15.200  TEMP(K) =   155.55  PRESS =    39.2
 Etot   =   -496265.3986  EKtot   =     58100.5215  EPtot      =   -554365.9200
 BOND   =      5007.4080  ANGLE   =     18163.1767  DIHED      =     19797.3558
 1-4 NB =      8838.2851  1-4 EEL =     40255.4977  VDWAALS    =     52608.1334
 EELEC  =   -704159.0262  EHBOND  =         0.0000  RESTRAINT  =      3922.6052
 EAMBER (non-restraint)  =   -558288.5252
 EKCMT  =     18177.6846  VIRIAL  =     16640.6506  VOLUME     =   1817697.7607
 CMAP   =      1200.6442
                                                    Density    =         0.9810
 Ewald error estimate:   0.5890E-04
 ------------------------------------------------------------------------------

 NMR restraints: Bond =    0.000   Angle =     0.000   Torsion =     0.000
===============================================================================

 NSTEP =    14800   TIME(PS) =      15.300  TEMP(K) =   156.32  PRESS =    89.2
 Etot   =   -496111.2425  EKtot   =     58386.3900  EPtot      =   -554497.6325
 BOND   =      5047.3320  ANGLE   =     18139.6689  DIHED      =     19780.7974
 1-4 NB =      8812.6267  1-4 EEL =     40235.0148  VDWAALS    =     52416.7166
 EELEC  =   -704105.3594  EHBOND  =         0.0000  RESTRAINT  =      3978.8010
 EAMBER (non-restraint)  =   -558476.4335
 EKCMT  =     18267.8570  VIRIAL  =     14765.7847  VOLUME     =   1817961.7303
 CMAP   =      1196.7696
                                                    Density    =         0.9809
 Ewald error estimate:   0.1051E-03
 ------------------------------------------------------------------------------

 NMR restraints: Bond =    0.000   Angle =     0.000   Torsion =     0.000
===============================================================================

 NSTEP =    14900   TIME(PS) =      15.400  TEMP(K) =   156.18  PRESS =   119.3
 Etot   =   -495887.2622  EKtot   =     58332.8221  EPtot      =   -554220.0843
 BOND   =      4977.0368  ANGLE   =     18165.2913  DIHED      =     19746.5562
 1-4 NB =      8844.8548  1-4 EEL =     40322.2321  VDWAALS    =     52384.7850
 EELEC  =   -703857.8372  EHBOND  =         0.0000  RESTRAINT  =      3979.6637
 EAMBER (non-restraint)  =   -558199.7480
 EKCMT  =     18221.2938  VIRIAL  =     13536.5305  VOLUME     =   1818147.5841
 CMAP   =      1217.3330
                                                    Density    =         0.9808
 Ewald error estimate:   0.8016E-04
 ------------------------------------------------------------------------------

 NMR restraints: Bond =    0.000   Angle =     0.000   Torsion =     0.000
===============================================================================

 NSTEP =    15000   TIME(PS) =      15.500  TEMP(K) =   156.58  PRESS =   -50.6
 Etot   =   -495647.5734  EKtot   =     58485.4171  EPtot      =   -554132.9905
 BOND   =      5028.5229  ANGLE   =     18077.6025  DIHED      =     19754.8047
 1-4 NB =      8845.0419  1-4 EEL =     40276.9106  VDWAALS    =     52317.4956
 EELEC  =   -703624.5280  EHBOND  =         0.0000  RESTRAINT  =      3979.8502
 EAMBER (non-restraint)  =   -558112.8408
 EKCMT  =     18199.1427  VIRIAL  =     20186.0395  VOLUME     =   1818291.1000
 CMAP   =      1211.3091
                                                    Density    =         0.9807
 Ewald error estimate:   0.3375E-04
 ------------------------------------------------------------------------------

 NMR restraints: Bond =    0.000   Angle =     0.000   Torsion =     0.000
===============================================================================

 NSTEP =    15100   TIME(PS) =      15.600  TEMP(K) =   156.93  PRESS =   120.2
 Etot   =   -495202.5782  EKtot   =     58614.8570  EPtot      =   -553817.4351
 BOND   =      5097.7940  ANGLE   =     18253.9049  DIHED      =     19753.9898
 1-4 NB =      8830.1142  1-4 EEL =     40310.5827  VDWAALS    =     52656.9471
 EELEC  =   -703967.6266  EHBOND  =         0.0000  RESTRAINT  =      4030.1296
 EAMBER (non-restraint)  =   -557847.5647
 EKCMT  =     18305.7067  VIRIAL  =     13586.4195  VOLUME     =   1818178.3835
 CMAP   =      1216.7291
                                                    Density    =         0.9808
 Ewald error estimate:   0.4333E-04
 ------------------------------------------------------------------------------

 NMR restraints: Bond =    0.000   Angle =     0.000   Torsion =     0.000
===============================================================================

 NSTEP =    15200   TIME(PS) =      15.700  TEMP(K) =   157.54  PRESS =   -75.5
 Etot   =   -495006.1296  EKtot   =     58842.2015  EPtot      =   -553848.3310
 BOND   =      5091.8716  ANGLE   =     18233.1491  DIHED      =     19766.4542
 1-4 NB =      8863.4066  1-4 EEL =     40210.6611  VDWAALS    =     52389.3246
 EELEC  =   -703608.3438  EHBOND  =         0.0000  RESTRAINT  =      3996.8152
 EAMBER (non-restraint)  =   -557845.1462
 EKCMT  =     18433.3200  VIRIAL  =     21395.8815  VOLUME     =   1818391.8559
 CMAP   =      1208.3303
                                                    Density    =         0.9807
 Ewald error estimate:   0.2770E-04
 ------------------------------------------------------------------------------

 NMR restraints: Bond =    0.000   Angle =     0.000   Torsion =     0.000
===============================================================================

 NSTEP =    15300   TIME(PS) =      15.800  TEMP(K) =   157.57  PRESS =    47.6
 Etot   =   -494721.8270  EKtot   =     58853.5249  EPtot      =   -553575.3519
 BOND   =      5070.3289  ANGLE   =     18213.7706  DIHED      =     19798.3590
 1-4 NB =      8863.4468  1-4 EEL =     40291.5217  VDWAALS    =     52468.4825
 EELEC  =   -703523.8948  EHBOND  =         0.0000  RESTRAINT  =      4031.3943
 EAMBER (non-restraint)  =   -557606.7462
 EKCMT  =     18364.2955  VIRIAL  =     16493.5469  VOLUME     =   1818365.4583
 CMAP   =      1211.2390
                                                    Density    =         0.9807
 Ewald error estimate:   0.4879E-04
 ------------------------------------------------------------------------------

 NMR restraints: Bond =    0.000   Angle =     0.000   Torsion =     0.000
===============================================================================

 NSTEP =    15400   TIME(PS) =      15.900  TEMP(K) =   158.48  PRESS =   -69.7
 Etot   =   -494253.6898  EKtot   =     59191.6764  EPtot      =   -553445.3662
 BOND   =      5007.8489  ANGLE   =     18273.0432  DIHED      =     19807.4254
 1-4 NB =      8888.9562  1-4 EEL =     40373.1780  VDWAALS    =     52132.6151
 EELEC  =   -703219.5505  EHBOND  =         0.0000  RESTRAINT  =      4086.6993
 EAMBER (non-restraint)  =   -557532.0654
 EKCMT  =     18402.4806  VIRIAL  =     21139.6551  VOLUME     =   1818553.1945
 CMAP   =      1204.4181
                                                    Density    =         0.9806
 Ewald error estimate:   0.8625E-04
 ------------------------------------------------------------------------------

 NMR restraints: Bond =    0.000   Angle =     0.000   Torsion =     0.000
===============================================================================

 NSTEP =    15500   TIME(PS) =      16.000  TEMP(K) =   159.27  PRESS =    65.0
 Etot   =   -493793.1465  EKtot   =     59489.8870  EPtot      =   -553283.0335
 BOND   =      5091.5792  ANGLE   =     18265.1209  DIHED      =     19785.6705
 1-4 NB =      8862.1423  1-4 EEL =     40408.9741  VDWAALS    =     52176.2967
 EELEC  =   -703095.0193  EHBOND  =         0.0000  RESTRAINT  =      4025.6271
 EAMBER (non-restraint)  =   -557308.6606
 EKCMT  =     18573.3322  VIRIAL  =     16019.2793  VOLUME     =   1818623.4526
 CMAP   =      1196.5751
                                                    Density    =         0.9805
 Ewald error estimate:   0.5967E-04
 ------------------------------------------------------------------------------

 NMR restraints: Bond =    0.000   Angle =     0.000   Torsion =     0.000
===============================================================================

 NSTEP =    15600   TIME(PS) =      16.100  TEMP(K) =   159.34  PRESS =   -50.9
 Etot   =   -493656.1349  EKtot   =     59516.2430  EPtot      =   -553172.3779
 BOND   =      5108.4155  ANGLE   =     18395.5849  DIHED      =     19806.6586
 1-4 NB =      8896.5592  1-4 EEL =     40315.3020  VDWAALS    =     52099.3993
 EELEC  =   -703046.3875  EHBOND  =         0.0000  RESTRAINT  =      4046.6617
 EAMBER (non-restraint)  =   -557219.0396
 EKCMT  =     18540.2565  VIRIAL  =     20536.9098  VOLUME     =   1818470.8779
 CMAP   =      1205.4284
                                                    Density    =         0.9806
 Ewald error estimate:   0.6242E-04
 ------------------------------------------------------------------------------

 NMR restraints: Bond =    0.000   Angle =     0.000   Torsion =     0.000
===============================================================================

 NSTEP =    15700   TIME(PS) =      16.200  TEMP(K) =   159.52  PRESS =    55.2
 Etot   =   -493437.0256  EKtot   =     59580.1181  EPtot      =   -553017.1438
 BOND   =      5106.6040  ANGLE   =     18392.6310  DIHED      =     19777.6310
 1-4 NB =      8927.6233  1-4 EEL =     40247.1424  VDWAALS    =     52090.4005
 EELEC  =   -702831.9630  EHBOND  =         0.0000  RESTRAINT  =      4077.2695
 EAMBER (non-restraint)  =   -557094.4132
 EKCMT  =     18556.2625  VIRIAL  =     16389.2369  VOLUME     =   1818509.0332
 CMAP   =      1195.5177
                                                    Density    =         0.9806
 Ewald error estimate:   0.6961E-04
 ------------------------------------------------------------------------------

 NMR restraints: Bond =    0.000   Angle =     0.000   Torsion =     0.000
===============================================================================

 NSTEP =    15800   TIME(PS) =      16.300  TEMP(K) =   160.04  PRESS =    95.3
 Etot   =   -493051.6415  EKtot   =     59774.1802  EPtot      =   -552825.8217
 BOND   =      5106.6472  ANGLE   =     18414.3456  DIHED      =     19796.7417
 1-4 NB =      8881.0389  1-4 EEL =     40198.9942  VDWAALS    =     52068.9611
 EELEC  =   -702609.0860  EHBOND  =         0.0000  RESTRAINT  =      4101.0526
 EAMBER (non-restraint)  =   -556926.8743
 EKCMT  =     18647.3093  VIRIAL  =     14905.1212  VOLUME     =   1818700.2431
 CMAP   =      1215.4829
                                                    Density    =         0.9805
 Ewald error estimate:   0.7156E-04
 ------------------------------------------------------------------------------

 NMR restraints: Bond =    0.000   Angle =     0.000   Torsion =     0.000
===============================================================================

 NSTEP =    15900   TIME(PS) =      16.400  TEMP(K) =   160.12  PRESS =    83.2
 Etot   =   -492697.2510  EKtot   =     59805.1403  EPtot      =   -552502.3912
 BOND   =      5114.2156  ANGLE   =     18582.3652  DIHED      =     19828.7491
 1-4 NB =      8884.5268  1-4 EEL =     40342.3314  VDWAALS    =     52079.1392
 EELEC  =   -702633.7040  EHBOND  =         0.0000  RESTRAINT  =      4090.5164
 EAMBER (non-restraint)  =   -556592.9076
 EKCMT  =     18756.6862  VIRIAL  =     15489.2820  VOLUME     =   1818793.7548
 CMAP   =      1209.4691
                                                    Density    =         0.9804
 Ewald error estimate:   0.4011E-04
 ------------------------------------------------------------------------------

 NMR restraints: Bond =    0.000   Angle =     0.000   Torsion =     0.000
===============================================================================

 NSTEP =    16000   TIME(PS) =      16.500  TEMP(K) =   160.82  PRESS =   -28.0
 Etot   =   -492313.4810  EKtot   =     60065.4987  EPtot      =   -552378.9797
 BOND   =      5150.6528  ANGLE   =     18477.5674  DIHED      =     19820.1677
 1-4 NB =      8887.7299  1-4 EEL =     40428.6309  VDWAALS    =     51901.7559
 EELEC  =   -702401.1348  EHBOND  =         0.0000  RESTRAINT  =      4144.6668
 EAMBER (non-restraint)  =   -556523.6465
 EKCMT  =     18735.5723  VIRIAL  =     19834.7369  VOLUME     =   1818763.1490
 CMAP   =      1210.9836
                                                    Density    =         0.9805
 Ewald error estimate:   0.3932E-04
 ------------------------------------------------------------------------------

 NMR restraints: Bond =    0.000   Angle =     0.000   Torsion =     0.000
===============================================================================

 NSTEP =    16100   TIME(PS) =      16.600  TEMP(K) =   161.08  PRESS =   -95.1
 Etot   =   -491962.3160  EKtot   =     60166.0309  EPtot      =   -552128.3469
 BOND   =      5089.6365  ANGLE   =     18529.8553  DIHED      =     19815.2625
 1-4 NB =      8871.9136  1-4 EEL =     40315.2111  VDWAALS    =     51783.9879
 EELEC  =   -701881.2692  EHBOND  =         0.0000  RESTRAINT  =      4158.6025
 EAMBER (non-restraint)  =   -556286.9494
 EKCMT  =     18835.8208  VIRIAL  =     22571.9263  VOLUME     =   1818675.1679
 CMAP   =      1188.4530
                                                    Density    =         0.9805
 Ewald error estimate:   0.6594E-04
 ------------------------------------------------------------------------------

 NMR restraints: Bond =    0.000   Angle =     0.000   Torsion =     0.000
===============================================================================

 NSTEP =    16200   TIME(PS) =      16.700  TEMP(K) =   161.82  PRESS =   -64.7
 Etot   =   -491598.4940  EKtot   =     60442.0647  EPtot      =   -552040.5587
 BOND   =      5187.7154  ANGLE   =     18630.6964  DIHED      =     19847.6947
 1-4 NB =      8870.0934  1-4 EEL =     40276.4052  VDWAALS    =     51528.9198
 EELEC  =   -701689.8627  EHBOND  =         0.0000  RESTRAINT  =      4114.2140
 EAMBER (non-restraint)  =   -556154.7726
 EKCMT  =     18879.2607  VIRIAL  =     21418.1247  VOLUME     =   1818389.8870
 CMAP   =      1193.5652
                                                    Density    =         0.9807
 Ewald error estimate:   0.8122E-04
 ------------------------------------------------------------------------------

 NMR restraints: Bond =    0.000   Angle =     0.000   Torsion =     0.000
===============================================================================

 NSTEP =    16300   TIME(PS) =      16.800  TEMP(K) =   162.97  PRESS =   -60.3
 Etot   =   -491190.4088  EKtot   =     60870.9628  EPtot      =   -552061.3716
 BOND   =      5198.5298  ANGLE   =     18643.5559  DIHED      =     19775.2785
 1-4 NB =      8822.6225  1-4 EEL =     40319.5171  VDWAALS    =     51546.0325
 EELEC  =   -701679.2802  EHBOND  =         0.0000  RESTRAINT  =      4092.2774
 EAMBER (non-restraint)  =   -556153.6490
 EKCMT  =     18952.6210  VIRIAL  =     21318.7665  VOLUME     =   1818399.7372
 CMAP   =      1220.0947
                                                    Density    =         0.9807
 Ewald error estimate:   0.9864E-04
 ------------------------------------------------------------------------------

 NMR restraints: Bond =    0.000   Angle =     0.000   Torsion =     0.000
===============================================================================

 NSTEP =    16400   TIME(PS) =      16.900  TEMP(K) =   162.86  PRESS =    67.9
 Etot   =   -490901.6559  EKtot   =     60829.2379  EPtot      =   -551730.8939
 BOND   =      5187.4957  ANGLE   =     18677.6758  DIHED      =     19823.6401
 1-4 NB =      8870.1221  1-4 EEL =     40248.5167  VDWAALS    =     51641.0613
 EELEC  =   -701532.3268  EHBOND  =         0.0000  RESTRAINT  =      4140.2716
 EAMBER (non-restraint)  =   -555871.1655
 EKCMT  =     19052.4334  VIRIAL  =     16388.2421  VOLUME     =   1818382.6794
 CMAP   =      1212.6496
                                                    Density    =         0.9807
 Ewald error estimate:   0.7594E-04
 ------------------------------------------------------------------------------

 NMR restraints: Bond =    0.000   Angle =     0.000   Torsion =     0.000
===============================================================================

 NSTEP =    16500   TIME(PS) =      17.000  TEMP(K) =   162.97  PRESS =    56.5
 Etot   =   -490519.6564  EKtot   =     60870.5468  EPtot      =   -551390.2032
 BOND   =      5239.6901  ANGLE   =     18618.8636  DIHED      =     19825.6427
 1-4 NB =      8889.9186  1-4 EEL =     40297.9612  VDWAALS    =     51824.1156
 EELEC  =   -701514.6537  EHBOND  =         0.0000  RESTRAINT  =      4203.3764
 EAMBER (non-restraint)  =   -555593.5796
 EKCMT  =     19000.5055  VIRIAL  =     16783.6223  VOLUME     =   1818441.3032
 CMAP   =      1224.8821
                                                    Density    =         0.9806
 Ewald error estimate:   0.9546E-04
 ------------------------------------------------------------------------------

 NMR restraints: Bond =    0.000   Angle =     0.000   Torsion =     0.000
===============================================================================

 NSTEP =    16600   TIME(PS) =      17.100  TEMP(K) =   163.99  PRESS =   -38.4
 Etot   =   -490224.6438  EKtot   =     61250.8102  EPtot      =   -551475.4540
 BOND   =      5165.6516  ANGLE   =     18741.9149  DIHED      =     19855.2886
 1-4 NB =      8919.5327  1-4 EEL =     40310.7177  VDWAALS    =     51632.8713
 EELEC  =   -701475.1239  EHBOND  =         0.0000  RESTRAINT  =      4175.2242
 EAMBER (non-restraint)  =   -555650.6782
 EKCMT  =     19188.1681  VIRIAL  =     20694.4315  VOLUME     =   1818652.4134
 CMAP   =      1198.4688
                                                    Density    =         0.9805
 Ewald error estimate:   0.7326E-04
 ------------------------------------------------------------------------------

 NMR restraints: Bond =    0.000   Angle =     0.000   Torsion =     0.000
===============================================================================

 NSTEP =    16700   TIME(PS) =      17.200  TEMP(K) =   163.97  PRESS =    22.4
 Etot   =   -489996.2550  EKtot   =     61245.5273  EPtot      =   -551241.7823
 BOND   =      5210.6219  ANGLE   =     18658.5544  DIHED      =     19883.9015
 1-4 NB =      8930.3689  1-4 EEL =     40285.7348  VDWAALS    =     51558.3085
 EELEC  =   -701158.8207  EHBOND  =         0.0000  RESTRAINT  =      4191.4007
 EAMBER (non-restraint)  =   -555433.1830
 EKCMT  =     19204.3154  VIRIAL  =     18326.2747  VOLUME     =   1818872.4896
 CMAP   =      1198.1477
                                                    Density    =         0.9804
 Ewald error estimate:   0.7830E-04
 ------------------------------------------------------------------------------

 NMR restraints: Bond =    0.000   Angle =     0.000   Torsion =     0.000
===============================================================================

 NSTEP =    16800   TIME(PS) =      17.300  TEMP(K) =   164.77  PRESS =    69.7
 Etot   =   -489704.7265  EKtot   =     61542.4706  EPtot      =   -551247.1971
 BOND   =      5171.0511  ANGLE   =     18664.2607  DIHED      =     19845.4454
 1-4 NB =      8885.0100  1-4 EEL =     40344.2639  VDWAALS    =     51862.4052
 EELEC  =   -701486.9975  EHBOND  =         0.0000  RESTRAINT  =      4248.7969
 EAMBER (non-restraint)  =   -555495.9941
 EKCMT  =     19337.4899  VIRIAL  =     16598.8791  VOLUME     =   1819018.4586
 CMAP   =      1218.5672
                                                    Density    =         0.9803
 Ewald error estimate:   0.4744E-04
 ------------------------------------------------------------------------------

 NMR restraints: Bond =    0.000   Angle =     0.000   Torsion =     0.000
===============================================================================

 NSTEP =    16900   TIME(PS) =      17.400  TEMP(K) =   164.54  PRESS =    46.3
 Etot   =   -489377.2552  EKtot   =     61456.9390  EPtot      =   -550834.1942
 BOND   =      5205.8124  ANGLE   =     18816.3046  DIHED      =     19841.2559
 1-4 NB =      8888.9069  1-4 EEL =     40299.6403  VDWAALS    =     51424.3706
 EELEC  =   -700738.7764  EHBOND  =         0.0000  RESTRAINT  =      4217.9136
 EAMBER (non-restraint)  =   -555052.1077
 EKCMT  =     19256.8763  VIRIAL  =     17440.0697  VOLUME     =   1819325.5105
 CMAP   =      1210.3779
                                                    Density    =         0.9802
 Ewald error estimate:   0.9038E-04
 ------------------------------------------------------------------------------

 NMR restraints: Bond =    0.000   Angle =     0.000   Torsion =     0.000
===============================================================================

 NSTEP =    17000   TIME(PS) =      17.500  TEMP(K) =   164.36  PRESS =    50.0
 Etot   =   -489246.0881  EKtot   =     61390.1809  EPtot      =   -550636.2690
 BOND   =      5219.9579  ANGLE   =     18917.2343  DIHED      =     19842.9464
 1-4 NB =      8846.7633  1-4 EEL =     40326.2273  VDWAALS    =     51697.1504
 EELEC  =   -700856.8039  EHBOND  =         0.0000  RESTRAINT  =      4172.8059
 EAMBER (non-restraint)  =   -554809.0749
 EKCMT  =     19229.4485  VIRIAL  =     17266.7331  VOLUME     =   1819320.1935
 CMAP   =      1197.4494
                                                    Density    =         0.9802
 Ewald error estimate:   0.4583E-04
 ------------------------------------------------------------------------------

 NMR restraints: Bond =    0.000   Angle =     0.000   Torsion =     0.000
===============================================================================

 NSTEP =    17100   TIME(PS) =      17.600  TEMP(K) =   165.82  PRESS =  -122.8
 Etot   =   -488828.3685  EKtot   =     61933.6480  EPtot      =   -550762.0165
 BOND   =      5231.5297  ANGLE   =     18733.6905  DIHED      =     19855.7147
 1-4 NB =      8880.8767  1-4 EEL =     40371.3372  VDWAALS    =     51319.9636
 EELEC  =   -700601.0805  EHBOND  =         0.0000  RESTRAINT  =      4248.3302
 EAMBER (non-restraint)  =   -555010.3467
 EKCMT  =     19421.7402  VIRIAL  =     24247.4599  VOLUME     =   1819335.9752
 CMAP   =      1197.6213
                                                    Density    =         0.9802
 Ewald error estimate:   0.8954E-04
 ------------------------------------------------------------------------------

 NMR restraints: Bond =    0.000   Angle =     0.000   Torsion =     0.000
===============================================================================

 NSTEP =    17200   TIME(PS) =      17.700  TEMP(K) =   165.88  PRESS =    25.8
 Etot   =   -488454.9996  EKtot   =     61955.6190  EPtot      =   -550410.6186
 BOND   =      5274.6768  ANGLE   =     18817.2716  DIHED      =     19834.2957
 1-4 NB =      8844.9288  1-4 EEL =     40252.6105  VDWAALS    =     51588.9832
 EELEC  =   -700426.7233  EHBOND  =         0.0000  RESTRAINT  =      4206.2178
 EAMBER (non-restraint)  =   -554616.8364
 EKCMT  =     19420.3426  VIRIAL  =     18408.2500  VOLUME     =   1819561.4016
 CMAP   =      1197.1204
                                                    Density    =         0.9800
 Ewald error estimate:   0.8642E-04
 ------------------------------------------------------------------------------

 NMR restraints: Bond =    0.000   Angle =     0.000   Torsion =     0.000
===============================================================================

 NSTEP =    17300   TIME(PS) =      17.800  TEMP(K) =   165.99  PRESS =    -0.9
 Etot   =   -488153.3692  EKtot   =     61998.7335  EPtot      =   -550152.1027
 BOND   =      5327.6267  ANGLE   =     18894.7429  DIHED      =     19829.9701
 1-4 NB =      8855.8627  1-4 EEL =     40271.4775  VDWAALS    =     51306.4860
 EELEC  =   -700110.2663  EHBOND  =         0.0000  RESTRAINT  =      4257.5963
 EAMBER (non-restraint)  =   -554409.6990
 EKCMT  =     19533.9874  VIRIAL  =     19571.0083  VOLUME     =   1819656.1525
 CMAP   =      1214.4014
                                                    Density    =         0.9800
 Ewald error estimate:   0.7181E-04
 ------------------------------------------------------------------------------

 NMR restraints: Bond =    0.000   Angle =     0.000   Torsion =     0.000
===============================================================================

 NSTEP =    17400   TIME(PS) =      17.900  TEMP(K) =   166.91  PRESS =    70.8
 Etot   =   -487799.0500  EKtot   =     62342.7586  EPtot      =   -550141.8087
 BOND   =      5254.3538  ANGLE   =     18956.3808  DIHED      =     19853.3691
 1-4 NB =      8912.8008  1-4 EEL =     40200.3209  VDWAALS    =     51308.1240
 EELEC  =   -700058.5481  EHBOND  =         0.0000  RESTRAINT  =      4236.8958
 EAMBER (non-restraint)  =   -554378.7045
 EKCMT  =     19513.1557  VIRIAL  =     16730.9190  VOLUME     =   1819654.1718
 CMAP   =      1194.4941
                                                    Density    =         0.9800
 Ewald error estimate:   0.6465E-04
 ------------------------------------------------------------------------------

 NMR restraints: Bond =    0.000   Angle =     0.000   Torsion =     0.000
===============================================================================

 NSTEP =    17500   TIME(PS) =      18.000  TEMP(K) =   167.42  PRESS =    48.3
 Etot   =   -487572.2239  EKtot   =     62532.2608  EPtot      =   -550104.4848
 BOND   =      5265.5116  ANGLE   =     18970.8691  DIHED      =     19859.7381
 1-4 NB =      8883.4109  1-4 EEL =     40373.7974  VDWAALS    =     51261.0970
 EELEC  =   -700147.8774  EHBOND  =         0.0000  RESTRAINT  =      4218.8525
 EAMBER (non-restraint)  =   -554323.3373
 EKCMT  =     19535.4245  VIRIAL  =     17638.0577  VOLUME     =   1819757.2641
 CMAP   =      1210.1159
                                                    Density    =         0.9799
 Ewald error estimate:   0.5749E-04
 ------------------------------------------------------------------------------

 NMR restraints: Bond =    0.000   Angle =     0.000   Torsion =     0.000
===============================================================================

 NSTEP =    17600   TIME(PS) =      18.100  TEMP(K) =   167.95  PRESS =   -45.5
 Etot   =   -487294.2313  EKtot   =     62729.4776  EPtot      =   -550023.7089
 BOND   =      5262.0111  ANGLE   =     19013.5151  DIHED      =     19866.3756
 1-4 NB =      8916.4444  1-4 EEL =     40339.1738  VDWAALS    =     51111.2342
 EELEC  =   -699975.3463  EHBOND  =         0.0000  RESTRAINT  =      4235.6406
 EAMBER (non-restraint)  =   -554259.3496
 EKCMT  =     19778.1641  VIRIAL  =     21566.4211  VOLUME     =   1819842.1122
 CMAP   =      1207.2424
                                                    Density    =         0.9799
 Ewald error estimate:   0.5326E-04
 ------------------------------------------------------------------------------

 NMR restraints: Bond =    0.000   Angle =     0.000   Torsion =     0.000
===============================================================================

 NSTEP =    17700   TIME(PS) =      18.200  TEMP(K) =   167.67  PRESS =     2.1
 Etot   =   -486806.7254  EKtot   =     62625.6963  EPtot      =   -549432.4217
 BOND   =      5280.8613  ANGLE   =     19097.3607  DIHED      =     19882.8661
 1-4 NB =      8932.7859  1-4 EEL =     40269.5844  VDWAALS    =     51388.4205
 EELEC  =   -699811.2850  EHBOND  =         0.0000  RESTRAINT  =      4313.0656
 EAMBER (non-restraint)  =   -553745.4873
 EKCMT  =     19699.6720  VIRIAL  =     19615.9083  VOLUME     =   1819926.2022
 CMAP   =      1213.9188
                                                    Density    =         0.9798
 Ewald error estimate:   0.8488E-04
 ------------------------------------------------------------------------------

 NMR restraints: Bond =    0.000   Angle =     0.000   Torsion =     0.000
===============================================================================

 NSTEP =    17800   TIME(PS) =      18.300  TEMP(K) =   168.33  PRESS =     6.5
 Etot   =   -486599.2190  EKtot   =     62871.2123  EPtot      =   -549470.4314
 BOND   =      5327.3219  ANGLE   =     19086.6462  DIHED      =     19867.6712
 1-4 NB =      8941.7705  1-4 EEL =     40382.4772  VDWAALS    =     51110.7547
 EELEC  =   -699686.8406  EHBOND  =         0.0000  RESTRAINT  =      4285.2616
 EAMBER (non-restraint)  =   -553755.6930
 EKCMT  =     19684.0627  VIRIAL  =     19428.4447  VOLUME     =   1820027.4506
 CMAP   =      1214.5060
                                                    Density    =         0.9798
 Ewald error estimate:   0.8031E-04
 ------------------------------------------------------------------------------

 NMR restraints: Bond =    0.000   Angle =     0.000   Torsion =     0.000
===============================================================================

 NSTEP =    17900   TIME(PS) =      18.400  TEMP(K) =   168.98  PRESS =    73.2
 Etot   =   -486234.9236  EKtot   =     63114.3854  EPtot      =   -549349.3090
 BOND   =      5368.8424  ANGLE   =     19006.9041  DIHED      =     19849.1990
 1-4 NB =      8922.3688  1-4 EEL =     40287.8925  VDWAALS    =     51355.1606
 EELEC  =   -699627.4304  EHBOND  =         0.0000  RESTRAINT  =      4285.3174
 EAMBER (non-restraint)  =   -553634.6264
 EKCMT  =     19678.2200  VIRIAL  =     16800.1336  VOLUME     =   1820123.5210
 CMAP   =      1202.4366
                                                    Density    =         0.9797
 Ewald error estimate:   0.8954E-04
 ------------------------------------------------------------------------------

 NMR restraints: Bond =    0.000   Angle =     0.000   Torsion =     0.000
===============================================================================

 NSTEP =    18000   TIME(PS) =      18.500  TEMP(K) =   169.67  PRESS =    76.9
 Etot   =   -485916.4136  EKtot   =     63373.2871  EPtot      =   -549289.7006
 BOND   =      5336.5424  ANGLE   =     19023.5406  DIHED      =     19816.5539
 1-4 NB =      8899.4591  1-4 EEL =     40325.0124  VDWAALS    =     51277.8654
 EELEC  =   -699491.0844  EHBOND  =         0.0000  RESTRAINT  =      4312.1425
 EAMBER (non-restraint)  =   -553601.8431
 EKCMT  =     19812.4071  VIRIAL  =     16789.1721  VOLUME     =   1820300.4576
 CMAP   =      1210.2676
                                                    Density    =         0.9796
 Ewald error estimate:   0.7794E-04
 ------------------------------------------------------------------------------

 NMR restraints: Bond =    0.000   Angle =     0.000   Torsion =     0.000
===============================================================================

 NSTEP =    18100   TIME(PS) =      18.600  TEMP(K) =   169.54  PRESS =   -32.2
 Etot   =   -485616.6236  EKtot   =     63322.9347  EPtot      =   -548939.5583
 BOND   =      5259.0218  ANGLE   =     19220.7748  DIHED      =     19832.3276
 1-4 NB =      8934.1090  1-4 EEL =     40358.1455  VDWAALS    =     51138.7325
 EELEC  =   -699206.3988  EHBOND  =         0.0000  RESTRAINT  =      4329.5080
 EAMBER (non-restraint)  =   -553269.0664
 EKCMT  =     19848.1882  VIRIAL  =     21113.8507  VOLUME     =   1820593.9406
 CMAP   =      1194.2213
                                                    Density    =         0.9795
 Ewald error estimate:   0.2834E-04
 ------------------------------------------------------------------------------

 NMR restraints: Bond =    0.000   Angle =     0.000   Torsion =     0.000
===============================================================================

 NSTEP =    18200   TIME(PS) =      18.700  TEMP(K) =   169.96  PRESS =   -50.6
 Etot   =   -485381.1622  EKtot   =     63479.8946  EPtot      =   -548861.0569
 BOND   =      5326.2522  ANGLE   =     19077.7003  DIHED      =     19897.6273
 1-4 NB =      8941.0361  1-4 EEL =     40280.0211  VDWAALS    =     50851.5922
 EELEC  =   -698783.2583  EHBOND  =         0.0000  RESTRAINT  =      4336.2431
 EAMBER (non-restraint)  =   -553197.3000
 EKCMT  =     19891.2608  VIRIAL  =     21879.6682  VOLUME     =   1820527.1413
 CMAP   =      1211.7291
                                                    Density    =         0.9795
 Ewald error estimate:   0.6085E-04
 ------------------------------------------------------------------------------

 NMR restraints: Bond =    0.000   Angle =     0.000   Torsion =     0.000
===============================================================================

 NSTEP =    18300   TIME(PS) =      18.800  TEMP(K) =   170.34  PRESS =    30.2
 Etot   =   -485231.9492  EKtot   =     63623.1965  EPtot      =   -548855.1457
 BOND   =      5296.9404  ANGLE   =     19083.6800  DIHED      =     19872.8585
 1-4 NB =      8954.2871  1-4 EEL =     40298.5930  VDWAALS    =     50762.5996
 EELEC  =   -698668.5750  EHBOND  =         0.0000  RESTRAINT  =      4326.7296
 EAMBER (non-restraint)  =   -553181.8753
 EKCMT  =     19895.4985  VIRIAL  =     18706.6297  VOLUME     =   1820523.2241
 CMAP   =      1217.7412
                                                    Density    =         0.9795
 Ewald error estimate:   0.6390E-04
 ------------------------------------------------------------------------------

 NMR restraints: Bond =    0.000   Angle =     0.000   Torsion =     0.000
===============================================================================

 NSTEP =    18400   TIME(PS) =      18.900  TEMP(K) =   170.82  PRESS =   -20.1
 Etot   =   -484951.3576  EKtot   =     63801.1521  EPtot      =   -548752.5098
 BOND   =      5395.9130  ANGLE   =     19058.2494  DIHED      =     19871.2909
 1-4 NB =      8929.3930  1-4 EEL =     40329.2372  VDWAALS    =     50663.7801
 EELEC  =   -698527.8420  EHBOND  =         0.0000  RESTRAINT  =      4328.6273
 EAMBER (non-restraint)  =   -553081.1371
 EKCMT  =     19962.6504  VIRIAL  =     20751.9709  VOLUME     =   1820614.4100
 CMAP   =      1198.8414
                                                    Density    =         0.9795
 Ewald error estimate:   0.7052E-04
 ------------------------------------------------------------------------------

 NMR restraints: Bond =    0.000   Angle =     0.000   Torsion =     0.000
===============================================================================

 NSTEP =    18500   TIME(PS) =      19.000  TEMP(K) =   170.99  PRESS =   -76.1
 Etot   =   -484673.8494  EKtot   =     63867.4029  EPtot      =   -548541.2522
 BOND   =      5286.4620  ANGLE   =     19283.9562  DIHED      =     19849.1328
 1-4 NB =      8929.2518  1-4 EEL =     40310.3034  VDWAALS    =     50542.5805
 EELEC  =   -698316.9947  EHBOND  =         0.0000  RESTRAINT  =      4371.5444
 EAMBER (non-restraint)  =   -552912.7967
 EKCMT  =     19963.6093  VIRIAL  =     22955.4364  VOLUME     =   1820570.9216
 CMAP   =      1202.5114
                                                    Density    =         0.9795
 Ewald error estimate:   0.7590E-04
 ------------------------------------------------------------------------------

 NMR restraints: Bond =    0.000   Angle =     0.000   Torsion =     0.000
===============================================================================

 NSTEP =    18600   TIME(PS) =      19.100  TEMP(K) =   170.89  PRESS =    75.8
 Etot   =   -484265.3335  EKtot   =     63828.2033  EPtot      =   -548093.5368
 BOND   =      5396.4458  ANGLE   =     19296.5953  DIHED      =     19915.0103
 1-4 NB =      8919.9409  1-4 EEL =     40405.5604  VDWAALS    =     51130.6943
 EELEC  =   -698731.2478  EHBOND  =         0.0000  RESTRAINT  =      4362.6218
 EAMBER (non-restraint)  =   -552456.1586
 EKCMT  =     20014.1964  VIRIAL  =     17033.2328  VOLUME     =   1820661.8939
 CMAP   =      1210.8422
                                                    Density    =         0.9794
 Ewald error estimate:   0.6887E-04
 ------------------------------------------------------------------------------

 NMR restraints: Bond =    0.000   Angle =     0.000   Torsion =     0.000
===============================================================================

 NSTEP =    18700   TIME(PS) =      19.200  TEMP(K) =   171.89  PRESS =    73.9
 Etot   =   -483822.8315  EKtot   =     64202.1057  EPtot      =   -548024.9372
 BOND   =      5345.3128  ANGLE   =     19393.0051  DIHED      =     19861.6429
 1-4 NB =      8959.4703  1-4 EEL =     40350.1439  VDWAALS    =     50703.5220
 EELEC  =   -698198.3623  EHBOND  =         0.0000  RESTRAINT  =      4360.8579
 EAMBER (non-restraint)  =   -552385.7951
 EKCMT  =     20073.6902  VIRIAL  =     17166.8813  VOLUME     =   1820936.2774
 CMAP   =      1199.4702
                                                    Density    =         0.9793
 Ewald error estimate:   0.6921E-04
 ------------------------------------------------------------------------------

 NMR restraints: Bond =    0.000   Angle =     0.000   Torsion =     0.000
===============================================================================

 NSTEP =    18800   TIME(PS) =      19.300  TEMP(K) =   172.09  PRESS =    57.5
 Etot   =   -483668.6759  EKtot   =     64275.5101  EPtot      =   -547944.1860
 BOND   =      5422.0877  ANGLE   =     19265.7111  DIHED      =     19968.0413
 1-4 NB =      8929.0215  1-4 EEL =     40344.5359  VDWAALS    =     50192.4141
 EELEC  =   -697652.8636  EHBOND  =         0.0000  RESTRAINT  =      4367.8386
 EAMBER (non-restraint)  =   -552312.0246
 EKCMT  =     20090.3721  VIRIAL  =     17828.7867  VOLUME     =   1820764.1750
 CMAP   =      1219.0274
                                                    Density    =         0.9794
 Ewald error estimate:   0.4018E-04
 ------------------------------------------------------------------------------

 NMR restraints: Bond =    0.000   Angle =     0.000   Torsion =     0.000
===============================================================================

 NSTEP =    18900   TIME(PS) =      19.400  TEMP(K) =   172.64  PRESS =    -4.7
 Etot   =   -483377.0153  EKtot   =     64481.3857  EPtot      =   -547858.4009
 BOND   =      5386.3601  ANGLE   =     19347.3606  DIHED      =     19886.9156
 1-4 NB =      8912.3456  1-4 EEL =     40348.5194  VDWAALS    =     50962.5942
 EELEC  =   -698294.3356  EHBOND  =         0.0000  RESTRAINT  =      4381.8860
 EAMBER (non-restraint)  =   -552240.2869
 EKCMT  =     20220.4230  VIRIAL  =     20405.1219  VOLUME     =   1820914.4724
 CMAP   =      1209.9533
                                                    Density    =         0.9793
 Ewald error estimate:   0.5938E-04
 ------------------------------------------------------------------------------

 NMR restraints: Bond =    0.000   Angle =     0.000   Torsion =     0.000
===============================================================================

 NSTEP =    19000   TIME(PS) =      19.500  TEMP(K) =   173.07  PRESS =    55.1
 Etot   =   -482921.5145  EKtot   =     64641.6401  EPtot      =   -547563.1545
 BOND   =      5425.8602  ANGLE   =     19319.2083  DIHED      =     19933.9739
 1-4 NB =      8908.6285  1-4 EEL =     40216.1429  VDWAALS    =     50658.9093
 EELEC  =   -697598.4537  EHBOND  =         0.0000  RESTRAINT  =      4369.1388
 EAMBER (non-restraint)  =   -551932.2934
 EKCMT  =     20300.7489  VIRIAL  =     18132.4098  VOLUME     =   1821089.4216
 CMAP   =      1203.4372
                                                    Density    =         0.9792
 Ewald error estimate:   0.9842E-04
 ------------------------------------------------------------------------------

 NMR restraints: Bond =    0.000   Angle =     0.000   Torsion =     0.000
===============================================================================

 NSTEP =    19100   TIME(PS) =      19.600  TEMP(K) =   173.12  PRESS =    58.2
 Etot   =   -482515.7776  EKtot   =     64662.4942  EPtot      =   -547178.2718
 BOND   =      5486.0726  ANGLE   =     19362.2456  DIHED      =     19912.7817
 1-4 NB =      8916.6550  1-4 EEL =     40359.9738  VDWAALS    =     50750.7981
 EELEC  =   -697617.4119  EHBOND  =         0.0000  RESTRAINT  =      4433.2906
 EAMBER (non-restraint)  =   -551611.5623
 EKCMT  =     20331.6158  VIRIAL  =     18043.6883  VOLUME     =   1821085.6518
 CMAP   =      1217.3228
                                                    Density    =         0.9792
 Ewald error estimate:   0.9588E-04
 ------------------------------------------------------------------------------

 NMR restraints: Bond =    0.000   Angle =     0.000   Torsion =     0.000
===============================================================================

 NSTEP =    19200   TIME(PS) =      19.700  TEMP(K) =   173.99  PRESS =   -53.2
 Etot   =   -482273.1412  EKtot   =     64988.0263  EPtot      =   -547261.1675
 BOND   =      5499.9987  ANGLE   =     19276.3835  DIHED      =     19944.3051
 1-4 NB =      8925.0525  1-4 EEL =     40316.6827  VDWAALS    =     50327.8154
 EELEC  =   -697165.5397  EHBOND  =         0.0000  RESTRAINT  =      4414.4711
 EAMBER (non-restraint)  =   -551675.6387
 EKCMT  =     20273.5236  VIRIAL  =     22366.7442  VOLUME     =   1821177.6841
 CMAP   =      1199.6632
                                                    Density    =         0.9792
 Ewald error estimate:   0.8928E-04
 ------------------------------------------------------------------------------

 NMR restraints: Bond =    0.000   Angle =     0.000   Torsion =     0.000
===============================================================================

 NSTEP =    19300   TIME(PS) =      19.800  TEMP(K) =   174.66  PRESS =   -36.5
 Etot   =   -481883.4438  EKtot   =     65238.1758  EPtot      =   -547121.6196
 BOND   =      5554.7322  ANGLE   =     19427.2266  DIHED      =     19892.9852
 1-4 NB =      8912.8331  1-4 EEL =     40203.4619  VDWAALS    =     50341.0239
 EELEC  =   -697078.0718  EHBOND  =         0.0000  RESTRAINT  =      4408.4374
 EAMBER (non-restraint)  =   -551530.0570
 EKCMT  =     20463.6580  VIRIAL  =     21897.2243  VOLUME     =   1821115.7557
 CMAP   =      1215.7520
                                                    Density    =         0.9792
 Ewald error estimate:   0.4821E-04
 ------------------------------------------------------------------------------

 NMR restraints: Bond =    0.000   Angle =     0.000   Torsion =     0.000
===============================================================================

 NSTEP =    19400   TIME(PS) =      19.900  TEMP(K) =   174.94  PRESS =    98.0
 Etot   =   -481475.3405  EKtot   =     65340.3276  EPtot      =   -546815.6680
 BOND   =      5464.6558  ANGLE   =     19438.5525  DIHED      =     19952.6484
 1-4 NB =      8930.9590  1-4 EEL =     40321.7477  VDWAALS    =     50474.1505
 EELEC  =   -697010.4610  EHBOND  =         0.0000  RESTRAINT  =      4395.3171
 EAMBER (non-restraint)  =   -551210.9851
 EKCMT  =     20361.2298  VIRIAL  =     16507.6886  VOLUME     =   1821197.5472
 CMAP   =      1216.7618
                                                    Density    =         0.9791
 Ewald error estimate:   0.5783E-04
 ------------------------------------------------------------------------------

 NMR restraints: Bond =    0.000   Angle =     0.000   Torsion =     0.000
===============================================================================

 NSTEP =    19500   TIME(PS) =      20.000  TEMP(K) =   175.73  PRESS =    13.4
 Etot   =   -481214.5196  EKtot   =     65638.0009  EPtot      =   -546852.5204
 BOND   =      5470.6897  ANGLE   =     19477.2995  DIHED      =     19909.2592
 1-4 NB =      8887.8503  1-4 EEL =     40238.5715  VDWAALS    =     50698.0659
 EELEC  =   -697205.3725  EHBOND  =         0.0000  RESTRAINT  =      4465.7215
 EAMBER (non-restraint)  =   -551318.2419
 EKCMT  =     20501.6347  VIRIAL  =     19974.8279  VOLUME     =   1821383.8965
 CMAP   =      1205.3944
                                                    Density    =         0.9790
 Ewald error estimate:   0.6829E-04
 ------------------------------------------------------------------------------

 NMR restraints: Bond =    0.000   Angle =     0.000   Torsion =     0.000
===============================================================================

 NSTEP =    19600   TIME(PS) =      20.100  TEMP(K) =   176.12  PRESS =   -29.5
 Etot   =   -481003.1396  EKtot   =     65783.1861  EPtot      =   -546786.3257
 BOND   =      5492.1166  ANGLE   =     19665.3871  DIHED      =     19861.7220
 1-4 NB =      8902.2110  1-4 EEL =     40272.8483  VDWAALS    =     50479.0407
 EELEC  =   -697134.1410  EHBOND  =         0.0000  RESTRAINT  =      4473.5169
 EAMBER (non-restraint)  =   -551259.8426
 EKCMT  =     20622.2857  VIRIAL  =     21782.4556  VOLUME     =   1821468.0113
 CMAP   =      1200.9727
                                                    Density    =         0.9790
 Ewald error estimate:   0.3763E-04
 ------------------------------------------------------------------------------

 NMR restraints: Bond =    0.000   Angle =     0.000   Torsion =     0.000
===============================================================================

 NSTEP =    19700   TIME(PS) =      20.200  TEMP(K) =   176.64  PRESS =   -93.3
 Etot   =   -480709.5394  EKtot   =     65974.3751  EPtot      =   -546683.9145
 BOND   =      5511.6035  ANGLE   =     19527.0663  DIHED      =     19925.7207
 1-4 NB =      8911.2954  1-4 EEL =     40346.5394  VDWAALS    =     49960.8449
 EELEC  =   -696521.8292  EHBOND  =         0.0000  RESTRAINT  =      4455.9745
 EAMBER (non-restraint)  =   -551139.8889
 EKCMT  =     20569.2916  VIRIAL  =     24238.0650  VOLUME     =   1821245.8103
 CMAP   =      1198.8701
                                                    Density    =         0.9791
 Ewald error estimate:   0.7577E-04
 ------------------------------------------------------------------------------

 NMR restraints: Bond =    0.000   Angle =     0.000   Torsion =     0.000
===============================================================================

 NSTEP =    19800   TIME(PS) =      20.300  TEMP(K) =   176.47  PRESS =    78.3
 Etot   =   -480467.1706  EKtot   =     65911.9996  EPtot      =   -546379.1702
 BOND   =      5481.5907  ANGLE   =     19695.4847  DIHED      =     19911.5920
 1-4 NB =      8871.4119  1-4 EEL =     40274.0949  VDWAALS    =     50255.3867
 EELEC  =   -696506.8969  EHBOND  =         0.0000  RESTRAINT  =      4455.3986
 EAMBER (non-restraint)  =   -550834.5688
 EKCMT  =     20595.2251  VIRIAL  =     17515.5550  VOLUME     =   1821257.1548
 CMAP   =      1182.7672
                                                    Density    =         0.9791
 Ewald error estimate:   0.1013E-03
 ------------------------------------------------------------------------------

 NMR restraints: Bond =    0.000   Angle =     0.000   Torsion =     0.000
===============================================================================

 NSTEP =    19900   TIME(PS) =      20.400  TEMP(K) =   176.89  PRESS =     9.9
 Etot   =   -480096.4454  EKtot   =     66069.7060  EPtot      =   -546166.1514
 BOND   =      5611.6225  ANGLE   =     19659.6526  DIHED      =     19902.0699
 1-4 NB =      8901.4285  1-4 EEL =     40401.3348  VDWAALS    =     50280.3078
 EELEC  =   -696630.5757  EHBOND  =         0.0000  RESTRAINT  =      4506.3264
 EAMBER (non-restraint)  =   -550672.4778
 EKCMT  =     20610.2222  VIRIAL  =     20221.6776  VOLUME     =   1821388.2185
 CMAP   =      1201.6817
                                                    Density    =         0.9790
 Ewald error estimate:   0.7559E-04
 ------------------------------------------------------------------------------

 NMR restraints: Bond =    0.000   Angle =     0.000   Torsion =     0.000
===============================================================================

 NSTEP =    20000   TIME(PS) =      20.500  TEMP(K) =   177.08  PRESS =    39.9
 Etot   =   -479769.4624  EKtot   =     66140.1393  EPtot      =   -545909.6017
 BOND   =      5484.9511  ANGLE   =     19738.5926  DIHED      =     19945.4114
 1-4 NB =      8949.3013  1-4 EEL =     40286.7629  VDWAALS    =     50534.8916
 EELEC  =   -696557.8867  EHBOND  =         0.0000  RESTRAINT  =      4529.9926
 EAMBER (non-restraint)  =   -550439.5942
 EKCMT  =     20694.6820  VIRIAL  =     19126.8826  VOLUME     =   1821495.1701
 CMAP   =      1178.3817
                                                    Density    =         0.9790
 Ewald error estimate:   0.1068E-03
 ------------------------------------------------------------------------------

 NMR restraints: Bond =    0.000   Angle =     0.000   Torsion =     0.000
===============================================================================

 NSTEP =    20100   TIME(PS) =      20.600  TEMP(K) =   178.25  PRESS =   -64.2
 Etot   =   -479400.3579  EKtot   =     66577.3500  EPtot      =   -545977.7079
 BOND   =      5694.0962  ANGLE   =     19585.8835  DIHED      =     19929.5081
 1-4 NB =      8950.6799  1-4 EEL =     40208.0432  VDWAALS    =     50470.6451
 EELEC  =   -696529.9581  EHBOND  =         0.0000  RESTRAINT  =      4506.4093
 EAMBER (non-restraint)  =   -550484.1171
 EKCMT  =     20722.2735  VIRIAL  =     23247.6433  VOLUME     =   1821588.1054
 CMAP   =      1206.9849
                                                    Density    =         0.9789
 Ewald error estimate:   0.5544E-04
 ------------------------------------------------------------------------------

 NMR restraints: Bond =    0.000   Angle =     0.000   Torsion =     0.000
===============================================================================

 NSTEP =    20200   TIME(PS) =      20.700  TEMP(K) =   178.52  PRESS =   -10.2
 Etot   =   -479073.0107  EKtot   =     66677.8982  EPtot      =   -545750.9089
 BOND   =      5559.8625  ANGLE   =     19685.2939  DIHED      =     19960.6372
 1-4 NB =      8940.0054  1-4 EEL =     40268.7104  VDWAALS    =     50259.2651
 EELEC  =   -696138.6446  EHBOND  =         0.0000  RESTRAINT  =      4520.6203
 EAMBER (non-restraint)  =   -550271.5291
 EKCMT  =     20744.2990  VIRIAL  =     21147.1447  VOLUME     =   1821456.0943
 CMAP   =      1193.3410
                                                    Density    =         0.9790
 Ewald error estimate:   0.3696E-04
 ------------------------------------------------------------------------------

 NMR restraints: Bond =    0.000   Angle =     0.000   Torsion =     0.000
===============================================================================

 NSTEP =    20300   TIME(PS) =      20.800  TEMP(K) =   178.03  PRESS =    80.3
 Etot   =   -479044.3882  EKtot   =     66496.9457  EPtot      =   -545541.3339
 BOND   =      5548.0813  ANGLE   =     19844.2596  DIHED      =     19903.3247
 1-4 NB =      8939.3557  1-4 EEL =     40300.1491  VDWAALS    =     50164.4135
 EELEC  =   -695998.7663  EHBOND  =         0.0000  RESTRAINT  =      4543.4254
 EAMBER (non-restraint)  =   -550084.7592
 EKCMT  =     20801.1764  VIRIAL  =     17641.7232  VOLUME     =   1821544.2693
 CMAP   =      1214.4231
                                                    Density    =         0.9790
 Ewald error estimate:   0.2346E-04
 ------------------------------------------------------------------------------

 NMR restraints: Bond =    0.000   Angle =     0.000   Torsion =     0.000
===============================================================================

 NSTEP =    20400   TIME(PS) =      20.900  TEMP(K) =   178.41  PRESS =    22.4
 Etot   =   -478790.2028  EKtot   =     66637.9248  EPtot      =   -545428.1277
 BOND   =      5594.7890  ANGLE   =     19850.8693  DIHED      =     19991.7257
 1-4 NB =      8896.8210  1-4 EEL =     40234.7974  VDWAALS    =     50509.3148
 EELEC  =   -696258.5367  EHBOND  =         0.0000  RESTRAINT  =      4529.1083
 EAMBER (non-restraint)  =   -549957.2359
 EKCMT  =     20819.4132  VIRIAL  =     19938.0524  VOLUME     =   1821491.1411
 CMAP   =      1222.9835
                                                    Density    =         0.9790
 Ewald error estimate:   0.8857E-04
 ------------------------------------------------------------------------------

 NMR restraints: Bond =    0.000   Angle =     0.000   Torsion =     0.000
===============================================================================

 NSTEP =    20500   TIME(PS) =      21.000  TEMP(K) =   179.04  PRESS =   -33.6
 Etot   =   -478386.4886  EKtot   =     66871.2744  EPtot      =   -545257.7630
 BOND   =      5574.8484  ANGLE   =     19819.7179  DIHED      =     19924.6438
 1-4 NB =      8963.7252  1-4 EEL =     40247.2538  VDWAALS    =     50153.4781
 EELEC  =   -695705.2828  EHBOND  =         0.0000  RESTRAINT  =      4557.7424
 EAMBER (non-restraint)  =   -549815.5054
 EKCMT  =     20783.4495  VIRIAL  =     22106.3712  VOLUME     =   1821699.9393
 CMAP   =      1206.1101
                                                    Density    =         0.9789
 Ewald error estimate:   0.6334E-04
 ------------------------------------------------------------------------------

 NMR restraints: Bond =    0.000   Angle =     0.000   Torsion =     0.000
===============================================================================

 NSTEP =    20600   TIME(PS) =      21.100  TEMP(K) =   179.10  PRESS =   -55.2
 Etot   =   -478099.3583  EKtot   =     66895.6199  EPtot      =   -544994.9782
 BOND   =      5573.5057  ANGLE   =     19909.3087  DIHED      =     20005.5473
 1-4 NB =      8898.6790  1-4 EEL =     40303.2020  VDWAALS    =     50015.8498
 EELEC  =   -695462.4728  EHBOND  =         0.0000  RESTRAINT  =      4544.1101
 EAMBER (non-restraint)  =   -549539.0883
 EKCMT  =     20943.2590  VIRIAL  =     23114.5206  VOLUME     =   1821603.2583
 CMAP   =      1217.2920
                                                    Density    =         0.9789
 Ewald error estimate:   0.5756E-04
 ------------------------------------------------------------------------------

 NMR restraints: Bond =    0.000   Angle =     0.000   Torsion =     0.000
===============================================================================

 NSTEP =    20700   TIME(PS) =      21.200  TEMP(K) =   179.94  PRESS =  -124.0
 Etot   =   -477719.3677  EKtot   =     67210.2583  EPtot      =   -544929.6260
 BOND   =      5618.1332  ANGLE   =     19941.0145  DIHED      =     19959.2907
 1-4 NB =      8968.6986  1-4 EEL =     40270.6101  VDWAALS    =     49829.1942
 EELEC  =   -695240.1555  EHBOND  =         0.0000  RESTRAINT  =      4532.8335
 EAMBER (non-restraint)  =   -549462.4595
 EKCMT  =     20963.4902  VIRIAL  =     25838.4199  VOLUME     =   1821501.1943
 CMAP   =      1190.7547
                                                    Density    =         0.9790
 Ewald error estimate:   0.5066E-04
 ------------------------------------------------------------------------------

 NMR restraints: Bond =    0.000   Angle =     0.000   Torsion =     0.000
===============================================================================

 NSTEP =    20800   TIME(PS) =      21.300  TEMP(K) =   180.99  PRESS =   -69.4
 Etot   =   -477371.9387  EKtot   =     67601.1921  EPtot      =   -544973.1308
 BOND   =      5594.4692  ANGLE   =     19892.9501  DIHED      =     19986.1464
 1-4 NB =      8929.4526  1-4 EEL =     40266.8432  VDWAALS    =     49706.5851
 EELEC  =   -695110.4730  EHBOND  =         0.0000  RESTRAINT  =      4590.5306
 EAMBER (non-restraint)  =   -549563.6614
 EKCMT  =     21108.7454  VIRIAL  =     23836.1646  VOLUME     =   1821437.9687
 CMAP   =      1170.3650
                                                    Density    =         0.9790
 Ewald error estimate:   0.8233E-04
 ------------------------------------------------------------------------------

 NMR restraints: Bond =    0.000   Angle =     0.000   Torsion =     0.000
===============================================================================

 NSTEP =    20900   TIME(PS) =      21.400  TEMP(K) =   180.97  PRESS =    66.9
 Etot   =   -476979.1246  EKtot   =     67595.1705  EPtot      =   -544574.2951
 BOND   =      5645.8936  ANGLE   =     19905.8703  DIHED      =     20050.7579
 1-4 NB =      8916.9467  1-4 EEL =     40267.3967  VDWAALS    =     50123.8298
 EELEC  =   -695257.0860  EHBOND  =         0.0000  RESTRAINT  =      4569.7876
 EAMBER (non-restraint)  =   -549144.0827
 EKCMT  =     21010.8745  VIRIAL  =     18379.3433  VOLUME     =   1821572.5201
 CMAP   =      1202.3081
                                                    Density    =         0.9789
 Ewald error estimate:   0.5644E-04
 ------------------------------------------------------------------------------

 NMR restraints: Bond =    0.000   Angle =     0.000   Torsion =     0.000
===============================================================================

 NSTEP =    21000   TIME(PS) =      21.500  TEMP(K) =   181.40  PRESS =    60.7
 Etot   =   -476557.6486  EKtot   =     67753.4072  EPtot      =   -544311.0558
 BOND   =      5619.1754  ANGLE   =     20075.0431  DIHED      =     20004.1761
 1-4 NB =      8930.0465  1-4 EEL =     40239.0482  VDWAALS    =     50136.9602
 EELEC  =   -695107.2914  EHBOND  =         0.0000  RESTRAINT  =      4593.7881
 EAMBER (non-restraint)  =   -548904.8439
 EKCMT  =     21109.7149  VIRIAL  =     18721.5804  VOLUME     =   1821703.8435
 CMAP   =      1197.9979
                                                    Density    =         0.9789
 Ewald error estimate:   0.6981E-04
 ------------------------------------------------------------------------------

 NMR restraints: Bond =    0.000   Angle =     0.000   Torsion =     0.000
===============================================================================

 NSTEP =    21100   TIME(PS) =      21.600  TEMP(K) =   181.59  PRESS =    34.6
 Etot   =   -476203.1947  EKtot   =     67826.2030  EPtot      =   -544029.3977
 BOND   =      5627.5586  ANGLE   =     19959.5746  DIHED      =     20005.6335
 1-4 NB =      8928.5630  1-4 EEL =     40197.2862  VDWAALS    =     50240.3417
 EELEC  =   -694775.4712  EHBOND  =         0.0000  RESTRAINT  =      4580.4866
 EAMBER (non-restraint)  =   -548609.8843
 EKCMT  =     20992.4640  VIRIAL  =     19630.6722  VOLUME     =   1821880.6652
 CMAP   =      1206.6292
                                                    Density    =         0.9788
 Ewald error estimate:   0.5431E-04
 ------------------------------------------------------------------------------

 NMR restraints: Bond =    0.000   Angle =     0.000   Torsion =     0.000
===============================================================================

 NSTEP =    21200   TIME(PS) =      21.700  TEMP(K) =   182.16  PRESS =    25.3
 Etot   =   -475974.9493  EKtot   =     68037.9406  EPtot      =   -544012.8899
 BOND   =      5714.9822  ANGLE   =     19966.5412  DIHED      =     19976.1976
 1-4 NB =      8927.2971  1-4 EEL =     40309.1014  VDWAALS    =     49872.1364
 EELEC  =   -694581.9349  EHBOND  =         0.0000  RESTRAINT  =      4578.4137
 EAMBER (non-restraint)  =   -548591.3036
 EKCMT  =     21092.3516  VIRIAL  =     20096.6753  VOLUME     =   1821919.8418
 CMAP   =      1224.3754
                                                    Density    =         0.9788
 Ewald error estimate:   0.2338E-04
 ------------------------------------------------------------------------------

 NMR restraints: Bond =    0.000   Angle =     0.000   Torsion =     0.000
===============================================================================

 NSTEP =    21300   TIME(PS) =      21.800  TEMP(K) =   182.79  PRESS =    21.9
 Etot   =   -475652.6805  EKtot   =     68274.7999  EPtot      =   -543927.4804
 BOND   =      5597.1473  ANGLE   =     20021.7286  DIHED      =     19975.0851
 1-4 NB =      8983.0216  1-4 EEL =     40337.5948  VDWAALS    =     49793.0040
 EELEC  =   -694445.8749  EHBOND  =         0.0000  RESTRAINT  =      4604.2981
 EAMBER (non-restraint)  =   -548531.7785
 EKCMT  =     21200.0081  VIRIAL  =     20337.7653  VOLUME     =   1821773.1207
 CMAP   =      1206.5150
                                                    Density    =         0.9788
 Ewald error estimate:   0.9255E-04
 ------------------------------------------------------------------------------

 NMR restraints: Bond =    0.000   Angle =     0.000   Torsion =     0.000
===============================================================================

 NSTEP =    21400   TIME(PS) =      21.900  TEMP(K) =   182.69  PRESS =    43.4
 Etot   =   -475309.7611  EKtot   =     68236.0113  EPtot      =   -543545.7724
 BOND   =      5745.6772  ANGLE   =     20199.7005  DIHED      =     20011.9064
 1-4 NB =      8944.2567  1-4 EEL =     40353.5776  VDWAALS    =     49472.1428
 EELEC  =   -694091.6768  EHBOND  =         0.0000  RESTRAINT  =      4617.7065
 EAMBER (non-restraint)  =   -548163.4789
 EKCMT  =     21314.1450  VIRIAL  =     19608.3493  VOLUME     =   1821800.6641
 CMAP   =      1200.9367
                                                    Density    =         0.9788
 Ewald error estimate:   0.7317E-04
 ------------------------------------------------------------------------------

 NMR restraints: Bond =    0.000   Angle =     0.000   Torsion =     0.000
===============================================================================

 NSTEP =    21500   TIME(PS) =      22.000  TEMP(K) =   183.46  PRESS =    92.1
 Etot   =   -474980.7042  EKtot   =     68523.0108  EPtot      =   -543503.7149
 BOND   =      5668.4710  ANGLE   =     20114.0171  DIHED      =     19998.4363
 1-4 NB =      8964.9054  1-4 EEL =     40295.7089  VDWAALS    =     49619.3775
 EELEC  =   -693943.8507  EHBOND  =         0.0000  RESTRAINT  =      4566.0667
 EAMBER (non-restraint)  =   -548069.7816
 EKCMT  =     21377.9289  VIRIAL  =     17753.3701  VOLUME     =   1821975.4925
 CMAP   =      1213.1529
                                                    Density    =         0.9787
 Ewald error estimate:   0.7610E-04
 ------------------------------------------------------------------------------

 NMR restraints: Bond =    0.000   Angle =     0.000   Torsion =     0.000
===============================================================================

 NSTEP =    21600   TIME(PS) =      22.100  TEMP(K) =   183.36  PRESS =    36.4
 Etot   =   -474540.0450  EKtot   =     68485.0390  EPtot      =   -543025.0840
 BOND   =      5689.7031  ANGLE   =     20163.3323  DIHED      =     20054.2199
 1-4 NB =      8948.8363  1-4 EEL =     40291.3751  VDWAALS    =     49539.5213
 EELEC  =   -693538.7966  EHBOND  =         0.0000  RESTRAINT  =      4608.3407
 EAMBER (non-restraint)  =   -547633.4247
 EKCMT  =     21438.8347  VIRIAL  =     20007.0619  VOLUME     =   1822166.6350
 CMAP   =      1218.3838
                                                    Density    =         0.9786
 Ewald error estimate:   0.7912E-04
 ------------------------------------------------------------------------------

 NMR restraints: Bond =    0.000   Angle =     0.000   Torsion =     0.000
===============================================================================

 NSTEP =    21700   TIME(PS) =      22.200  TEMP(K) =   184.12  PRESS =   -22.4
 Etot   =   -474495.2615  EKtot   =     68768.2927  EPtot      =   -543263.5542
 BOND   =      5733.1333  ANGLE   =     20146.1241  DIHED      =     20027.6130
 1-4 NB =      8984.2186  1-4 EEL =     40265.8150  VDWAALS    =     49603.4546
 EELEC  =   -693821.1638  EHBOND  =         0.0000  RESTRAINT  =      4581.1324
 EAMBER (non-restraint)  =   -547844.6866
 EKCMT  =     21411.1982  VIRIAL  =     22290.8423  VOLUME     =   1822054.2724
 CMAP   =      1216.1186
                                                    Density    =         0.9787
 Ewald error estimate:   0.1847E-04
 ------------------------------------------------------------------------------

 NMR restraints: Bond =    0.000   Angle =     0.000   Torsion =     0.000
===============================================================================

 NSTEP =    21800   TIME(PS) =      22.300  TEMP(K) =   184.50  PRESS =   -21.2
 Etot   =   -474153.2836  EKtot   =     68912.5615  EPtot      =   -543065.8451
 BOND   =      5774.3956  ANGLE   =     20157.5016  DIHED      =     19990.2266
 1-4 NB =      8938.7071  1-4 EEL =     40356.9667  VDWAALS    =     49377.1207
 EELEC  =   -693462.2442  EHBOND  =         0.0000  RESTRAINT  =      4590.9304
 EAMBER (non-restraint)  =   -547656.7755
 EKCMT  =     21614.8454  VIRIAL  =     22448.5109  VOLUME     =   1822380.5245
 CMAP   =      1210.5504
                                                    Density    =         0.9785
 Ewald error estimate:   0.7471E-04
 ------------------------------------------------------------------------------

 NMR restraints: Bond =    0.000   Angle =     0.000   Torsion =     0.000
===============================================================================

 NSTEP =    21900   TIME(PS) =      22.400  TEMP(K) =   184.84  PRESS =    -0.8
 Etot   =   -473824.6983  EKtot   =     69040.6673  EPtot      =   -542865.3656
 BOND   =      5724.7446  ANGLE   =     20259.6319  DIHED      =     20019.7042
 1-4 NB =      8951.7874  1-4 EEL =     40259.6018  VDWAALS    =     49343.0774
 EELEC  =   -693250.5923  EHBOND  =         0.0000  RESTRAINT  =      4610.7012
 EAMBER (non-restraint)  =   -547476.0667
 EKCMT  =     21660.6667  VIRIAL  =     21692.0429  VOLUME     =   1822398.2812
 CMAP   =      1215.9783
                                                    Density    =         0.9785
 Ewald error estimate:   0.6435E-04
 ------------------------------------------------------------------------------

 NMR restraints: Bond =    0.000   Angle =     0.000   Torsion =     0.000
===============================================================================

 NSTEP =    22000   TIME(PS) =      22.500  TEMP(K) =   185.62  PRESS =    65.7
 Etot   =   -473561.3496  EKtot   =     69329.2881  EPtot      =   -542890.6377
 BOND   =      5734.5912  ANGLE   =     20290.1379  DIHED      =     19961.2226
 1-4 NB =      8976.6638  1-4 EEL =     40257.3736  VDWAALS    =     49446.4456
 EELEC  =   -693338.4389  EHBOND  =         0.0000  RESTRAINT  =      4598.5673
 EAMBER (non-restraint)  =   -547489.2050
 EKCMT  =     21664.0962  VIRIAL  =     19078.2561  VOLUME     =   1822496.8788
 CMAP   =      1182.7992
                                                    Density    =         0.9785
 Ewald error estimate:   0.6630E-04
 ------------------------------------------------------------------------------

 NMR restraints: Bond =    0.000   Angle =     0.000   Torsion =     0.000
===============================================================================

 NSTEP =    22100   TIME(PS) =      22.600  TEMP(K) =   185.07  PRESS =    23.1
 Etot   =   -473345.6490  EKtot   =     69124.0263  EPtot      =   -542469.6753
 BOND   =      5765.2798  ANGLE   =     20301.3624  DIHED      =     20065.4325
 1-4 NB =      8990.7518  1-4 EEL =     40265.3977  VDWAALS    =     49381.8166
 EELEC  =   -693090.4205  EHBOND  =         0.0000  RESTRAINT  =      4653.6723
 EAMBER (non-restraint)  =   -547123.3476
 EKCMT  =     21607.8127  VIRIAL  =     20700.6702  VOLUME     =   1822509.3538
 CMAP   =      1197.0320
                                                    Density    =         0.9784
 Ewald error estimate:   0.5554E-04
 ------------------------------------------------------------------------------

 NMR restraints: Bond =    0.000   Angle =     0.000   Torsion =     0.000
===============================================================================

 NSTEP =    22200   TIME(PS) =      22.700  TEMP(K) =   185.64  PRESS =    34.7
 Etot   =   -473064.0010  EKtot   =     69337.0766  EPtot      =   -542401.0776
 BOND   =      5776.7787  ANGLE   =     20241.5164  DIHED      =     19993.2714
 1-4 NB =      8984.7701  1-4 EEL =     40201.9035  VDWAALS    =     49219.8755
 EELEC  =   -692664.7534  EHBOND  =         0.0000  RESTRAINT  =      4641.5417
 EAMBER (non-restraint)  =   -547042.6193
 EKCMT  =     21593.7580  VIRIAL  =     20227.4630  VOLUME     =   1822636.2534
 CMAP   =      1204.0185
                                                    Density    =         0.9784
 Ewald error estimate:   0.4764E-04
 ------------------------------------------------------------------------------

 NMR restraints: Bond =    0.000   Angle =     0.000   Torsion =     0.000
===============================================================================

 NSTEP =    22300   TIME(PS) =      22.800  TEMP(K) =   186.20  PRESS =   -84.0
 Etot   =   -472809.5832  EKtot   =     69545.3474  EPtot      =   -542354.9306
 BOND   =      5749.6037  ANGLE   =     20397.7305  DIHED      =     20032.9693
 1-4 NB =      8920.4893  1-4 EEL =     40236.2892  VDWAALS    =     49107.8563
 EELEC  =   -692658.8324  EHBOND  =         0.0000  RESTRAINT  =      4666.9096
 EAMBER (non-restraint)  =   -547021.8401
 EKCMT  =     21685.3049  VIRIAL  =     24989.7497  VOLUME     =   1822606.8661
 CMAP   =      1192.0539
                                                    Density    =         0.9784
 Ewald error estimate:   0.8913E-04
 ------------------------------------------------------------------------------

 NMR restraints: Bond =    0.000   Angle =     0.000   Torsion =     0.000
===============================================================================

 NSTEP =    22400   TIME(PS) =      22.900  TEMP(K) =   186.43  PRESS =   108.0
 Etot   =   -472587.4694  EKtot   =     69632.7490  EPtot      =   -542220.2185
 BOND   =      5875.3449  ANGLE   =     20403.4770  DIHED      =     19994.2847
 1-4 NB =      8949.8186  1-4 EEL =     40332.1716  VDWAALS    =     49414.1250
 EELEC  =   -693039.3038  EHBOND  =         0.0000  RESTRAINT  =      4655.9356
 EAMBER (non-restraint)  =   -546876.1541
 EKCMT  =     21813.3488  VIRIAL  =     17564.6724  VOLUME     =   1822672.6941
 CMAP   =      1193.9279
                                                    Density    =         0.9784
 Ewald error estimate:   0.7955E-04
 ------------------------------------------------------------------------------

 NMR restraints: Bond =    0.000   Angle =     0.000   Torsion =     0.000
===============================================================================

 NSTEP =    22500   TIME(PS) =      23.000  TEMP(K) =   185.77  PRESS =   -26.5
 Etot   =   -472122.4509  EKtot   =     69385.4562  EPtot      =   -541507.9071
 BOND   =      5763.9147  ANGLE   =     20504.4083  DIHED      =     19986.9300
 1-4 NB =      8994.9031  1-4 EEL =     40371.5077  VDWAALS    =     48809.0790
 EELEC  =   -691791.9036  EHBOND  =         0.0000  RESTRAINT  =      4668.0786
 EAMBER (non-restraint)  =   -546175.9857
 EKCMT  =     21638.8946  VIRIAL  =     22683.1635  VOLUME     =   1822642.7036
 CMAP   =      1185.1751
                                                    Density    =         0.9784
 Ewald error estimate:   0.5787E-04
 ------------------------------------------------------------------------------

 NMR restraints: Bond =    0.000   Angle =     0.000   Torsion =     0.000
===============================================================================

 NSTEP =    22600   TIME(PS) =      23.100  TEMP(K) =   187.27  PRESS =   -64.7
 Etot   =   -471666.1351  EKtot   =     69944.7934  EPtot      =   -541610.9285
 BOND   =      5836.2581  ANGLE   =     20398.8935  DIHED      =     20030.5425
 1-4 NB =      8967.9765  1-4 EEL =     40208.6170  VDWAALS    =     49359.4770
 EELEC  =   -692323.7178  EHBOND  =         0.0000  RESTRAINT  =      4709.7901
 EAMBER (non-restraint)  =   -546320.7186
 EKCMT  =     21893.6150  VIRIAL  =     24440.3401  VOLUME     =   1822527.2964
 CMAP   =      1201.2346
                                                    Density    =         0.9784
 Ewald error estimate:   0.8734E-04
 ------------------------------------------------------------------------------

 NMR restraints: Bond =    0.000   Angle =     0.000   Torsion =     0.000
===============================================================================

 NSTEP =    22700   TIME(PS) =      23.200  TEMP(K) =   187.18  PRESS =   -26.8
 Etot   =   -471358.6142  EKtot   =     69914.5735  EPtot      =   -541273.1877
 BOND   =      5847.8766  ANGLE   =     20568.9143  DIHED      =     20059.5573
 1-4 NB =      8934.8141  1-4 EEL =     40311.0549  VDWAALS    =     48881.9969
 EELEC  =   -691838.1211  EHBOND  =         0.0000  RESTRAINT  =      4756.2748
 EAMBER (non-restraint)  =   -546029.4624
 EKCMT  =     21888.0218  VIRIAL  =     22941.2409  VOLUME     =   1822499.5471
 CMAP   =      1204.4446
                                                    Density    =         0.9784
 Ewald error estimate:   0.7737E-04
 ------------------------------------------------------------------------------

 NMR restraints: Bond =    0.000   Angle =     0.000   Torsion =     0.000
===============================================================================

 NSTEP =    22800   TIME(PS) =      23.300  TEMP(K) =   188.53  PRESS =    19.1
 Etot   =   -471074.1883  EKtot   =     70415.8860  EPtot      =   -541490.0743
 BOND   =      5750.1741  ANGLE   =     20507.9225  DIHED      =     20047.1159
 1-4 NB =      8942.9734  1-4 EEL =     40292.3041  VDWAALS    =     48701.1788
 EELEC  =   -691656.9076  EHBOND  =         0.0000  RESTRAINT  =      4722.4263
 EAMBER (non-restraint)  =   -546212.5006
 EKCMT  =     21912.7250  VIRIAL  =     21161.6080  VOLUME     =   1822533.4300
 CMAP   =      1202.7382
                                                    Density    =         0.9784
 Ewald error estimate:   0.4686E-04
 ------------------------------------------------------------------------------

 NMR restraints: Bond =    0.000   Angle =     0.000   Torsion =     0.000
===============================================================================

 NSTEP =    22900   TIME(PS) =      23.400  TEMP(K) =   188.33  PRESS =    38.0
 Etot   =   -470627.6988  EKtot   =     70344.0139  EPtot      =   -540971.7127
 BOND   =      5857.3227  ANGLE   =     20425.9983  DIHED      =     20085.0428
 1-4 NB =      8983.8295  1-4 EEL =     40216.6021  VDWAALS    =     48896.3604
 EELEC  =   -691416.0663  EHBOND  =         0.0000  RESTRAINT  =      4772.3407
 EAMBER (non-restraint)  =   -545744.0534
 EKCMT  =     21843.0863  VIRIAL  =     20347.9136  VOLUME     =   1822658.8704
 CMAP   =      1206.8570
                                                    Density    =         0.9784
 Ewald error estimate:   0.7852E-04
 ------------------------------------------------------------------------------

 NMR restraints: Bond =    0.000   Angle =     0.000   Torsion =     0.000
===============================================================================

 NSTEP =    23000   TIME(PS) =      23.500  TEMP(K) =   189.19  PRESS =   -36.5
 Etot   =   -470366.3672  EKtot   =     70665.3826  EPtot      =   -541031.7498
 BOND   =      5795.9697  ANGLE   =     20552.1665  DIHED      =     20063.8401
 1-4 NB =      8954.6772  1-4 EEL =     40385.2524  VDWAALS    =     49090.3678
 EELEC  =   -691832.8834  EHBOND  =         0.0000  RESTRAINT  =      4767.7220
 EAMBER (non-restraint)  =   -545799.4719
 EKCMT  =     22032.7198  VIRIAL  =     23469.5772  VOLUME     =   1822564.4085
 CMAP   =      1191.1378
                                                    Density    =         0.9784
 Ewald error estimate:   0.8326E-04
 ------------------------------------------------------------------------------

 NMR restraints: Bond =    0.000   Angle =     0.000   Torsion =     0.000
===============================================================================

 NSTEP =    23100   TIME(PS) =      23.600  TEMP(K) =   189.37  PRESS =   139.4
 Etot   =   -469936.7964  EKtot   =     70729.7804  EPtot      =   -540666.5768
 BOND   =      5931.1225  ANGLE   =     20579.6394  DIHED      =     20125.0822
 1-4 NB =      8947.8533  1-4 EEL =     40139.2739  VDWAALS    =     49432.3456
 EELEC  =   -691774.5802  EHBOND  =         0.0000  RESTRAINT  =      4775.7822
 EAMBER (non-restraint)  =   -545442.3589
 EKCMT  =     22084.3972  VIRIAL  =     16598.1855  VOLUME     =   1822875.7403
 CMAP   =      1176.9043
                                                    Density    =         0.9782
 Ewald error estimate:   0.7485E-04
 ------------------------------------------------------------------------------

 NMR restraints: Bond =    0.000   Angle =     0.000   Torsion =     0.000
===============================================================================

 NSTEP =    23200   TIME(PS) =      23.700  TEMP(K) =   190.13  PRESS =    56.3
 Etot   =   -469448.4881  EKtot   =     71014.9221  EPtot      =   -540463.4102
 BOND   =      5888.9317  ANGLE   =     20583.6236  DIHED      =     20077.6045
 1-4 NB =      9005.0401  1-4 EEL =     40438.3307  VDWAALS    =     49134.6439
 EELEC  =   -691557.8427  EHBOND  =         0.0000  RESTRAINT  =      4762.1792
 EAMBER (non-restraint)  =   -545225.5894
 EKCMT  =     22279.1508  VIRIAL  =     20063.2310  VOLUME     =   1823351.5834
 CMAP   =      1204.0788
                                                    Density    =         0.9780
 Ewald error estimate:   0.9217E-04
 ------------------------------------------------------------------------------

 NMR restraints: Bond =    0.000   Angle =     0.000   Torsion =     0.000
===============================================================================

 NSTEP =    23300   TIME(PS) =      23.800  TEMP(K) =   190.24  PRESS =    75.4
 Etot   =   -468948.2210  EKtot   =     71056.6773  EPtot      =   -540004.8983
 BOND   =      5829.5117  ANGLE   =     20717.3390  DIHED      =     20082.9891
 1-4 NB =      9031.2691  1-4 EEL =     40220.5189  VDWAALS    =     48597.5927
 EELEC  =   -690438.2038  EHBOND  =         0.0000  RESTRAINT  =      4759.4699
 EAMBER (non-restraint)  =   -544764.3682
 EKCMT  =     22153.3736  VIRIAL  =     19182.9537  VOLUME     =   1823626.5965
 CMAP   =      1194.6152
                                                    Density    =         0.9778
 Ewald error estimate:   0.7492E-04
 ------------------------------------------------------------------------------

 NMR restraints: Bond =    0.000   Angle =     0.000   Torsion =     0.000
===============================================================================

 NSTEP =    23400   TIME(PS) =      23.900  TEMP(K) =   191.02  PRESS =    65.5
 Etot   =   -468627.6058  EKtot   =     71345.4600  EPtot      =   -539973.0657
 BOND   =      5871.8069  ANGLE   =     20652.7554  DIHED      =     20071.7443
 1-4 NB =      9006.0014  1-4 EEL =     40268.1555  VDWAALS    =     48693.3768
 EELEC  =   -690474.4525  EHBOND  =         0.0000  RESTRAINT  =      4742.7178
 EAMBER (non-restraint)  =   -544715.7835
 EKCMT  =     22282.7681  VIRIAL  =     19705.0859  VOLUME     =   1823913.3320
 CMAP   =      1194.8286
                                                    Density    =         0.9777
 Ewald error estimate:   0.3537E-04
 ------------------------------------------------------------------------------

 NMR restraints: Bond =    0.000   Angle =     0.000   Torsion =     0.000
===============================================================================

 NSTEP =    23500   TIME(PS) =      24.000  TEMP(K) =   191.32  PRESS =     0.1
 Etot   =   -468183.7550  EKtot   =     71458.3124  EPtot      =   -539642.0674
 BOND   =      5909.8380  ANGLE   =     20766.5400  DIHED      =     20053.4987
 1-4 NB =      9012.2149  1-4 EEL =     40377.3116  VDWAALS    =     48548.5011
 EELEC  =   -690331.6742  EHBOND  =         0.0000  RESTRAINT  =      4806.8654
 EAMBER (non-restraint)  =   -544448.9329
 EKCMT  =     22342.4258  VIRIAL  =     22337.3778  VOLUME     =   1824104.8301
 CMAP   =      1214.8369
                                                    Density    =         0.9776
 Ewald error estimate:   0.3921E-04
 ------------------------------------------------------------------------------

 NMR restraints: Bond =    0.000   Angle =     0.000   Torsion =     0.000
===============================================================================

 NSTEP =    23600   TIME(PS) =      24.100  TEMP(K) =   191.81  PRESS =   -21.5
 Etot   =   -467886.6768  EKtot   =     71641.6082  EPtot      =   -539528.2850
 BOND   =      5989.4012  ANGLE   =     20821.4375  DIHED      =     20104.1866
 1-4 NB =      8994.2770  1-4 EEL =     40318.1209  VDWAALS    =     48622.6536
 EELEC  =   -690456.7170  EHBOND  =         0.0000  RESTRAINT  =      4881.5490
 EAMBER (non-restraint)  =   -544409.8340
 EKCMT  =     22479.5471  VIRIAL  =     23324.9020  VOLUME     =   1824172.0568
 CMAP   =      1196.8063
                                                    Density    =         0.9776
 Ewald error estimate:   0.8656E-04
 ------------------------------------------------------------------------------

 NMR restraints: Bond =    0.000   Angle =     0.000   Torsion =     0.000
===============================================================================

 NSTEP =    23700   TIME(PS) =      24.200  TEMP(K) =   192.36  PRESS =    28.0
 Etot   =   -467514.9397  EKtot   =     71847.7294  EPtot      =   -539362.6691
 BOND   =      5911.1146  ANGLE   =     20801.3377  DIHED      =     20138.0935
 1-4 NB =      8976.2912  1-4 EEL =     40313.0018  VDWAALS    =     48800.1304
 EELEC  =   -690317.2409  EHBOND  =         0.0000  RESTRAINT  =      4819.3386
 EAMBER (non-restraint)  =   -544182.0076
 EKCMT  =     22496.2347  VIRIAL  =     21392.2827  VOLUME     =   1824583.8800
 CMAP   =      1195.2641
                                                    Density    =         0.9773
 Ewald error estimate:   0.5065E-04
 ------------------------------------------------------------------------------

 NMR restraints: Bond =    0.000   Angle =     0.000   Torsion =     0.000
===============================================================================

 NSTEP =    23800   TIME(PS) =      24.300  TEMP(K) =   192.40  PRESS =   -16.1
 Etot   =   -467259.7762  EKtot   =     71861.0173  EPtot      =   -539120.7935
 BOND   =      5992.1165  ANGLE   =     20852.9798  DIHED      =     20145.9911
 1-4 NB =      8987.2566  1-4 EEL =     40405.3694  VDWAALS    =     48523.1768
 EELEC  =   -690073.9889  EHBOND  =         0.0000  RESTRAINT  =      4851.2087
 EAMBER (non-restraint)  =   -543972.0022
 EKCMT  =     22384.9684  VIRIAL  =     23020.8997  VOLUME     =   1824693.1359
 CMAP   =      1195.0965
                                                    Density    =         0.9773
 Ewald error estimate:   0.5374E-04
 ------------------------------------------------------------------------------

 NMR restraints: Bond =    0.000   Angle =     0.000   Torsion =     0.000
===============================================================================

 NSTEP =    23900   TIME(PS) =      24.400  TEMP(K) =   192.63  PRESS =    17.7
 Etot   =   -466926.4795  EKtot   =     71947.3032  EPtot      =   -538873.7827
 BOND   =      6080.1128  ANGLE   =     20843.6609  DIHED      =     20109.7627
 1-4 NB =      8974.4768  1-4 EEL =     40379.8299  VDWAALS    =     48335.7417
 EELEC  =   -689624.6531  EHBOND  =         0.0000  RESTRAINT  =      4814.9635
 EAMBER (non-restraint)  =   -543688.7462
 EKCMT  =     22447.0771  VIRIAL  =     21748.4655  VOLUME     =   1824830.3935
 CMAP   =      1212.3221
                                                    Density    =         0.9772
 Ewald error estimate:   0.9637E-04
 ------------------------------------------------------------------------------

 NMR restraints: Bond =    0.000   Angle =     0.000   Torsion =     0.000
===============================================================================

 NSTEP =    24000   TIME(PS) =      24.500  TEMP(K) =   192.79  PRESS =    47.1
 Etot   =   -466807.8430  EKtot   =     72007.9749  EPtot      =   -538815.8179
 BOND   =      5911.3944  ANGLE   =     20919.0218  DIHED      =     20069.5300
 1-4 NB =      8948.3161  1-4 EEL =     40308.6624  VDWAALS    =     48409.5678
 EELEC  =   -689472.0165  EHBOND  =         0.0000  RESTRAINT  =      4892.9360
 EAMBER (non-restraint)  =   -543708.7539
 EKCMT  =     22396.0673  VIRIAL  =     20541.9921  VOLUME     =   1824498.9812
 CMAP   =      1196.7701
                                                    Density    =         0.9774
 Ewald error estimate:   0.1024E-03
 ------------------------------------------------------------------------------

 NMR restraints: Bond =    0.000   Angle =     0.000   Torsion =     0.000
===============================================================================

 NSTEP =    24100   TIME(PS) =      24.600  TEMP(K) =   193.00  PRESS =     7.8
 Etot   =   -466637.6289  EKtot   =     72085.9270  EPtot      =   -538723.5558
 BOND   =      5912.7856  ANGLE   =     20933.6648  DIHED      =     20059.8292
 1-4 NB =      9002.7659  1-4 EEL =     40272.4543  VDWAALS    =     48508.0751
 EELEC  =   -689459.6592  EHBOND  =         0.0000  RESTRAINT  =      4850.5200
 EAMBER (non-restraint)  =   -543574.0758
 EKCMT  =     22446.1343  VIRIAL  =     22138.7611  VOLUME     =   1824338.7492
 CMAP   =      1196.0084
                                                    Density    =         0.9775
 Ewald error estimate:   0.3183E-04
 ------------------------------------------------------------------------------

 NMR restraints: Bond =    0.000   Angle =     0.000   Torsion =     0.000
===============================================================================

 NSTEP =    24200   TIME(PS) =      24.700  TEMP(K) =   193.89  PRESS =    38.6
 Etot   =   -466296.9446  EKtot   =     72420.3763  EPtot      =   -538717.3209
 BOND   =      5994.6591  ANGLE   =     20910.9142  DIHED      =     20089.4063
 1-4 NB =      8979.2581  1-4 EEL =     40265.1811  VDWAALS    =     48401.3754
 EELEC  =   -689408.3784  EHBOND  =         0.0000  RESTRAINT  =      4845.8718
 EAMBER (non-restraint)  =   -543563.1927
 EKCMT  =     22525.7378  VIRIAL  =     21004.3949  VOLUME     =   1824228.9291
 CMAP   =      1204.3915
                                                    Density    =         0.9775
 Ewald error estimate:   0.2635E-04
 ------------------------------------------------------------------------------

 NMR restraints: Bond =    0.000   Angle =     0.000   Torsion =     0.000
===============================================================================

 NSTEP =    24300   TIME(PS) =      24.800  TEMP(K) =   194.46  PRESS =    24.9
 Etot   =   -465963.7557  EKtot   =     72631.1458  EPtot      =   -538594.9015
 BOND   =      5988.7757  ANGLE   =     21020.6337  DIHED      =     20128.3847
 1-4 NB =      8961.5501  1-4 EEL =     40228.8943  VDWAALS    =     48418.2443
 EELEC  =   -689377.6660  EHBOND  =         0.0000  RESTRAINT  =      4814.2814
 EAMBER (non-restraint)  =   -543409.1830
 EKCMT  =     22608.8742  VIRIAL  =     21626.9820  VOLUME     =   1824304.8929
 CMAP   =      1222.0002
                                                    Density    =         0.9775
 Ewald error estimate:   0.4033E-04
 ------------------------------------------------------------------------------

 NMR restraints: Bond =    0.000   Angle =     0.000   Torsion =     0.000
===============================================================================

 NSTEP =    24400   TIME(PS) =      24.900  TEMP(K) =   194.56  PRESS =    10.3
 Etot   =   -465638.1360  EKtot   =     72669.1776  EPtot      =   -538307.3136
 BOND   =      6012.3829  ANGLE   =     20887.0104  DIHED      =     20117.9757
 1-4 NB =      8978.6722  1-4 EEL =     40300.1315  VDWAALS    =     48690.4422
 EELEC  =   -689425.7150  EHBOND  =         0.0000  RESTRAINT  =      4924.6840
 EAMBER (non-restraint)  =   -543231.9977
 EKCMT  =     22496.9930  VIRIAL  =     22092.0608  VOLUME     =   1824429.8382
 CMAP   =      1207.1024
                                                    Density    =         0.9774
 Ewald error estimate:   0.4719E-04
 ------------------------------------------------------------------------------

 NMR restraints: Bond =    0.000   Angle =     0.000   Torsion =     0.000
===============================================================================

 NSTEP =    24500   TIME(PS) =      25.000  TEMP(K) =   194.96  PRESS =   112.4
 Etot   =   -465169.4742  EKtot   =     72817.0973  EPtot      =   -537986.5715
 BOND   =      6025.1108  ANGLE   =     21045.1134  DIHED      =     20126.6001
 1-4 NB =      8992.9282  1-4 EEL =     40338.1010  VDWAALS    =     48697.5913
 EELEC  =   -689330.2851  EHBOND  =         0.0000  RESTRAINT  =      4925.2933
 EAMBER (non-restraint)  =   -542911.8648
 EKCMT  =     22637.3522  VIRIAL  =     18209.5954  VOLUME     =   1824653.7987
 CMAP   =      1192.9755
                                                    Density    =         0.9773
 Ewald error estimate:   0.9126E-04
 ------------------------------------------------------------------------------

 NMR restraints: Bond =    0.000   Angle =     0.000   Torsion =     0.000
===============================================================================

 NSTEP =    24600   TIME(PS) =      25.100  TEMP(K) =   196.06  PRESS =    50.5
 Etot   =   -464802.2809  EKtot   =     73227.9842  EPtot      =   -538030.2652
 BOND   =      6058.1584  ANGLE   =     21072.6636  DIHED      =     20145.3517
 1-4 NB =      8990.9817  1-4 EEL =     40312.5233  VDWAALS    =     48384.4905
 EELEC  =   -689093.5664  EHBOND  =         0.0000  RESTRAINT  =      4875.5972
 EAMBER (non-restraint)  =   -542905.8624
 EKCMT  =     22776.9070  VIRIAL  =     20785.5399  VOLUME     =   1824823.6081
 CMAP   =      1223.5347
                                                    Density    =         0.9772
 Ewald error estimate:   0.4308E-04
 ------------------------------------------------------------------------------

 NMR restraints: Bond =    0.000   Angle =     0.000   Torsion =     0.000
===============================================================================

 NSTEP =    24700   TIME(PS) =      25.200  TEMP(K) =   195.77  PRESS =    33.3
 Etot   =   -464567.8776  EKtot   =     73123.2051  EPtot      =   -537691.0827
 BOND   =      6038.2961  ANGLE   =     21022.8225  DIHED      =     20174.6573
 1-4 NB =      8991.9952  1-4 EEL =     40191.1288  VDWAALS    =     48370.5558
 EELEC  =   -688527.6807  EHBOND  =         0.0000  RESTRAINT  =      4870.0935
 EAMBER (non-restraint)  =   -542561.1762
 EKCMT  =     22637.3772  VIRIAL  =     21326.1178  VOLUME     =   1824793.4287
 CMAP   =      1177.0488
                                                    Density    =         0.9772
 Ewald error estimate:   0.5286E-04
 ------------------------------------------------------------------------------

 NMR restraints: Bond =    0.000   Angle =     0.000   Torsion =     0.000
===============================================================================

 NSTEP =    24800   TIME(PS) =      25.300  TEMP(K) =   196.27  PRESS =    64.3
 Etot   =   -464160.8243  EKtot   =     73308.6218  EPtot      =   -537469.4460
 BOND   =      5981.8492  ANGLE   =     21118.2379  DIHED      =     20141.5409
 1-4 NB =      8994.0177  1-4 EEL =     40286.1078  VDWAALS    =     48266.7968
 EELEC  =   -688358.8481  EHBOND  =         0.0000  RESTRAINT  =      4904.8322
 EAMBER (non-restraint)  =   -542374.2783
 EKCMT  =     22695.6879  VIRIAL  =     20160.9052  VOLUME     =   1824789.3330
 CMAP   =      1196.0196
                                                    Density    =         0.9772
 Ewald error estimate:   0.4916E-04
 ------------------------------------------------------------------------------

 NMR restraints: Bond =    0.000   Angle =     0.000   Torsion =     0.000
===============================================================================

 NSTEP =    24900   TIME(PS) =      25.400  TEMP(K) =   196.57  PRESS =    35.4
 Etot   =   -463871.2771  EKtot   =     73419.6707  EPtot      =   -537290.9478
 BOND   =      6012.1117  ANGLE   =     21090.8165  DIHED      =     20092.7571
 1-4 NB =      8991.6995  1-4 EEL =     40376.9063  VDWAALS    =     47787.3494
 EELEC  =   -687823.1773  EHBOND  =         0.0000  RESTRAINT  =      4964.4796
 EAMBER (non-restraint)  =   -542255.4274
 EKCMT  =     22747.7326  VIRIAL  =     21351.6160  VOLUME     =   1824855.4962
 CMAP   =      1216.1094
                                                    Density    =         0.9772
 Ewald error estimate:   0.8823E-04
 ------------------------------------------------------------------------------

 NMR restraints: Bond =    0.000   Angle =     0.000   Torsion =     0.000
===============================================================================

 NSTEP =    25000   TIME(PS) =      25.500  TEMP(K) =   197.09  PRESS =     8.4
 Etot   =   -463573.0058  EKtot   =     73612.7711  EPtot      =   -537185.7769
 BOND   =      6044.3541  ANGLE   =     21190.1282  DIHED      =     20112.8872
 1-4 NB =      8992.9660  1-4 EEL =     40295.9786  VDWAALS    =     48217.0682
 EELEC  =   -688185.2711  EHBOND  =         0.0000  RESTRAINT  =      4927.4179
 EAMBER (non-restraint)  =   -542113.1949
 EKCMT  =     22853.7774  VIRIAL  =     22524.4457  VOLUME     =   1824952.2840
 CMAP   =      1218.6937
                                                    Density    =         0.9771
 Ewald error estimate:   0.9234E-04
 ------------------------------------------------------------------------------

 NMR restraints: Bond =    0.000   Angle =     0.000   Torsion =     0.000
===============================================================================

 NSTEP =    25100   TIME(PS) =      25.600  TEMP(K) =   196.97  PRESS =   139.2
 Etot   =   -463242.8853  EKtot   =     73568.4751  EPtot      =   -536811.3603
 BOND   =      6169.4284  ANGLE   =     21084.1427  DIHED      =     20115.0849
 1-4 NB =      8996.9748  1-4 EEL =     40279.5466  VDWAALS    =     48118.4957
 EELEC  =   -687703.7227  EHBOND  =         0.0000  RESTRAINT  =      4928.9327
 EAMBER (non-restraint)  =   -541740.2930
 EKCMT  =     22965.0120  VIRIAL  =     17478.5441  VOLUME     =   1825019.8089
 CMAP   =      1199.7566
                                                    Density    =         0.9771
 Ewald error estimate:   0.3184E-04
 ------------------------------------------------------------------------------

 NMR restraints: Bond =    0.000   Angle =     0.000   Torsion =     0.000
===============================================================================

 NSTEP =    25200   TIME(PS) =      25.700  TEMP(K) =   197.46  PRESS =   -51.5
 Etot   =   -463048.2451  EKtot   =     73753.8991  EPtot      =   -536802.1442
 BOND   =      6043.9509  ANGLE   =     21114.9139  DIHED      =     20116.6641
 1-4 NB =      8997.1233  1-4 EEL =     40261.0492  VDWAALS    =     47932.5840
 EELEC  =   -687422.9966  EHBOND  =         0.0000  RESTRAINT  =      4938.2993
 EAMBER (non-restraint)  =   -541740.4435
 EKCMT  =     22955.9094  VIRIAL  =     24985.4973  VOLUME     =   1825315.4494
 CMAP   =      1216.2677
                                                    Density    =         0.9769
 Ewald error estimate:   0.4711E-04
 ------------------------------------------------------------------------------

 NMR restraints: Bond =    0.000   Angle =     0.000   Torsion =     0.000
===============================================================================

 NSTEP =    25300   TIME(PS) =      25.800  TEMP(K) =   198.18  PRESS =     9.4
 Etot   =   -462657.3489  EKtot   =     74022.3836  EPtot      =   -536679.7326
 BOND   =      5944.4476  ANGLE   =     21134.6870  DIHED      =     20059.0022
 1-4 NB =      8998.8983  1-4 EEL =     40285.7940  VDWAALS    =     47908.8663
 EELEC  =   -687229.7198  EHBOND  =         0.0000  RESTRAINT  =      5004.3361
 EAMBER (non-restraint)  =   -541684.0686
 EKCMT  =     23126.3573  VIRIAL  =     22755.0098  VOLUME     =   1825255.9334
 CMAP   =      1213.9558
                                                    Density    =         0.9770
 Ewald error estimate:   0.6245E-04
 ------------------------------------------------------------------------------

 NMR restraints: Bond =    0.000   Angle =     0.000   Torsion =     0.000
===============================================================================

 NSTEP =    25400   TIME(PS) =      25.900  TEMP(K) =   199.04  PRESS =    27.6
 Etot   =   -462290.9167  EKtot   =     74342.8386  EPtot      =   -536633.7553
 BOND   =      6044.6412  ANGLE   =     21134.4153  DIHED      =     20099.9853
 1-4 NB =      9020.2545  1-4 EEL =     40313.4926  VDWAALS    =     47735.8528
 EELEC  =   -687152.0411  EHBOND  =         0.0000  RESTRAINT  =      4960.5952
 EAMBER (non-restraint)  =   -541594.3505
 EKCMT  =     23209.7100  VIRIAL  =     22122.2654  VOLUME     =   1825286.0571
 CMAP   =      1209.0490
                                                    Density    =         0.9770
 Ewald error estimate:   0.5553E-04
 ------------------------------------------------------------------------------

 NMR restraints: Bond =    0.000   Angle =     0.000   Torsion =     0.000
===============================================================================

 NSTEP =    25500   TIME(PS) =      26.000  TEMP(K) =   198.54  PRESS =   -16.1
 Etot   =   -462026.7726  EKtot   =     74156.0390  EPtot      =   -536182.8117
 BOND   =      5988.0086  ANGLE   =     21296.6613  DIHED      =     20096.1217
 1-4 NB =      9023.9673  1-4 EEL =     40334.4780  VDWAALS    =     47224.0041
 EELEC  =   -686383.2688  EHBOND  =         0.0000  RESTRAINT  =      5031.7161
 EAMBER (non-restraint)  =   -541214.5277
 EKCMT  =     23150.7020  VIRIAL  =     23783.2452  VOLUME     =   1825288.8143
 CMAP   =      1205.5000
                                                    Density    =         0.9770
 Ewald error estimate:   0.8059E-04
 ------------------------------------------------------------------------------

 NMR restraints: Bond =    0.000   Angle =     0.000   Torsion =     0.000
===============================================================================

 NSTEP =    25600   TIME(PS) =      26.100  TEMP(K) =   199.02  PRESS =     6.9
 Etot   =   -461720.4977  EKtot   =     74334.4032  EPtot      =   -536054.9009
 BOND   =      6138.5234  ANGLE   =     21270.6918  DIHED      =     20130.7448
 1-4 NB =      8998.5069  1-4 EEL =     40190.0309  VDWAALS    =     47505.1015
 EELEC  =   -686531.1861  EHBOND  =         0.0000  RESTRAINT  =      5018.1779
 EAMBER (non-restraint)  =   -541073.0788
 EKCMT  =     23107.0916  VIRIAL  =     22833.2595  VOLUME     =   1825467.4841
 CMAP   =      1224.5081
                                                    Density    =         0.9769
 Ewald error estimate:   0.9670E-04
 ------------------------------------------------------------------------------

 NMR restraints: Bond =    0.000   Angle =     0.000   Torsion =     0.000
===============================================================================

 NSTEP =    25700   TIME(PS) =      26.200  TEMP(K) =   199.11  PRESS =     7.1
 Etot   =   -461518.9083  EKtot   =     74369.0998  EPtot      =   -535888.0081
 BOND   =      6135.2857  ANGLE   =     21359.9894  DIHED      =     20138.1848
 1-4 NB =      9018.4396  1-4 EEL =     40207.2928  VDWAALS    =     47254.2535
 EELEC  =   -686249.3552  EHBOND  =         0.0000  RESTRAINT  =      5049.6537
 EAMBER (non-restraint)  =   -540937.6618
 EKCMT  =     23054.9841  VIRIAL  =     22773.9918  VOLUME     =   1825557.9908
 CMAP   =      1198.2477
                                                    Density    =         0.9768
 Ewald error estimate:   0.2382E-04
 ------------------------------------------------------------------------------

 NMR restraints: Bond =    0.000   Angle =     0.000   Torsion =     0.000
===============================================================================

 NSTEP =    25800   TIME(PS) =      26.300  TEMP(K) =   199.85  PRESS =    54.2
 Etot   =   -461227.0075  EKtot   =     74643.6666  EPtot      =   -535870.6740
 BOND   =      6052.5385  ANGLE   =     21418.0279  DIHED      =     20090.5515
 1-4 NB =      8980.9961  1-4 EEL =     40340.9287  VDWAALS    =     47455.2074
 EELEC  =   -686485.3542  EHBOND  =         0.0000  RESTRAINT  =      5063.6964
 EAMBER (non-restraint)  =   -540934.3704
 EKCMT  =     23158.6878  VIRIAL  =     21021.2872  VOLUME     =   1825534.1659
 CMAP   =      1212.7336
                                                    Density    =         0.9768
 Ewald error estimate:   0.4017E-04
 ------------------------------------------------------------------------------

 NMR restraints: Bond =    0.000   Angle =     0.000   Torsion =     0.000
===============================================================================

 NSTEP =    25900   TIME(PS) =      26.400  TEMP(K) =   200.29  PRESS =    33.8
 Etot   =   -460866.6451  EKtot   =     74810.1980  EPtot      =   -535676.8432
 BOND   =      6154.3834  ANGLE   =     21270.1806  DIHED      =     20146.4278
 1-4 NB =      8998.4955  1-4 EEL =     40311.5545  VDWAALS    =     47523.0553
 EELEC  =   -686276.7876  EHBOND  =         0.0000  RESTRAINT  =      4988.1825
 EAMBER (non-restraint)  =   -540665.0257
 EKCMT  =     23145.0507  VIRIAL  =     21814.3340  VOLUME     =   1825704.5532
 CMAP   =      1207.6649
                                                    Density    =         0.9767
 Ewald error estimate:   0.5766E-04
 ------------------------------------------------------------------------------

 NMR restraints: Bond =    0.000   Angle =     0.000   Torsion =     0.000
===============================================================================

 NSTEP =    26000   TIME(PS) =      26.500  TEMP(K) =   199.77  PRESS =    13.2
 Etot   =   -460688.1119  EKtot   =     74616.5539  EPtot      =   -535304.6658
 BOND   =      6068.7814  ANGLE   =     21515.9950  DIHED      =     20164.2141
 1-4 NB =      9004.3138  1-4 EEL =     40332.1717  VDWAALS    =     47386.9134
 EELEC  =   -686055.5594  EHBOND  =         0.0000  RESTRAINT  =      5060.6538
 EAMBER (non-restraint)  =   -540365.3195
 EKCMT  =     23162.9312  VIRIAL  =     22641.6977  VOLUME     =   1825671.6284
 CMAP   =      1217.8505
                                                    Density    =         0.9767
 Ewald error estimate:   0.6143E-04
 ------------------------------------------------------------------------------

 NMR restraints: Bond =    0.000   Angle =     0.000   Torsion =     0.000
===============================================================================

 NSTEP =    26100   TIME(PS) =      26.600  TEMP(K) =   201.43  PRESS =   -44.3
 Etot   =   -460239.8540  EKtot   =     75234.4792  EPtot      =   -535474.3333
 BOND   =      6155.4470  ANGLE   =     21291.0922  DIHED      =     20161.6924
 1-4 NB =      9029.5651  1-4 EEL =     40198.8201  VDWAALS    =     47452.1369
 EELEC  =   -686024.5585  EHBOND  =         0.0000  RESTRAINT  =      5050.2375
 EAMBER (non-restraint)  =   -540524.5708
 EKCMT  =     23301.3604  VIRIAL  =     25046.7748  VOLUME     =   1825477.1493
 CMAP   =      1211.2340
                                                    Density    =         0.9769
 Ewald error estimate:   0.3291E-04
 ------------------------------------------------------------------------------

 NMR restraints: Bond =    0.000   Angle =     0.000   Torsion =     0.000
===============================================================================

 NSTEP =    26200   TIME(PS) =      26.700  TEMP(K) =   201.29  PRESS =    22.1
 Etot   =   -459853.3965  EKtot   =     75184.1978  EPtot      =   -535037.5943
 BOND   =      6198.3352  ANGLE   =     21576.5798  DIHED      =     20136.9694
 1-4 NB =      9010.3129  1-4 EEL =     40460.1031  VDWAALS    =     46806.9511
 EELEC  =   -685548.7895  EHBOND  =         0.0000  RESTRAINT  =      5128.3352
 EAMBER (non-restraint)  =   -540165.9295
 EKCMT  =     23305.5257  VIRIAL  =     22435.9478  VOLUME     =   1825405.6415
 CMAP   =      1193.6086
                                                    Density    =         0.9769
 Ewald error estimate:   0.3026E-04
 ------------------------------------------------------------------------------

 NMR restraints: Bond =    0.000   Angle =     0.000   Torsion =     0.000
===============================================================================

 NSTEP =    26300   TIME(PS) =      26.800  TEMP(K) =   201.53  PRESS =    94.7
 Etot   =   -459436.0905  EKtot   =     75273.3262  EPtot      =   -534709.4167
 BOND   =      6241.6288  ANGLE   =     21519.4911  DIHED      =     20209.4508
 1-4 NB =      8965.7001  1-4 EEL =     40136.8624  VDWAALS    =     47203.2762
 EELEC  =   -685303.6377  EHBOND  =         0.0000  RESTRAINT  =      5117.7107
 EAMBER (non-restraint)  =   -539827.1274
 EKCMT  =     23381.7328  VIRIAL  =     19649.9612  VOLUME     =   1825466.1767
 CMAP   =      1200.1008
                                                    Density    =         0.9769
 Ewald error estimate:   0.5524E-04
 ------------------------------------------------------------------------------

 NMR restraints: Bond =    0.000   Angle =     0.000   Torsion =     0.000
===============================================================================

 NSTEP =    26400   TIME(PS) =      26.900  TEMP(K) =   202.45  PRESS =    47.6
 Etot   =   -458988.2305  EKtot   =     75615.0273  EPtot      =   -534603.2577
 BOND   =      6173.2009  ANGLE   =     21475.6211  DIHED      =     20200.4676
 1-4 NB =      8992.2205  1-4 EEL =     40214.6712  VDWAALS    =     46941.2718
 EELEC  =   -684906.3869  EHBOND  =         0.0000  RESTRAINT  =      5093.8059
 EAMBER (non-restraint)  =   -539697.0637
 EKCMT  =     23492.4654  VIRIAL  =     21615.3873  VOLUME     =   1825487.8022
 CMAP   =      1211.8701
                                                    Density    =         0.9768
 Ewald error estimate:   0.5820E-04
 ------------------------------------------------------------------------------

 NMR restraints: Bond =    0.000   Angle =     0.000   Torsion =     0.000
===============================================================================

 NSTEP =    26500   TIME(PS) =      27.000  TEMP(K) =   202.11  PRESS =   -17.9
 Etot   =   -458804.4687  EKtot   =     75488.2446  EPtot      =   -534292.7133
 BOND   =      6141.6777  ANGLE   =     21577.2230  DIHED      =     20149.8386
 1-4 NB =      9002.5315  1-4 EEL =     40129.4626  VDWAALS    =     46502.1749
 EELEC  =   -684119.7234  EHBOND  =         0.0000  RESTRAINT  =      5128.0918
 EAMBER (non-restraint)  =   -539420.8052
 EKCMT  =     23475.3224  VIRIAL  =     24180.8489  VOLUME     =   1825451.2829
 CMAP   =      1196.0100
                                                    Density    =         0.9769
 Ewald error estimate:   0.4476E-04
 ------------------------------------------------------------------------------

 NMR restraints: Bond =    0.000   Angle =     0.000   Torsion =     0.000
===============================================================================

 NSTEP =    26600   TIME(PS) =      27.100  TEMP(K) =   202.38  PRESS =    88.9
 Etot   =   -458447.5759  EKtot   =     75589.2978  EPtot      =   -534036.8738
 BOND   =      6257.9453  ANGLE   =     21499.2185  DIHED      =     20193.3890
 1-4 NB =      9059.3209  1-4 EEL =     40283.7482  VDWAALS    =     46876.0774
 EELEC  =   -684511.7224  EHBOND  =         0.0000  RESTRAINT  =      5118.4512
 EAMBER (non-restraint)  =   -539155.3250
 EKCMT  =     23424.6038  VIRIAL  =     19921.5797  VOLUME     =   1825366.8490
 CMAP   =      1186.6981
                                                    Density    =         0.9769
 Ewald error estimate:   0.5790E-04
 ------------------------------------------------------------------------------

 NMR restraints: Bond =    0.000   Angle =     0.000   Torsion =     0.000
===============================================================================

 NSTEP =    26700   TIME(PS) =      27.200  TEMP(K) =   203.53  PRESS =   -15.7
 Etot   =   -457997.1718  EKtot   =     76020.7375  EPtot      =   -534017.9093
 BOND   =      6235.8197  ANGLE   =     21499.5524  DIHED      =     20206.0052
 1-4 NB =      8953.1438  1-4 EEL =     40229.6691  VDWAALS    =     46857.1644
 EELEC  =   -684272.5166  EHBOND  =         0.0000  RESTRAINT  =      5090.0911
 EAMBER (non-restraint)  =   -539108.0003
 EKCMT  =     23533.8302  VIRIAL  =     24154.1901  VOLUME     =   1825495.0756
 CMAP   =      1183.1616
                                                    Density    =         0.9768
 Ewald error estimate:   0.6678E-04
 ------------------------------------------------------------------------------

 NMR restraints: Bond =    0.000   Angle =     0.000   Torsion =     0.000
===============================================================================

 NSTEP =    26800   TIME(PS) =      27.300  TEMP(K) =   203.84  PRESS =   -13.9
 Etot   =   -457672.1554  EKtot   =     76133.9728  EPtot      =   -533806.1282
 BOND   =      6260.9982  ANGLE   =     21486.3885  DIHED      =     20204.6336
 1-4 NB =      9013.1114  1-4 EEL =     40227.9797  VDWAALS    =     46681.9165
 EELEC  =   -683976.1134  EHBOND  =         0.0000  RESTRAINT  =      5109.0932
 EAMBER (non-restraint)  =   -538915.2214
 EKCMT  =     23738.5866  VIRIAL  =     24286.3374  VOLUME     =   1825480.4144
 CMAP   =      1185.8641
                                                    Density    =         0.9769
 Ewald error estimate:   0.7041E-04
 ------------------------------------------------------------------------------

 NMR restraints: Bond =    0.000   Angle =     0.000   Torsion =     0.000
===============================================================================

 NSTEP =    26900   TIME(PS) =      27.400  TEMP(K) =   204.72  PRESS =    -1.3
 Etot   =   -457238.8307  EKtot   =     76463.2791  EPtot      =   -533702.1098
 BOND   =      6222.7804  ANGLE   =     21651.2449  DIHED      =     20135.0051
 1-4 NB =      9037.2630  1-4 EEL =     40162.0284  VDWAALS    =     46816.4754
 EELEC  =   -684027.2652  EHBOND  =         0.0000  RESTRAINT  =      5122.7357
 EAMBER (non-restraint)  =   -538824.8456
 EKCMT  =     23880.4790  VIRIAL  =     23929.9562  VOLUME     =   1825462.0517
 CMAP   =      1177.6225
                                                    Density    =         0.9769
 Ewald error estimate:   0.5996E-04
 ------------------------------------------------------------------------------

 NMR restraints: Bond =    0.000   Angle =     0.000   Torsion =     0.000
===============================================================================

 NSTEP =    27000   TIME(PS) =      27.500  TEMP(K) =   204.50  PRESS =    -9.0
 Etot   =   -456790.8776  EKtot   =     76381.2983  EPtot      =   -533172.1758
 BOND   =      6249.0535  ANGLE   =     21703.8738  DIHED      =     20175.1654
 1-4 NB =      8994.8713  1-4 EEL =     40210.2420  VDWAALS    =     46534.8257
 EELEC  =   -683378.9882  EHBOND  =         0.0000  RESTRAINT  =      5129.7231
 EAMBER (non-restraint)  =   -538301.8989
 EKCMT  =     23756.3179  VIRIAL  =     24112.9606  VOLUME     =   1825700.8296
 CMAP   =      1209.0576
                                                    Density    =         0.9767
 Ewald error estimate:   0.6462E-04
 ------------------------------------------------------------------------------

 NMR restraints: Bond =    0.000   Angle =     0.000   Torsion =     0.000
===============================================================================

 NSTEP =    27100   TIME(PS) =      27.600  TEMP(K) =   205.03  PRESS =   122.2
 Etot   =   -456446.8132  EKtot   =     76578.2324  EPtot      =   -533025.0456
 BOND   =      6221.6874  ANGLE   =     21676.1817  DIHED      =     20221.4621
 1-4 NB =      9087.8234  1-4 EEL =     40320.2246  VDWAALS    =     46495.5116
 EELEC  =   -683355.8116  EHBOND  =         0.0000  RESTRAINT  =      5093.2904
 EAMBER (non-restraint)  =   -538118.3360
 EKCMT  =     23887.8111  VIRIAL  =     19072.0164  VOLUME     =   1825613.4931
 CMAP   =      1214.5849
                                                    Density    =         0.9768
 Ewald error estimate:   0.6539E-04
 ------------------------------------------------------------------------------

 NMR restraints: Bond =    0.000   Angle =     0.000   Torsion =     0.000
===============================================================================

 NSTEP =    27200   TIME(PS) =      27.700  TEMP(K) =   205.46  PRESS =   -56.2
 Etot   =   -456057.7124  EKtot   =     76739.6495  EPtot      =   -532797.3620
 BOND   =      6281.9369  ANGLE   =     21708.5026  DIHED      =     20235.1328
 1-4 NB =      9047.2135  1-4 EEL =     40238.9648  VDWAALS    =     46554.6117
 EELEC  =   -683229.3238  EHBOND  =         0.0000  RESTRAINT  =      5165.7458
 EAMBER (non-restraint)  =   -537963.1078
 EKCMT  =     23895.3846  VIRIAL  =     26112.7170  VOLUME     =   1825971.3091
 CMAP   =      1199.8535
                                                    Density    =         0.9766
 Ewald error estimate:   0.7712E-04
 ------------------------------------------------------------------------------

 NMR restraints: Bond =    0.000   Angle =     0.000   Torsion =     0.000
===============================================================================

 NSTEP =    27300   TIME(PS) =      27.800  TEMP(K) =   205.61  PRESS =    -3.1
 Etot   =   -455731.9923  EKtot   =     76795.4731  EPtot      =   -532527.4655
 BOND   =      6224.3647  ANGLE   =     21670.1952  DIHED      =     20234.5644
 1-4 NB =      9024.2881  1-4 EEL =     40385.6733  VDWAALS    =     46414.6154
 EELEC  =   -682804.1002  EHBOND  =         0.0000  RESTRAINT  =      5132.6464
 EAMBER (non-restraint)  =   -537660.1118
 EKCMT  =     23923.5563  VIRIAL  =     24044.6620  VOLUME     =   1826172.0421
 CMAP   =      1190.2874
                                                    Density    =         0.9765
 Ewald error estimate:   0.4203E-04
 ------------------------------------------------------------------------------

 NMR restraints: Bond =    0.000   Angle =     0.000   Torsion =     0.000
===============================================================================

 NSTEP =    27400   TIME(PS) =      27.900  TEMP(K) =   205.87  PRESS =    18.5
 Etot   =   -455560.9703  EKtot   =     76892.8375  EPtot      =   -532453.8078
 BOND   =      6220.7497  ANGLE   =     21828.3246  DIHED      =     20175.8022
 1-4 NB =      9037.1233  1-4 EEL =     40378.8304  VDWAALS    =     46227.9397
 EELEC  =   -682679.8247  EHBOND  =         0.0000  RESTRAINT  =      5160.3877
 EAMBER (non-restraint)  =   -537614.1955
 EKCMT  =     24025.5165  VIRIAL  =     23297.7876  VOLUME     =   1826033.6863
 CMAP   =      1196.8594
                                                    Density    =         0.9766
 Ewald error estimate:   0.4047E-04
 ------------------------------------------------------------------------------

 NMR restraints: Bond =    0.000   Angle =     0.000   Torsion =     0.000
===============================================================================

 NSTEP =    27500   TIME(PS) =      28.000  TEMP(K) =   207.10  PRESS =   -14.6
 Etot   =   -455112.5851  EKtot   =     77353.7861  EPtot      =   -532466.3712
 BOND   =      6218.9476  ANGLE   =     21797.3309  DIHED      =     20264.4117
 1-4 NB =      8981.4549  1-4 EEL =     40198.0914  VDWAALS    =     46222.3359
 EELEC  =   -682516.2579  EHBOND  =         0.0000  RESTRAINT  =      5166.0923
 EAMBER (non-restraint)  =   -537632.4636
 EKCMT  =     24199.4998  VIRIAL  =     24775.1973  VOLUME     =   1826103.2898
 CMAP   =      1201.2220
                                                    Density    =         0.9765
 Ewald error estimate:   0.9765E-04
 ------------------------------------------------------------------------------

 NMR restraints: Bond =    0.000   Angle =     0.000   Torsion =     0.000
===============================================================================

 NSTEP =    27600   TIME(PS) =      28.100  TEMP(K) =   206.52  PRESS =    22.4
 Etot   =   -454836.1011  EKtot   =     77138.3506  EPtot      =   -531974.4517
 BOND   =      6284.9800  ANGLE   =     21791.1684  DIHED      =     20205.0749
 1-4 NB =      9035.3391  1-4 EEL =     40271.2481  VDWAALS    =     46006.1732
 EELEC  =   -681927.4190  EHBOND  =         0.0000  RESTRAINT  =      5174.0410
 EAMBER (non-restraint)  =   -537148.4927
 EKCMT  =     24029.7692  VIRIAL  =     23147.6022  VOLUME     =   1826015.3462
 CMAP   =      1184.9427
                                                    Density    =         0.9766
 Ewald error estimate:   0.9914E-04
 ------------------------------------------------------------------------------

 NMR restraints: Bond =    0.000   Angle =     0.000   Torsion =     0.000
===============================================================================

 NSTEP =    27700   TIME(PS) =      28.200  TEMP(K) =   207.18  PRESS =    15.3
 Etot   =   -454475.0091  EKtot   =     77383.9275  EPtot      =   -531858.9366
 BOND   =      6291.0003  ANGLE   =     21744.8280  DIHED      =     20202.6488
 1-4 NB =      9032.8008  1-4 EEL =     40334.3070  VDWAALS    =     46033.9262
 EELEC  =   -681854.4118  EHBOND  =         0.0000  RESTRAINT  =      5171.2499
 EAMBER (non-restraint)  =   -537030.1865
 EKCMT  =     24162.0694  VIRIAL  =     23560.0592  VOLUME     =   1825858.0427
 CMAP   =      1184.7142
                                                    Density    =         0.9766
 Ewald error estimate:   0.6088E-04
 ------------------------------------------------------------------------------

 NMR restraints: Bond =    0.000   Angle =     0.000   Torsion =     0.000
===============================================================================

 NSTEP =    27800   TIME(PS) =      28.300  TEMP(K) =   207.67  PRESS =    22.0
 Etot   =   -453909.3660  EKtot   =     77565.2768  EPtot      =   -531474.6428
 BOND   =      6275.9648  ANGLE   =     21857.1081  DIHED      =     20238.4645
 1-4 NB =      9036.8609  1-4 EEL =     40246.5674  VDWAALS    =     46238.0716
 EELEC  =   -681738.7822  EHBOND  =         0.0000  RESTRAINT  =      5194.4281
 EAMBER (non-restraint)  =   -536669.0709
 EKCMT  =     24214.8179  VIRIAL  =     23347.3719  VOLUME     =   1826027.5229
 CMAP   =      1176.6741
                                                    Density    =         0.9766
 Ewald error estimate:   0.6382E-04
 ------------------------------------------------------------------------------

 NMR restraints: Bond =    0.000   Angle =     0.000   Torsion =     0.000
===============================================================================

 NSTEP =    27900   TIME(PS) =      28.400  TEMP(K) =   208.23  PRESS =    15.3
 Etot   =   -453553.4293  EKtot   =     77773.9551  EPtot      =   -531327.3844
 BOND   =      6318.5382  ANGLE   =     22028.6359  DIHED      =     20196.2537
 1-4 NB =      9050.1280  1-4 EEL =     40218.2954  VDWAALS    =     46157.6122
 EELEC  =   -681685.9456  EHBOND  =         0.0000  RESTRAINT  =      5215.8235
 EAMBER (non-restraint)  =   -536543.2079
 EKCMT  =     24308.4041  VIRIAL  =     23706.3006  VOLUME     =   1826325.2833
 CMAP   =      1173.2743
                                                    Density    =         0.9764
 Ewald error estimate:   0.4865E-04
 ------------------------------------------------------------------------------

 NMR restraints: Bond =    0.000   Angle =     0.000   Torsion =     0.000
===============================================================================

 NSTEP =    28000   TIME(PS) =      28.500  TEMP(K) =   209.15  PRESS =    73.0
 Etot   =   -453206.2129  EKtot   =     78117.3291  EPtot      =   -531323.5420
 BOND   =      6317.2998  ANGLE   =     21841.6997  DIHED      =     20215.1552
 1-4 NB =      9043.7478  1-4 EEL =     40382.6422  VDWAALS    =     45947.6325
 EELEC  =   -681456.5784  EHBOND  =         0.0000  RESTRAINT  =      5196.0449
 EAMBER (non-restraint)  =   -536519.5869
 EKCMT  =     24408.4642  VIRIAL  =     21528.3297  VOLUME     =   1826453.0185
 CMAP   =      1188.8142
                                                    Density    =         0.9763
 Ewald error estimate:   0.7197E-04
 ------------------------------------------------------------------------------

 NMR restraints: Bond =    0.000   Angle =     0.000   Torsion =     0.000
===============================================================================

 NSTEP =    28100   TIME(PS) =      28.600  TEMP(K) =   208.94  PRESS =   -87.0
 Etot   =   -452724.1157  EKtot   =     78040.8914  EPtot      =   -530765.0071
 BOND   =      6344.3250  ANGLE   =     22068.3435  DIHED      =     20250.1177
 1-4 NB =      9050.6007  1-4 EEL =     40153.5757  VDWAALS    =     45494.4265
 EELEC  =   -680522.1622  EHBOND  =         0.0000  RESTRAINT  =      5212.6396
 EAMBER (non-restraint)  =   -535977.6467
 EKCMT  =     24295.7659  VIRIAL  =     27725.5517  VOLUME     =   1826377.1607
 CMAP   =      1183.1265
                                                    Density    =         0.9764
 Ewald error estimate:   0.5831E-04
 ------------------------------------------------------------------------------

 NMR restraints: Bond =    0.000   Angle =     0.000   Torsion =     0.000
===============================================================================

 NSTEP =    28200   TIME(PS) =      28.700  TEMP(K) =   209.95  PRESS =   151.1
 Etot   =   -452255.8893  EKtot   =     78417.0748  EPtot      =   -530672.9641
 BOND   =      6274.1626  ANGLE   =     22159.5413  DIHED      =     20216.1459
 1-4 NB =      9045.5388  1-4 EEL =     40406.3998  VDWAALS    =     45981.4709
 EELEC  =   -681148.9364  EHBOND  =         0.0000  RESTRAINT  =      5218.7434
 EAMBER (non-restraint)  =   -535891.7075
 EKCMT  =     24440.6172  VIRIAL  =     18480.4852  VOLUME     =   1826585.0808
 CMAP   =      1173.9697
                                                    Density    =         0.9763
 Ewald error estimate:   0.1812E-04
 ------------------------------------------------------------------------------

 NMR restraints: Bond =    0.000   Angle =     0.000   Torsion =     0.000
===============================================================================

 NSTEP =    28300   TIME(PS) =      28.800  TEMP(K) =   209.88  PRESS =    14.3
 Etot   =   -451802.5588  EKtot   =     78390.9125  EPtot      =   -530193.4713
 BOND   =      6443.1540  ANGLE   =     22094.9675  DIHED      =     20212.5138
 1-4 NB =      9061.0085  1-4 EEL =     40253.9747  VDWAALS    =     45730.1794
 EELEC  =   -680452.7352  EHBOND  =         0.0000  RESTRAINT  =      5270.8165
 EAMBER (non-restraint)  =   -535464.2879
 EKCMT  =     24479.6249  VIRIAL  =     23916.0960  VOLUME     =   1826771.7144
 CMAP   =      1192.6493
                                                    Density    =         0.9762
 Ewald error estimate:   0.6298E-05
 ------------------------------------------------------------------------------

 NMR restraints: Bond =    0.000   Angle =     0.000   Torsion =     0.000
===============================================================================

 NSTEP =    28400   TIME(PS) =      28.900  TEMP(K) =   211.16  PRESS =   105.0
 Etot   =   -451309.5856  EKtot   =     78871.2640  EPtot      =   -530180.8496
 BOND   =      6362.4853  ANGLE   =     21998.1600  DIHED      =     20236.9778
 1-4 NB =      9035.7586  1-4 EEL =     40290.9615  VDWAALS    =     45558.2831
 EELEC  =   -680120.7960  EHBOND  =         0.0000  RESTRAINT  =      5255.6236
 EAMBER (non-restraint)  =   -535436.4732
 EKCMT  =     24487.4475  VIRIAL  =     20347.0341  VOLUME     =   1827075.3737
 CMAP   =      1201.6964
                                                    Density    =         0.9760
 Ewald error estimate:   0.5232E-04
 ------------------------------------------------------------------------------

 NMR restraints: Bond =    0.000   Angle =     0.000   Torsion =     0.000
===============================================================================

 NSTEP =    28500   TIME(PS) =      29.000  TEMP(K) =   210.18  PRESS =    13.7
 Etot   =   -451238.9329  EKtot   =     78503.7232  EPtot      =   -529742.6561
 BOND   =      6422.9654  ANGLE   =     22169.6661  DIHED      =     20232.2717
 1-4 NB =      9033.8307  1-4 EEL =     40284.4725  VDWAALS    =     45304.2635
 EELEC  =   -679657.8210  EHBOND  =         0.0000  RESTRAINT  =      5282.1622
 EAMBER (non-restraint)  =   -535024.8183
 EKCMT  =     24498.7336  VIRIAL  =     23957.2556  VOLUME     =   1826969.5140
 CMAP   =      1185.5329
                                                    Density    =         0.9761
 Ewald error estimate:   0.4404E-04
 ------------------------------------------------------------------------------

 NMR restraints: Bond =    0.000   Angle =     0.000   Torsion =     0.000
===============================================================================

 NSTEP =    28600   TIME(PS) =      29.100  TEMP(K) =   211.45  PRESS =    74.7
 Etot   =   -450932.0868  EKtot   =     78979.6295  EPtot      =   -529911.7163
 BOND   =      6445.5796  ANGLE   =     22062.2848  DIHED      =     20209.0276
 1-4 NB =      9002.1254  1-4 EEL =     40210.8424  VDWAALS    =     45289.3578
 EELEC  =   -679513.7751  EHBOND  =         0.0000  RESTRAINT  =      5197.8795
 EAMBER (non-restraint)  =   -535109.5958
 EKCMT  =     24538.7532  VIRIAL  =     21590.9368  VOLUME     =   1827016.0690
 CMAP   =      1184.9618
                                                    Density    =         0.9760
 Ewald error estimate:   0.1490E-03
 ------------------------------------------------------------------------------

 NMR restraints: Bond =    0.000   Angle =     0.000   Torsion =     0.000
===============================================================================

 NSTEP =    28700   TIME(PS) =      29.200  TEMP(K) =   211.34  PRESS =   -35.0
 Etot   =   -450525.8939  EKtot   =     78937.0020  EPtot      =   -529462.8959
 BOND   =      6374.8234  ANGLE   =     22180.9732  DIHED      =     20324.0365
 1-4 NB =      9001.3506  1-4 EEL =     40229.9294  VDWAALS    =     45123.8674
 EELEC  =   -679217.7149  EHBOND  =         0.0000  RESTRAINT  =      5313.7944
 EAMBER (non-restraint)  =   -534776.6903
 EKCMT  =     24515.8910  VIRIAL  =     25896.6239  VOLUME     =   1826976.3078
 CMAP   =      1206.0442
                                                    Density    =         0.9761
 Ewald error estimate:   0.8821E-04
 ------------------------------------------------------------------------------

 NMR restraints: Bond =    0.000   Angle =     0.000   Torsion =     0.000
===============================================================================

 NSTEP =    28800   TIME(PS) =      29.300  TEMP(K) =   212.25  PRESS =   -29.9
 Etot   =   -450078.5393  EKtot   =     79275.7311  EPtot      =   -529354.2704
 BOND   =      6439.8775  ANGLE   =     22174.9757  DIHED      =     20235.5846
 1-4 NB =      9044.9293  1-4 EEL =     39969.7721  VDWAALS    =     45365.7065
 EELEC  =   -679052.5801  EHBOND  =         0.0000  RESTRAINT  =      5286.4708
 EAMBER (non-restraint)  =   -534640.7412
 EKCMT  =     24681.6784  VIRIAL  =     25861.7934  VOLUME     =   1827225.7321
 CMAP   =      1180.9933
                                                    Density    =         0.9759
 Ewald error estimate:   0.5305E-04
 ------------------------------------------------------------------------------

 NMR restraints: Bond =    0.000   Angle =     0.000   Torsion =     0.000
===============================================================================

 NSTEP =    28900   TIME(PS) =      29.400  TEMP(K) =   212.32  PRESS =   -51.4
 Etot   =   -449570.2264  EKtot   =     79302.5101  EPtot      =   -528872.7366
 BOND   =      6450.5291  ANGLE   =     22292.0661  DIHED      =     20269.8455
 1-4 NB =      9004.6753  1-4 EEL =     40298.6416  VDWAALS    =     45107.7330
 EELEC  =   -678834.3140  EHBOND  =         0.0000  RESTRAINT  =      5348.1234
 EAMBER (non-restraint)  =   -534220.8599
 EKCMT  =     24769.5404  VIRIAL  =     26796.4587  VOLUME     =   1827268.4153
 CMAP   =      1189.9634
                                                    Density    =         0.9759
 Ewald error estimate:   0.6618E-04
 ------------------------------------------------------------------------------

 NMR restraints: Bond =    0.000   Angle =     0.000   Torsion =     0.000
===============================================================================

 NSTEP =    29000   TIME(PS) =      29.500  TEMP(K) =   212.90  PRESS =    62.8
 Etot   =   -449130.6789  EKtot   =     79519.2354  EPtot      =   -528649.9143
 BOND   =      6465.3265  ANGLE   =     22330.9055  DIHED      =     20285.8197
 1-4 NB =      9028.3123  1-4 EEL =     40387.2047  VDWAALS    =     45005.0151
 EELEC  =   -678684.3690  EHBOND  =         0.0000  RESTRAINT  =      5346.7689
 EAMBER (non-restraint)  =   -533996.6832
 EKCMT  =     24723.8224  VIRIAL  =     22247.7942  VOLUME     =   1827277.6258
 CMAP   =      1185.1020
                                                    Density    =         0.9759
 Ewald error estimate:   0.5709E-04
 ------------------------------------------------------------------------------

 NMR restraints: Bond =    0.000   Angle =     0.000   Torsion =     0.000
===============================================================================

 NSTEP =    29100   TIME(PS) =      29.600  TEMP(K) =   213.03  PRESS =   -77.9
 Etot   =   -448777.2543  EKtot   =     79568.0223  EPtot      =   -528345.2766
 BOND   =      6439.3132  ANGLE   =     22440.2885  DIHED      =     20252.8064
 1-4 NB =      9025.9627  1-4 EEL =     40083.1455  VDWAALS    =     44794.1645
 EELEC  =   -677844.0828  EHBOND  =         0.0000  RESTRAINT  =      5265.1835
 EAMBER (non-restraint)  =   -533610.4601
 EKCMT  =     24703.1492  VIRIAL  =     27774.2661  VOLUME     =   1826926.7129
 CMAP   =      1197.9419
                                                    Density    =         0.9761
 Ewald error estimate:   0.4413E-04
 ------------------------------------------------------------------------------

 NMR restraints: Bond =    0.000   Angle =     0.000   Torsion =     0.000
===============================================================================

 NSTEP =    29200   TIME(PS) =      29.700  TEMP(K) =   213.04  PRESS =    56.8
 Etot   =   -448280.6775  EKtot   =     79572.3268  EPtot      =   -527853.0043
 BOND   =      6529.2536  ANGLE   =     22329.1791  DIHED      =     20288.8819
 1-4 NB =      9053.9559  1-4 EEL =     40251.1960  VDWAALS    =     44827.9472
 EELEC  =   -677628.3300  EHBOND  =         0.0000  RESTRAINT  =      5280.4252
 EAMBER (non-restraint)  =   -533133.4295
 EKCMT  =     24754.1529  VIRIAL  =     22514.5980  VOLUME     =   1826701.2970
 CMAP   =      1214.4870
                                                    Density    =         0.9762
 Ewald error estimate:   0.5577E-05
 ------------------------------------------------------------------------------

 NMR restraints: Bond =    0.000   Angle =     0.000   Torsion =     0.000
===============================================================================

 NSTEP =    29300   TIME(PS) =      29.800  TEMP(K) =   213.72  PRESS =    33.8
 Etot   =   -448076.4446  EKtot   =     79826.4312  EPtot      =   -527902.8758
 BOND   =      6533.1382  ANGLE   =     22354.3902  DIHED      =     20236.3194
 1-4 NB =      9062.4490  1-4 EEL =     40307.5296  VDWAALS    =     44838.5323
 EELEC  =   -677789.0471  EHBOND  =         0.0000  RESTRAINT  =      5355.6809
 EAMBER (non-restraint)  =   -533258.5567
 EKCMT  =     24717.0230  VIRIAL  =     23383.3865  VOLUME     =   1826703.4836
 CMAP   =      1198.1316
                                                    Density    =         0.9762
 Ewald error estimate:   0.3956E-04
 ------------------------------------------------------------------------------

 NMR restraints: Bond =    0.000   Angle =     0.000   Torsion =     0.000
===============================================================================

 NSTEP =    29400   TIME(PS) =      29.900  TEMP(K) =   214.24  PRESS =   -31.1
 Etot   =   -447722.1565  EKtot   =     80021.2875  EPtot      =   -527743.4441
 BOND   =      6404.4491  ANGLE   =     22463.5342  DIHED      =     20293.2222
 1-4 NB =      9056.3377  1-4 EEL =     40301.7818  VDWAALS    =     44933.8447
 EELEC  =   -677769.5484  EHBOND  =         0.0000  RESTRAINT  =      5366.2772
 EAMBER (non-restraint)  =   -533109.7213
 EKCMT  =     24809.4437  VIRIAL  =     26034.0324  VOLUME     =   1826548.9715
 CMAP   =      1206.6574
                                                    Density    =         0.9763
 Ewald error estimate:   0.6513E-04
 ------------------------------------------------------------------------------

 NMR restraints: Bond =    0.000   Angle =     0.000   Torsion =     0.000
===============================================================================

 NSTEP =    29500   TIME(PS) =      30.000  TEMP(K) =   214.74  PRESS =    79.3
 Etot   =   -447244.1025  EKtot   =     80208.2918  EPtot      =   -527452.3944
 BOND   =      6448.0670  ANGLE   =     22502.9265  DIHED      =     20303.4032
 1-4 NB =      9079.9937  1-4 EEL =     40411.5694  VDWAALS    =     44363.1592
 EELEC  =   -677054.8462  EHBOND  =         0.0000  RESTRAINT  =      5292.4590
 EAMBER (non-restraint)  =   -532744.8534
 EKCMT  =     24889.1645  VIRIAL  =     21760.7282  VOLUME     =   1826868.8639
 CMAP   =      1200.8739
                                                    Density    =         0.9761
 Ewald error estimate:   0.2319E-04
 ------------------------------------------------------------------------------

 NMR restraints: Bond =    0.000   Angle =     0.000   Torsion =     0.000
===============================================================================

 NSTEP =    29600   TIME(PS) =      30.100  TEMP(K) =   215.35  PRESS =    24.3
 Etot   =   -446990.2149  EKtot   =     80434.8028  EPtot      =   -527425.0178
 BOND   =      6531.2676  ANGLE   =     22467.4572  DIHED      =     20330.6995
 1-4 NB =      9022.1905  1-4 EEL =     40263.8765  VDWAALS    =     44573.5132
 EELEC  =   -677164.2892  EHBOND  =         0.0000  RESTRAINT  =      5329.7550
 EAMBER (non-restraint)  =   -532754.7728
 EKCMT  =     24908.5800  VIRIAL  =     23949.6717  VOLUME     =   1826829.8698
 CMAP   =      1220.5120
                                                    Density    =         0.9761
 Ewald error estimate:   0.5583E-04
 ------------------------------------------------------------------------------

 NMR restraints: Bond =    0.000   Angle =     0.000   Torsion =     0.000
===============================================================================

 NSTEP =    29700   TIME(PS) =      30.200  TEMP(K) =   215.88  PRESS =   -71.0
 Etot   =   -446550.8573  EKtot   =     80633.5125  EPtot      =   -527184.3698
 BOND   =      6552.3302  ANGLE   =     22383.2842  DIHED      =     20271.7363
 1-4 NB =      9042.6121  1-4 EEL =     40363.6792  VDWAALS    =     44213.4659
 EELEC  =   -676549.0568  EHBOND  =         0.0000  RESTRAINT  =      5338.3278
 EAMBER (non-restraint)  =   -532522.6976
 EKCMT  =     24999.1996  VIRIAL  =     27798.7110  VOLUME     =   1826794.6432
 CMAP   =      1199.2513
                                                    Density    =         0.9761
 Ewald error estimate:   0.6802E-04
 ------------------------------------------------------------------------------

 NMR restraints: Bond =    0.000   Angle =     0.000   Torsion =     0.000
===============================================================================

 NSTEP =    29800   TIME(PS) =      30.300  TEMP(K) =   216.19  PRESS =  -105.6
 Etot   =   -446103.7909  EKtot   =     80746.9787  EPtot      =   -526850.7697
 BOND   =      6568.0213  ANGLE   =     22454.4525  DIHED      =     20263.2012
 1-4 NB =      9082.1593  1-4 EEL =     40278.6243  VDWAALS    =     44406.1711
 EELEC  =   -676478.1334  EHBOND  =         0.0000  RESTRAINT  =      5369.4196
 EAMBER (non-restraint)  =   -532220.1892
 EKCMT  =     25085.2602  VIRIAL  =     29251.1544  VOLUME     =   1826829.1524
 CMAP   =      1205.3147
                                                    Density    =         0.9761
 Ewald error estimate:   0.1144E-03
 ------------------------------------------------------------------------------

 NMR restraints: Bond =    0.000   Angle =     0.000   Torsion =     0.000
===============================================================================

 NSTEP =    29900   TIME(PS) =      30.400  TEMP(K) =   216.25  PRESS =   -15.1
 Etot   =   -445778.7154  EKtot   =     80772.2743  EPtot      =   -526550.9897
 BOND   =      6566.9582  ANGLE   =     22616.1645  DIHED      =     20289.0857
 1-4 NB =      9037.2502  1-4 EEL =     40320.9670  VDWAALS    =     44651.4980
 EELEC  =   -676610.6426  EHBOND  =         0.0000  RESTRAINT  =      5413.6335
 EAMBER (non-restraint)  =   -531964.6232
 EKCMT  =     25300.4053  VIRIAL  =     25895.4281  VOLUME     =   1826894.7572
 CMAP   =      1164.0957
                                                    Density    =         0.9761
 Ewald error estimate:   0.6248E-04
 ------------------------------------------------------------------------------

 NMR restraints: Bond =    0.000   Angle =     0.000   Torsion =     0.000
===============================================================================

 NSTEP =    30000   TIME(PS) =      30.500  TEMP(K) =   216.04  PRESS =   -13.1
 Etot   =   -445397.6216  EKtot   =     80693.1966  EPtot      =   -526090.8182
 BOND   =      6561.2813  ANGLE   =     22741.8920  DIHED      =     20319.1405
 1-4 NB =      9059.4547  1-4 EEL =     40147.1396  VDWAALS    =     44026.1623
 EELEC  =   -675504.5297  EHBOND  =         0.0000  RESTRAINT  =      5368.9293
 EAMBER (non-restraint)  =   -531459.7475
 EKCMT  =     25042.0124  VIRIAL  =     25559.0196  VOLUME     =   1826891.4967
 CMAP   =      1189.7117
                                                    Density    =         0.9761
 Ewald error estimate:   0.5987E-04
 ------------------------------------------------------------------------------

 NMR restraints: Bond =    0.000   Angle =     0.000   Torsion =     0.000
===============================================================================

 NSTEP =    30100   TIME(PS) =      30.600  TEMP(K) =   217.34  PRESS =   -11.7
 Etot   =   -444975.0001  EKtot   =     81177.5341  EPtot      =   -526152.5342
 BOND   =      6551.4290  ANGLE   =     22616.5171  DIHED      =     20344.8289
 1-4 NB =      9065.4279  1-4 EEL =     40226.1081  VDWAALS    =     44036.8008
 EELEC  =   -675577.8028  EHBOND  =         0.0000  RESTRAINT  =      5399.8337
 EAMBER (non-restraint)  =   -531552.3678
 EKCMT  =     25199.8170  VIRIAL  =     25661.3514  VOLUME     =   1826941.2086
 CMAP   =      1184.3232
                                                    Density    =         0.9761
 Ewald error estimate:   0.1101E-03
 ------------------------------------------------------------------------------

 NMR restraints: Bond =    0.000   Angle =     0.000   Torsion =     0.000
===============================================================================

 NSTEP =    30200   TIME(PS) =      30.700  TEMP(K) =   217.56  PRESS =   147.6
 Etot   =   -444703.1475  EKtot   =     81261.6090  EPtot      =   -525964.7565
 BOND   =      6505.7177  ANGLE   =     22626.3958  DIHED      =     20331.0736
 1-4 NB =      9092.3532  1-4 EEL =     40257.5659  VDWAALS    =     44292.6025
 EELEC  =   -675634.3434  EHBOND  =         0.0000  RESTRAINT  =      5375.9216
 EAMBER (non-restraint)  =   -531340.6780
 EKCMT  =     25155.1333  VIRIAL  =     19333.6291  VOLUME     =   1827090.7918
 CMAP   =      1187.9567
                                                    Density    =         0.9760
 Ewald error estimate:   0.4777E-04
 ------------------------------------------------------------------------------

 NMR restraints: Bond =    0.000   Angle =     0.000   Torsion =     0.000
===============================================================================

 NSTEP =    30300   TIME(PS) =      30.800  TEMP(K) =   218.03  PRESS =    -0.3
 Etot   =   -444253.4827  EKtot   =     81435.8666  EPtot      =   -525689.3493
 BOND   =      6509.2307  ANGLE   =     22632.5512  DIHED      =     20305.0278
 1-4 NB =      9092.6566  1-4 EEL =     40317.2660  VDWAALS    =     44013.0967
 EELEC  =   -675225.1328  EHBOND  =         0.0000  RESTRAINT  =      5466.9909
 EAMBER (non-restraint)  =   -531156.3402
 EKCMT  =     25141.0526  VIRIAL  =     25152.6679  VOLUME     =   1827182.9346
 CMAP   =      1198.9636
                                                    Density    =         0.9759
 Ewald error estimate:   0.5154E-04
 ------------------------------------------------------------------------------

 NMR restraints: Bond =    0.000   Angle =     0.000   Torsion =     0.000
===============================================================================

 NSTEP =    30400   TIME(PS) =      30.900  TEMP(K) =   218.31  PRESS =    19.1
 Etot   =   -443909.9337  EKtot   =     81539.7221  EPtot      =   -525449.6558
 BOND   =      6608.7301  ANGLE   =     22691.8090  DIHED      =     20273.6407
 1-4 NB =      9094.3671  1-4 EEL =     40292.5782  VDWAALS    =     44112.6086
 EELEC  =   -675159.5971  EHBOND  =         0.0000  RESTRAINT  =      5456.6178
 EAMBER (non-restraint)  =   -530906.2736
 EKCMT  =     25310.1216  VIRIAL  =     24558.4236  VOLUME     =   1827388.7542
 CMAP   =      1179.5899
                                                    Density    =         0.9758
 Ewald error estimate:   0.5895E-04
 ------------------------------------------------------------------------------

 NMR restraints: Bond =    0.000   Angle =     0.000   Torsion =     0.000
===============================================================================

 NSTEP =    30500   TIME(PS) =      31.000  TEMP(K) =   218.46  PRESS =   -68.2
 Etot   =   -443590.3713  EKtot   =     81598.0136  EPtot      =   -525188.3849
 BOND   =      6657.0100  ANGLE   =     22629.9167  DIHED      =     20280.3401
 1-4 NB =      9081.3277  1-4 EEL =     40302.5927  VDWAALS    =     44199.8693
 EELEC  =   -674945.2196  EHBOND  =         0.0000  RESTRAINT  =      5391.9926
 EAMBER (non-restraint)  =   -530580.3775
 EKCMT  =     25205.3814  VIRIAL  =     27894.5014  VOLUME     =   1827321.9863
 CMAP   =      1213.7856
                                                    Density    =         0.9759
 Ewald error estimate:   0.4651E-04
 ------------------------------------------------------------------------------

 NMR restraints: Bond =    0.000   Angle =     0.000   Torsion =     0.000
===============================================================================

 NSTEP =    30600   TIME(PS) =      31.100  TEMP(K) =   219.80  PRESS =   100.4
 Etot   =   -443248.6267  EKtot   =     82096.8770  EPtot      =   -525345.5037
 BOND   =      6535.1724  ANGLE   =     22752.5185  DIHED      =     20304.9252
 1-4 NB =      9054.4092  1-4 EEL =     40252.9892  VDWAALS    =     44527.6625
 EELEC  =   -675413.0160  EHBOND  =         0.0000  RESTRAINT  =      5422.2461
 EAMBER (non-restraint)  =   -530767.7497
 EKCMT  =     25448.9382  VIRIAL  =     21487.4194  VOLUME     =   1827429.7193
 CMAP   =      1217.5895
                                                    Density    =         0.9758
 Ewald error estimate:   0.4658E-04
 ------------------------------------------------------------------------------

 NMR restraints: Bond =    0.000   Angle =     0.000   Torsion =     0.000
===============================================================================

 NSTEP =    30700   TIME(PS) =      31.200  TEMP(K) =   218.87  PRESS =    -9.9
 Etot   =   -442754.4273  EKtot   =     81748.4079  EPtot      =   -524502.8351
 BOND   =      6630.8365  ANGLE   =     22762.9801  DIHED      =     20327.2415
 1-4 NB =      9066.5225  1-4 EEL =     40247.6412  VDWAALS    =     44094.2356
 EELEC  =   -674314.8239  EHBOND  =         0.0000  RESTRAINT  =      5471.5603
 EAMBER (non-restraint)  =   -529974.3954
 EKCMT  =     25338.1895  VIRIAL  =     25728.4748  VOLUME     =   1827704.7749
 CMAP   =      1210.9711
                                                    Density    =         0.9757
 Ewald error estimate:   0.6782E-04
 ------------------------------------------------------------------------------

 NMR restraints: Bond =    0.000   Angle =     0.000   Torsion =     0.000
===============================================================================

 NSTEP =    30800   TIME(PS) =      31.300  TEMP(K) =   219.46  PRESS =   -82.3
 Etot   =   -442383.6231  EKtot   =     81970.7689  EPtot      =   -524354.3920
 BOND   =      6631.2680  ANGLE   =     22806.9059  DIHED      =     20298.5101
 1-4 NB =      9103.6176  1-4 EEL =     40388.3595  VDWAALS    =     43324.7598
 EELEC  =   -673613.6539  EHBOND  =         0.0000  RESTRAINT  =      5501.0602
 EAMBER (non-restraint)  =   -529855.4521
 EKCMT  =     25318.2925  VIRIAL  =     28564.1699  VOLUME     =   1827499.5643
 CMAP   =      1204.7808
                                                    Density    =         0.9758
 Ewald error estimate:   0.8830E-04
 ------------------------------------------------------------------------------

 NMR restraints: Bond =    0.000   Angle =     0.000   Torsion =     0.000
===============================================================================

 NSTEP =    30900   TIME(PS) =      31.400  TEMP(K) =   219.73  PRESS =    18.2
 Etot   =   -442149.6592  EKtot   =     82071.8171  EPtot      =   -524221.4763
 BOND   =      6597.0709  ANGLE   =     22854.6068  DIHED      =     20300.5188
 1-4 NB =      9141.2035  1-4 EEL =     40321.0518  VDWAALS    =     43663.7524
 EELEC  =   -673792.2810  EHBOND  =         0.0000  RESTRAINT  =      5491.4991
 EAMBER (non-restraint)  =   -529712.9755
 EKCMT  =     25469.4059  VIRIAL  =     24750.7064  VOLUME     =   1827475.5919
 CMAP   =      1201.1013
                                                    Density    =         0.9758
 Ewald error estimate:   0.8620E-04
 ------------------------------------------------------------------------------

 NMR restraints: Bond =    0.000   Angle =     0.000   Torsion =     0.000
===============================================================================

 NSTEP =    31000   TIME(PS) =      31.500  TEMP(K) =   220.25  PRESS =    49.9
 Etot   =   -441842.7398  EKtot   =     82265.5092  EPtot      =   -524108.2490
 BOND   =      6646.5199  ANGLE   =     22863.8597  DIHED      =     20310.3964
 1-4 NB =      9021.4921  1-4 EEL =     40252.3364  VDWAALS    =     43790.9635
 EELEC  =   -673696.0767  EHBOND  =         0.0000  RESTRAINT  =      5479.5494
 EAMBER (non-restraint)  =   -529587.7984
 EKCMT  =     25571.5224  VIRIAL  =     23601.6873  VOLUME     =   1827676.5268
 CMAP   =      1222.7102
                                                    Density    =         0.9757
 Ewald error estimate:   0.6580E-04
 ------------------------------------------------------------------------------

 NMR restraints: Bond =    0.000   Angle =     0.000   Torsion =     0.000
===============================================================================

 NSTEP =    31100   TIME(PS) =      31.600  TEMP(K) =   220.81  PRESS =    52.5
 Etot   =   -441629.8431  EKtot   =     82472.3306  EPtot      =   -524102.1738
 BOND   =      6535.3270  ANGLE   =     22755.3942  DIHED      =     20282.0390
 1-4 NB =      9101.8092  1-4 EEL =     40277.1997  VDWAALS    =     43797.2250
 EELEC  =   -673566.9109  EHBOND  =         0.0000  RESTRAINT  =      5521.9286
 EAMBER (non-restraint)  =   -529624.1024
 EKCMT  =     25440.5579  VIRIAL  =     23368.9844  VOLUME     =   1827753.4961
 CMAP   =      1193.8144
                                                    Density    =         0.9756
 Ewald error estimate:   0.3884E-04
 ------------------------------------------------------------------------------

 NMR restraints: Bond =    0.000   Angle =     0.000   Torsion =     0.000
===============================================================================

 NSTEP =    31200   TIME(PS) =      31.700  TEMP(K) =   220.76  PRESS =    92.6
 Etot   =   -441303.0704  EKtot   =     82454.5529  EPtot      =   -523757.6233
 BOND   =      6482.4475  ANGLE   =     22934.8290  DIHED      =     20344.2333
 1-4 NB =      9083.4991  1-4 EEL =     40355.9798  VDWAALS    =     43458.6778
 EELEC  =   -673094.0003  EHBOND  =         0.0000  RESTRAINT  =      5469.3471
 EAMBER (non-restraint)  =   -529226.9704
 EKCMT  =     25554.8409  VIRIAL  =     21899.4541  VOLUME     =   1827930.6778
 CMAP   =      1207.3635
                                                    Density    =         0.9755
 Ewald error estimate:   0.4050E-04
 ------------------------------------------------------------------------------

 NMR restraints: Bond =    0.000   Angle =     0.000   Torsion =     0.000
===============================================================================

 NSTEP =    31300   TIME(PS) =      31.800  TEMP(K) =   221.07  PRESS =    34.7
 Etot   =   -440904.2663  EKtot   =     82569.2892  EPtot      =   -523473.5555
 BOND   =      6624.1089  ANGLE   =     22888.9785  DIHED      =     20327.5305
 1-4 NB =      9060.5089  1-4 EEL =     40286.5886  VDWAALS    =     43431.1227
 EELEC  =   -672803.3434  EHBOND  =         0.0000  RESTRAINT  =      5509.0370
 EAMBER (non-restraint)  =   -528982.5925
 EKCMT  =     25516.5182  VIRIAL  =     24145.3174  VOLUME     =   1828043.0504
 CMAP   =      1201.9127
                                                    Density    =         0.9755
 Ewald error estimate:   0.6976E-04
 ------------------------------------------------------------------------------

 NMR restraints: Bond =    0.000   Angle =     0.000   Torsion =     0.000
===============================================================================

 NSTEP =    31400   TIME(PS) =      31.900  TEMP(K) =   221.69  PRESS =    86.5
 Etot   =   -440341.6107  EKtot   =     82803.4215  EPtot      =   -523145.0323
 BOND   =      6717.3175  ANGLE   =     22934.5861  DIHED      =     20352.7631
 1-4 NB =      9075.3668  1-4 EEL =     40301.7130  VDWAALS    =     43118.6690
 EELEC  =   -672389.8897  EHBOND  =         0.0000  RESTRAINT  =      5554.8532
 EAMBER (non-restraint)  =   -528699.8854
 EKCMT  =     25776.4340  VIRIAL  =     22362.7511  VOLUME     =   1828347.0915
 CMAP   =      1189.5888
                                                    Density    =         0.9753
 Ewald error estimate:   0.6325E-04
 ------------------------------------------------------------------------------

 NMR restraints: Bond =    0.000   Angle =     0.000   Torsion =     0.000
===============================================================================

 NSTEP =    31500   TIME(PS) =      32.000  TEMP(K) =   222.25  PRESS =    29.7
 Etot   =   -439825.1822  EKtot   =     83012.4836  EPtot      =   -522837.6658
 BOND   =      6644.8986  ANGLE   =     23023.8447  DIHED      =     20385.1614
 1-4 NB =      9099.4387  1-4 EEL =     40324.3592  VDWAALS    =     43230.8292
 EELEC  =   -672266.5075  EHBOND  =         0.0000  RESTRAINT  =      5522.4293
 EAMBER (non-restraint)  =   -528360.0951
 EKCMT  =     25896.3859  VIRIAL  =     24722.2919  VOLUME     =   1828432.3386
 CMAP   =      1197.8805
                                                    Density    =         0.9753
 Ewald error estimate:   0.6181E-04
 ------------------------------------------------------------------------------

 NMR restraints: Bond =    0.000   Angle =     0.000   Torsion =     0.000
===============================================================================

 NSTEP =    31600   TIME(PS) =      32.100  TEMP(K) =   222.42  PRESS =    41.0
 Etot   =   -439399.8585  EKtot   =     83073.5977  EPtot      =   -522473.4562
 BOND   =      6646.4060  ANGLE   =     22865.0324  DIHED      =     20378.8747
 1-4 NB =      9094.6258  1-4 EEL =     40179.9862  VDWAALS    =     42859.0458
 EELEC  =   -671302.4421  EHBOND  =         0.0000  RESTRAINT  =      5619.6097
 EAMBER (non-restraint)  =   -528093.0659
 EKCMT  =     25912.4023  VIRIAL  =     24291.7792  VOLUME     =   1828711.8942
 CMAP   =      1185.4053
                                                    Density    =         0.9751
 Ewald error estimate:   0.7408E-04
 ------------------------------------------------------------------------------

 NMR restraints: Bond =    0.000   Angle =     0.000   Torsion =     0.000
===============================================================================

 NSTEP =    31700   TIME(PS) =      32.200  TEMP(K) =   223.02  PRESS =    93.8
 Etot   =   -439042.9119  EKtot   =     83299.0714  EPtot      =   -522341.9833
 BOND   =      6787.5625  ANGLE   =     22850.4313  DIHED      =     20298.1127
 1-4 NB =      9078.3337  1-4 EEL =     40359.8102  VDWAALS    =     43070.0436
 EELEC  =   -671518.5187  EHBOND  =         0.0000  RESTRAINT  =      5530.1209
 EAMBER (non-restraint)  =   -527872.1042
 EKCMT  =     25876.1098  VIRIAL  =     22173.7021  VOLUME     =   1828646.4718
 CMAP   =      1202.1204
                                                    Density    =         0.9752
 Ewald error estimate:   0.6270E-04
 ------------------------------------------------------------------------------

 NMR restraints: Bond =    0.000   Angle =     0.000   Torsion =     0.000
===============================================================================

 NSTEP =    31800   TIME(PS) =      32.300  TEMP(K) =   223.26  PRESS =   -15.3
 Etot   =   -438647.6455  EKtot   =     83387.8267  EPtot      =   -522035.4722
 BOND   =      6724.2732  ANGLE   =     23105.8654  DIHED      =     20349.2048
 1-4 NB =      9054.2124  1-4 EEL =     40273.9517  VDWAALS    =     43206.4450
 EELEC  =   -671484.8433  EHBOND  =         0.0000  RESTRAINT  =      5523.5537
 EAMBER (non-restraint)  =   -527559.0258
 EKCMT  =     25922.2864  VIRIAL  =     26526.8144  VOLUME     =   1828568.5362
 CMAP   =      1211.8650
                                                    Density    =         0.9752
 Ewald error estimate:   0.6273E-04
 ------------------------------------------------------------------------------

 NMR restraints: Bond =    0.000   Angle =     0.000   Torsion =     0.000
===============================================================================

 NSTEP =    31900   TIME(PS) =      32.400  TEMP(K) =   224.00  PRESS =    59.8
 Etot   =   -438190.3184  EKtot   =     83665.7867  EPtot      =   -521856.1050
 BOND   =      6733.3366  ANGLE   =     23092.7424  DIHED      =     20411.2443
 1-4 NB =      9045.4941  1-4 EEL =     40270.6956  VDWAALS    =     42580.9324
 EELEC  =   -670806.2363  EHBOND  =         0.0000  RESTRAINT  =      5592.1782
 EAMBER (non-restraint)  =   -527448.2832
 EKCMT  =     26054.3891  VIRIAL  =     23692.6019  VOLUME     =   1828534.2016
 CMAP   =      1223.5079
                                                    Density    =         0.9752
 Ewald error estimate:   0.8491E-04
 ------------------------------------------------------------------------------

 NMR restraints: Bond =    0.000   Angle =     0.000   Torsion =     0.000
===============================================================================

 NSTEP =    32000   TIME(PS) =      32.500  TEMP(K) =   223.86  PRESS =    86.5
 Etot   =   -437878.0611  EKtot   =     83615.0462  EPtot      =   -521493.1073
 BOND   =      6759.2375  ANGLE   =     23050.0077  DIHED      =     20398.5404
 1-4 NB =      9115.1138  1-4 EEL =     40244.2974  VDWAALS    =     42770.6272
 EELEC  =   -670606.2485  EHBOND  =         0.0000  RESTRAINT  =      5556.5482
 EAMBER (non-restraint)  =   -527049.6554
 EKCMT  =     25942.1638  VIRIAL  =     22526.4120  VOLUME     =   1828614.6338
 CMAP   =      1218.7690
                                                    Density    =         0.9752
 Ewald error estimate:   0.8359E-04
 ------------------------------------------------------------------------------

 NMR restraints: Bond =    0.000   Angle =     0.000   Torsion =     0.000
===============================================================================

 NSTEP =    32100   TIME(PS) =      32.600  TEMP(K) =   224.95  PRESS =    56.0
 Etot   =   -437327.6147  EKtot   =     84022.0434  EPtot      =   -521349.6581
 BOND   =      6612.8909  ANGLE   =     23149.4512  DIHED      =     20346.4125
 1-4 NB =      9122.7589  1-4 EEL =     40204.6190  VDWAALS    =     43003.3186
 EELEC  =   -670563.5859  EHBOND  =         0.0000  RESTRAINT  =      5568.1560
 EAMBER (non-restraint)  =   -526917.8141
 EKCMT  =     26098.1846  VIRIAL  =     23888.5098  VOLUME     =   1828538.2806
 CMAP   =      1206.3207
                                                    Density    =         0.9752
 Ewald error estimate:   0.5508E-04
 ------------------------------------------------------------------------------

 NMR restraints: Bond =    0.000   Angle =     0.000   Torsion =     0.000
===============================================================================

 NSTEP =    32200   TIME(PS) =      32.700  TEMP(K) =   224.14  PRESS =   -61.8
 Etot   =   -436843.3703  EKtot   =     83718.9449  EPtot      =   -520562.3152
 BOND   =      6759.6102  ANGLE   =     23304.4294  DIHED      =     20380.3578
 1-4 NB =      9125.2678  1-4 EEL =     40271.7757  VDWAALS    =     42616.2766
 EELEC  =   -669831.2733  EHBOND  =         0.0000  RESTRAINT  =      5596.4027
 EAMBER (non-restraint)  =   -526158.7179
 EKCMT  =     26100.2717  VIRIAL  =     28539.3701  VOLUME     =   1828669.3252
 CMAP   =      1214.8379
                                                    Density    =         0.9751
 Ewald error estimate:   0.6710E-04
 ------------------------------------------------------------------------------

 NMR restraints: Bond =    0.000   Angle =     0.000   Torsion =     0.000
===============================================================================

 NSTEP =    32300   TIME(PS) =      32.800  TEMP(K) =   225.71  PRESS =   -47.1
 Etot   =   -436392.1153  EKtot   =     84304.6157  EPtot      =   -520696.7309
 BOND   =      6844.7007  ANGLE   =     23190.2545  DIHED      =     20352.1781
 1-4 NB =      9073.5190  1-4 EEL =     40315.3855  VDWAALS    =     42309.0075
 EELEC  =   -669654.4043  EHBOND  =         0.0000  RESTRAINT  =      5653.8727
 EAMBER (non-restraint)  =   -526350.6036
 EKCMT  =     26302.8197  VIRIAL  =     28162.6876  VOLUME     =   1828544.4302
 CMAP   =      1218.7554
                                                    Density    =         0.9752
 Ewald error estimate:   0.1084E-03
 ------------------------------------------------------------------------------

 NMR restraints: Bond =    0.000   Angle =     0.000   Torsion =     0.000
===============================================================================

 NSTEP =    32400   TIME(PS) =      32.900  TEMP(K) =   226.13  PRESS =    23.4
 Etot   =   -436014.4830  EKtot   =     84459.3406  EPtot      =   -520473.8235
 BOND   =      6791.8515  ANGLE   =     23374.6595  DIHED      =     20421.3156
 1-4 NB =      9030.9018  1-4 EEL =     40222.2843  VDWAALS    =     42411.7904
 EELEC  =   -669527.1433  EHBOND  =         0.0000  RESTRAINT  =      5569.2438
 EAMBER (non-restraint)  =   -526043.0674
 EKCMT  =     26195.6209  VIRIAL  =     25270.4621  VOLUME     =   1828620.5844
 CMAP   =      1231.2729
                                                    Density    =         0.9752
 Ewald error estimate:   0.1016E-03
 ------------------------------------------------------------------------------

 NMR restraints: Bond =    0.000   Angle =     0.000   Torsion =     0.000
===============================================================================

 NSTEP =    32500   TIME(PS) =      33.000  TEMP(K) =   226.56  PRESS =    -1.7
 Etot   =   -435616.2342  EKtot   =     84620.0508  EPtot      =   -520236.2850
 BOND   =      6824.4539  ANGLE   =     23412.6498  DIHED      =     20378.9394
 1-4 NB =      9079.5674  1-4 EEL =     40230.6170  VDWAALS    =     42596.6464
 EELEC  =   -669555.3526  EHBOND  =         0.0000  RESTRAINT  =      5593.2090
 EAMBER (non-restraint)  =   -525829.4941
 EKCMT  =     26334.3860  VIRIAL  =     26400.8109  VOLUME     =   1829011.6995
 CMAP   =      1202.9845
                                                    Density    =         0.9750
 Ewald error estimate:   0.8466E-04
 ------------------------------------------------------------------------------

 NMR restraints: Bond =    0.000   Angle =     0.000   Torsion =     0.000
===============================================================================

 NSTEP =    32600   TIME(PS) =      33.100  TEMP(K) =   226.26  PRESS =     3.4
 Etot   =   -435358.2256  EKtot   =     84511.2979  EPtot      =   -519869.5235
 BOND   =      6831.8778  ANGLE   =     23507.2171  DIHED      =     20409.2363
 1-4 NB =      9081.4402  1-4 EEL =     40132.6273  VDWAALS    =     41915.1838
 EELEC  =   -668529.3651  EHBOND  =         0.0000  RESTRAINT  =      5610.7593
 EAMBER (non-restraint)  =   -525480.2828
 EKCMT  =     26429.9686  VIRIAL  =     26294.6716  VOLUME     =   1829200.7894
 CMAP   =      1171.4997
                                                    Density    =         0.9749
 Ewald error estimate:   0.6192E-04
 ------------------------------------------------------------------------------

 NMR restraints: Bond =    0.000   Angle =     0.000   Torsion =     0.000
===============================================================================

 NSTEP =    32700   TIME(PS) =      33.200  TEMP(K) =   226.68  PRESS =   131.8
 Etot   =   -434795.0833  EKtot   =     84666.3729  EPtot      =   -519461.4563
 BOND   =      6839.2272  ANGLE   =     23528.9603  DIHED      =     20358.0470
 1-4 NB =      9038.2026  1-4 EEL =     40246.6282  VDWAALS    =     42514.1943
 EELEC  =   -668871.2648  EHBOND  =         0.0000  RESTRAINT  =      5673.9794
 EAMBER (non-restraint)  =   -525135.4357
 EKCMT  =     26267.6861  VIRIAL  =     21060.3944  VOLUME     =   1829387.2321
 CMAP   =      1210.5695
                                                    Density    =         0.9748
 Ewald error estimate:   0.8711E-04
 ------------------------------------------------------------------------------

 NMR restraints: Bond =    0.000   Angle =     0.000   Torsion =     0.000
===============================================================================

 NSTEP =    32800   TIME(PS) =      33.300  TEMP(K) =   227.48  PRESS =  -155.3
 Etot   =   -434555.5076  EKtot   =     84966.8436  EPtot      =   -519522.3511
 BOND   =      6826.5558  ANGLE   =     23503.2994  DIHED      =     20382.9278
 1-4 NB =      9046.1622  1-4 EEL =     40109.5951  VDWAALS    =     42031.2899
 EELEC  =   -668309.3716  EHBOND  =         0.0000  RESTRAINT  =      5685.5858
 EAMBER (non-restraint)  =   -525207.9370
 EKCMT  =     26490.6523  VIRIAL  =     32625.3351  VOLUME     =   1829294.4601
 CMAP   =      1201.6045
                                                    Density    =         0.9748
 Ewald error estimate:   0.4826E-04
 ------------------------------------------------------------------------------

 NMR restraints: Bond =    0.000   Angle =     0.000   Torsion =     0.000
===============================================================================

 NSTEP =    32900   TIME(PS) =      33.400  TEMP(K) =   228.65  PRESS =    -7.6
 Etot   =   -434039.1303  EKtot   =     85402.7278  EPtot      =   -519441.8581
 BOND   =      6887.9578  ANGLE   =     23329.3966  DIHED      =     20295.1626
 1-4 NB =      9044.1502  1-4 EEL =     40276.8062  VDWAALS    =     41962.6805
 EELEC  =   -668081.9938  EHBOND  =         0.0000  RESTRAINT  =      5648.5778
 EAMBER (non-restraint)  =   -525090.4359
 EKCMT  =     26535.4892  VIRIAL  =     26834.5083  VOLUME     =   1829095.6778
 CMAP   =      1195.4040
                                                    Density    =         0.9749
 Ewald error estimate:   0.7096E-04
 ------------------------------------------------------------------------------

 NMR restraints: Bond =    0.000   Angle =     0.000   Torsion =     0.000
===============================================================================

 NSTEP =    33000   TIME(PS) =      33.500  TEMP(K) =   227.17  PRESS =    -8.7
 Etot   =   -433653.2510  EKtot   =     84851.0770  EPtot      =   -518504.3281
 BOND   =      6846.0055  ANGLE   =     23423.8555  DIHED      =     20386.4871
 1-4 NB =      9141.7794  1-4 EEL =     40483.7741  VDWAALS    =     41747.4963
 EELEC  =   -667377.2341  EHBOND  =         0.0000  RESTRAINT  =      5643.4264
 EAMBER (non-restraint)  =   -524147.7545
 EKCMT  =     26289.8095  VIRIAL  =     26632.7058  VOLUME     =   1829143.6015
 CMAP   =      1200.0816
                                                    Density    =         0.9749
 Ewald error estimate:   0.7226E-04
 ------------------------------------------------------------------------------

 NMR restraints: Bond =    0.000   Angle =     0.000   Torsion =     0.000
===============================================================================

 NSTEP =    33100   TIME(PS) =      33.600  TEMP(K) =   228.47  PRESS =    55.6
 Etot   =   -433266.2900  EKtot   =     85335.4757  EPtot      =   -518601.7657
 BOND   =      6923.4986  ANGLE   =     23493.0955  DIHED      =     20371.7564
 1-4 NB =      9093.5777  1-4 EEL =     40292.5693  VDWAALS    =     41882.4829
 EELEC  =   -667507.6325  EHBOND  =         0.0000  RESTRAINT  =      5658.2284
 EAMBER (non-restraint)  =   -524259.9941
 EKCMT  =     26554.0686  VIRIAL  =     24357.2767  VOLUME     =   1828890.2182
 CMAP   =      1190.6579
                                                    Density    =         0.9750
 Ewald error estimate:   0.9247E-04
 ------------------------------------------------------------------------------

 NMR restraints: Bond =    0.000   Angle =     0.000   Torsion =     0.000
===============================================================================

 NSTEP =    33200   TIME(PS) =      33.700  TEMP(K) =   229.08  PRESS =    23.2
 Etot   =   -432856.0782  EKtot   =     85562.5440  EPtot      =   -518418.6223
 BOND   =      6829.3249  ANGLE   =     23486.5260  DIHED      =     20387.9422
 1-4 NB =      9067.0896  1-4 EEL =     40383.1155  VDWAALS    =     41979.6853
 EELEC  =   -667476.5601  EHBOND  =         0.0000  RESTRAINT  =      5731.0698
 EAMBER (non-restraint)  =   -524149.6921
 EKCMT  =     26421.5544  VIRIAL  =     25504.3426  VOLUME     =   1829180.7869
 CMAP   =      1193.1846
                                                    Density    =         0.9749
 Ewald error estimate:   0.1043E-03
 ------------------------------------------------------------------------------

 NMR restraints: Bond =    0.000   Angle =     0.000   Torsion =     0.000
===============================================================================

 NSTEP =    33300   TIME(PS) =      33.800  TEMP(K) =   229.78  PRESS =    44.5
 Etot   =   -432271.8381  EKtot   =     85825.7499  EPtot      =   -518097.5880
 BOND   =      6921.2620  ANGLE   =     23505.7891  DIHED      =     20369.8068
 1-4 NB =      9072.3441  1-4 EEL =     40137.8240  VDWAALS    =     42033.3344
 EELEC  =   -667081.8881  EHBOND  =         0.0000  RESTRAINT  =      5733.7721
 EAMBER (non-restraint)  =   -523831.3601
 EKCMT  =     26653.5574  VIRIAL  =     24894.5299  VOLUME     =   1829386.0952
 CMAP   =      1210.1675
                                                    Density    =         0.9748
 Ewald error estimate:   0.5332E-04
 ------------------------------------------------------------------------------

 NMR restraints: Bond =    0.000   Angle =     0.000   Torsion =     0.000
===============================================================================

 NSTEP =    33400   TIME(PS) =      33.900  TEMP(K) =   229.86  PRESS =    56.9
 Etot   =   -431883.5323  EKtot   =     85855.9109  EPtot      =   -517739.4432
 BOND   =      6942.4473  ANGLE   =     23466.1385  DIHED      =     20447.5775
 1-4 NB =      9095.6240  1-4 EEL =     40266.4119  VDWAALS    =     41675.3467
 EELEC  =   -666568.5846  EHBOND  =         0.0000  RESTRAINT  =      5747.7320
 EAMBER (non-restraint)  =   -523487.1752
 EKCMT  =     26658.0017  VIRIAL  =     24411.6686  VOLUME     =   1829594.2539
 CMAP   =      1187.8636
                                                    Density    =         0.9747
 Ewald error estimate:   0.8417E-04
 ------------------------------------------------------------------------------

 NMR restraints: Bond =    0.000   Angle =     0.000   Torsion =     0.000
===============================================================================

 NSTEP =    33500   TIME(PS) =      34.000  TEMP(K) =   230.50  PRESS =   -28.1
 Etot   =   -431462.8318  EKtot   =     86092.5658  EPtot      =   -517555.3976
 BOND   =      6868.4745  ANGLE   =     23736.4411  DIHED      =     20323.6404
 1-4 NB =      9058.2949  1-4 EEL =     40231.5093  VDWAALS    =     41617.2288
 EELEC  =   -666321.9335  EHBOND  =         0.0000  RESTRAINT  =      5720.0150
 EAMBER (non-restraint)  =   -523275.4127
 EKCMT  =     26688.9442  VIRIAL  =     27799.2595  VOLUME     =   1829746.1035
 CMAP   =      1210.9319
                                                    Density    =         0.9746
 Ewald error estimate:   0.8172E-04
 ------------------------------------------------------------------------------

 NMR restraints: Bond =    0.000   Angle =     0.000   Torsion =     0.000
===============================================================================

 NSTEP =    33600   TIME(PS) =      34.100  TEMP(K) =   230.57  PRESS =    -7.1
 Etot   =   -431067.0681  EKtot   =     86119.4158  EPtot      =   -517186.4839
 BOND   =      6792.4196  ANGLE   =     23655.3045  DIHED      =     20411.6093
 1-4 NB =      9074.5143  1-4 EEL =     40211.1983  VDWAALS    =     41434.4959
 EELEC  =   -665700.1646  EHBOND  =         0.0000  RESTRAINT  =      5744.2997
 EAMBER (non-restraint)  =   -522930.7836
 EKCMT  =     26721.2179  VIRIAL  =     27000.9091  VOLUME     =   1829663.8273
 CMAP   =      1189.8391
                                                    Density    =         0.9746
 Ewald error estimate:   0.8953E-04
 ------------------------------------------------------------------------------

 NMR restraints: Bond =    0.000   Angle =     0.000   Torsion =     0.000
===============================================================================

 NSTEP =    33700   TIME(PS) =      34.200  TEMP(K) =   231.33  PRESS =   -34.4
 Etot   =   -430702.5512  EKtot   =     86402.6277  EPtot      =   -517105.1790
 BOND   =      6792.4083  ANGLE   =     23770.0297  DIHED      =     20456.7328
 1-4 NB =      9066.1547  1-4 EEL =     40178.7992  VDWAALS    =     41420.4532
 EELEC  =   -665788.0074  EHBOND  =         0.0000  RESTRAINT  =      5806.6304
 EAMBER (non-restraint)  =   -522911.8093
 EKCMT  =     26833.1334  VIRIAL  =     28190.9181  VOLUME     =   1829734.2278
 CMAP   =      1191.6202
                                                    Density    =         0.9746
 Ewald error estimate:   0.7455E-04
 ------------------------------------------------------------------------------

 NMR restraints: Bond =    0.000   Angle =     0.000   Torsion =     0.000
===============================================================================

 NSTEP =    33800   TIME(PS) =      34.300  TEMP(K) =   231.39  PRESS =   -57.4
 Etot   =   -430376.5411  EKtot   =     86424.9369  EPtot      =   -516801.4780
 BOND   =      6976.1266  ANGLE   =     23709.6352  DIHED      =     20379.4865
 1-4 NB =      9126.1267  1-4 EEL =     40193.1663  VDWAALS    =     41515.9422
 EELEC  =   -665625.1538  EHBOND  =         0.0000  RESTRAINT  =      5726.9362
 EAMBER (non-restraint)  =   -522528.4143
 EKCMT  =     26750.8377  VIRIAL  =     29020.0579  VOLUME     =   1829734.0536
 CMAP   =      1196.2561
                                                    Density    =         0.9746
 Ewald error estimate:   0.3148E-04
 ------------------------------------------------------------------------------

 NMR restraints: Bond =    0.000   Angle =     0.000   Torsion =     0.000
===============================================================================

 NSTEP =    33900   TIME(PS) =      34.400  TEMP(K) =   232.02  PRESS =  -107.9
 Etot   =   -429939.4309  EKtot   =     86659.2899  EPtot      =   -516598.7208
 BOND   =      6863.7902  ANGLE   =     23709.7401  DIHED      =     20445.9358
 1-4 NB =      9140.3317  1-4 EEL =     40286.4546  VDWAALS    =     40983.4182
 EELEC  =   -664976.0185  EHBOND  =         0.0000  RESTRAINT  =      5745.5479
 EAMBER (non-restraint)  =   -522344.2687
 EKCMT  =     26931.1143  VIRIAL  =     31194.2192  VOLUME     =   1829714.6737
 CMAP   =      1202.0792
                                                    Density    =         0.9746
 Ewald error estimate:   0.5716E-04
 ------------------------------------------------------------------------------

 NMR restraints: Bond =    0.000   Angle =     0.000   Torsion =     0.000
===============================================================================

 NSTEP =    34000   TIME(PS) =      34.500  TEMP(K) =   232.61  PRESS =    68.9
 Etot   =   -429529.1308  EKtot   =     86882.1127  EPtot      =   -516411.2435
 BOND   =      6965.3571  ANGLE   =     23687.4831  DIHED      =     20469.8023
 1-4 NB =      9153.7105  1-4 EEL =     40377.2113  VDWAALS    =     41081.6166
 EELEC  =   -665055.3465  EHBOND  =         0.0000  RESTRAINT  =      5719.4932
 EAMBER (non-restraint)  =   -522130.7367
 EKCMT  =     27006.5850  VIRIAL  =     24285.0007  VOLUME     =   1829825.8699
 CMAP   =      1189.4289
                                                    Density    =         0.9745
 Ewald error estimate:   0.5757E-04
 ------------------------------------------------------------------------------

 NMR restraints: Bond =    0.000   Angle =     0.000   Torsion =     0.000
===============================================================================

 NSTEP =    34100   TIME(PS) =      34.600  TEMP(K) =   233.11  PRESS =    96.9
 Etot   =   -429189.0066  EKtot   =     87069.2107  EPtot      =   -516258.2173
 BOND   =      7036.7870  ANGLE   =     23583.4080  DIHED      =     20387.4812
 1-4 NB =      9043.5397  1-4 EEL =     40200.8179  VDWAALS    =     41250.8867
 EELEC  =   -664758.9559  EHBOND  =         0.0000  RESTRAINT  =      5781.8461
 EAMBER (non-restraint)  =   -522040.0633
 EKCMT  =     27031.2684  VIRIAL  =     23203.6557  VOLUME     =   1830126.2385
 CMAP   =      1215.9723
                                                    Density    =         0.9744
 Ewald error estimate:   0.7843E-04
 ------------------------------------------------------------------------------

 NMR restraints: Bond =    0.000   Angle =     0.000   Torsion =     0.000
===============================================================================

 NSTEP =    34200   TIME(PS) =      34.700  TEMP(K) =   233.60  PRESS =    69.0
 Etot   =   -428360.7383  EKtot   =     87251.2221  EPtot      =   -515611.9604
 BOND   =      6880.4969  ANGLE   =     23794.8078  DIHED      =     20443.7905
 1-4 NB =      9126.5909  1-4 EEL =     40251.4549  VDWAALS    =     40540.3481
 EELEC  =   -663651.4964  EHBOND  =         0.0000  RESTRAINT  =      5797.9360
 EAMBER (non-restraint)  =   -521409.8964
 EKCMT  =     27271.5248  VIRIAL  =     24544.0613  VOLUME     =   1830315.3462
 CMAP   =      1204.1109
                                                    Density    =         0.9743
 Ewald error estimate:   0.8857E-04
 ------------------------------------------------------------------------------

 NMR restraints: Bond =    0.000   Angle =     0.000   Torsion =     0.000
===============================================================================

 NSTEP =    34300   TIME(PS) =      34.800  TEMP(K) =   232.98  PRESS =    -8.0
 Etot   =   -428037.9655  EKtot   =     87018.0995  EPtot      =   -515056.0650
 BOND   =      7032.2401  ANGLE   =     23824.9320  DIHED      =     20435.7771
 1-4 NB =      9073.9763  1-4 EEL =     40281.7999  VDWAALS    =     40898.1711
 EELEC  =   -663590.1389  EHBOND  =         0.0000  RESTRAINT  =      5791.1809
 EAMBER (non-restraint)  =   -520847.2460
 EKCMT  =     27143.3076  VIRIAL  =     27458.3641  VOLUME     =   1830231.0109
 CMAP   =      1195.9965
                                                    Density    =         0.9743
 Ewald error estimate:   0.5097E-04
 ------------------------------------------------------------------------------

 NMR restraints: Bond =    0.000   Angle =     0.000   Torsion =     0.000
===============================================================================

 NSTEP =    34400   TIME(PS) =      34.900  TEMP(K) =   233.33  PRESS =    91.1
 Etot   =   -427568.5407  EKtot   =     87150.8950  EPtot      =   -514719.4357
 BOND   =      6991.1508  ANGLE   =     23765.9867  DIHED      =     20436.9353
 1-4 NB =      9078.3780  1-4 EEL =     40337.8020  VDWAALS    =     40848.9889
 EELEC  =   -663181.5692  EHBOND  =         0.0000  RESTRAINT  =      5798.7852
 EAMBER (non-restraint)  =   -520518.2209
 EKCMT  =     27101.8752  VIRIAL  =     23499.7772  VOLUME     =   1830525.2812
 CMAP   =      1204.1066
                                                    Density    =         0.9742
 Ewald error estimate:   0.5832E-04
 ------------------------------------------------------------------------------

 NMR restraints: Bond =    0.000   Angle =     0.000   Torsion =     0.000
===============================================================================

 NSTEP =    34500   TIME(PS) =      35.000  TEMP(K) =   234.82  PRESS =    76.8
 Etot   =   -427191.6171  EKtot   =     87705.7786  EPtot      =   -514897.3957
 BOND   =      6930.8921  ANGLE   =     23865.8486  DIHED      =     20467.7881
 1-4 NB =      9158.3878  1-4 EEL =     40161.4794  VDWAALS    =     40522.6466
 EELEC  =   -662950.8928  EHBOND  =         0.0000  RESTRAINT  =      5762.8580
 EAMBER (non-restraint)  =   -520660.2537
 EKCMT  =     27312.6819  VIRIAL  =     24275.4428  VOLUME     =   1830463.0500
 CMAP   =      1183.5965
                                                    Density    =         0.9742
 Ewald error estimate:   0.9624E-04
 ------------------------------------------------------------------------------

 NMR restraints: Bond =    0.000   Angle =     0.000   Torsion =     0.000
===============================================================================

 NSTEP =    34600   TIME(PS) =      35.100  TEMP(K) =   234.02  PRESS =   -28.0
 Etot   =   -426820.5374  EKtot   =     87408.1593  EPtot      =   -514228.6967
 BOND   =      6935.2774  ANGLE   =     23884.2825  DIHED      =     20503.3361
 1-4 NB =      9131.4572  1-4 EEL =     40273.7083  VDWAALS    =     40678.6380
 EELEC  =   -662639.4100  EHBOND  =         0.0000  RESTRAINT  =      5801.3139
 EAMBER (non-restraint)  =   -520030.0106
 EKCMT  =     27147.5220  VIRIAL  =     28252.4076  VOLUME     =   1830500.2605
 CMAP   =      1202.6998
                                                    Density    =         0.9742
 Ewald error estimate:   0.6429E-04
 ------------------------------------------------------------------------------

 NMR restraints: Bond =    0.000   Angle =     0.000   Torsion =     0.000
===============================================================================

 NSTEP =    34700   TIME(PS) =      35.200  TEMP(K) =   235.55  PRESS =   -29.1
 Etot   =   -426262.6644  EKtot   =     87979.7404  EPtot      =   -514242.4048
 BOND   =      7108.0584  ANGLE   =     23823.9136  DIHED      =     20392.1270
 1-4 NB =      9109.9186  1-4 EEL =     40143.1468  VDWAALS    =     40661.2529
 EELEC  =   -662538.9184  EHBOND  =         0.0000  RESTRAINT  =      5844.7232
 EAMBER (non-restraint)  =   -520087.1281
 EKCMT  =     27388.7953  VIRIAL  =     28540.7065  VOLUME     =   1830505.9204
 CMAP   =      1213.3730
                                                    Density    =         0.9742
 Ewald error estimate:   0.5802E-04
 ------------------------------------------------------------------------------

 NMR restraints: Bond =    0.000   Angle =     0.000   Torsion =     0.000
===============================================================================

 NSTEP =    34800   TIME(PS) =      35.300  TEMP(K) =   235.59  PRESS =   -56.7
 Etot   =   -425783.0348  EKtot   =     87993.4734  EPtot      =   -513776.5083
 BOND   =      7025.4045  ANGLE   =     23859.9849  DIHED      =     20421.1134
 1-4 NB =      9072.7180  1-4 EEL =     40168.8473  VDWAALS    =     40528.1681
 EELEC  =   -661913.4042  EHBOND  =         0.0000  RESTRAINT  =      5836.1629
 EAMBER (non-restraint)  =   -519612.6711
 EKCMT  =     27146.0859  VIRIAL  =     29385.4556  VOLUME     =   1830536.0481
 CMAP   =      1224.4970
                                                    Density    =         0.9742
 Ewald error estimate:   0.6798E-04
 ------------------------------------------------------------------------------

 NMR restraints: Bond =    0.000   Angle =     0.000   Torsion =     0.000
===============================================================================

 NSTEP =    34900   TIME(PS) =      35.400  TEMP(K) =   235.80  PRESS =    59.4
 Etot   =   -425251.9941  EKtot   =     88071.9120  EPtot      =   -513323.9061
 BOND   =      7002.3171  ANGLE   =     23902.3985  DIHED      =     20490.5663
 1-4 NB =      9131.9292  1-4 EEL =     40336.2099  VDWAALS    =     40149.5310
 EELEC  =   -661352.5569  EHBOND  =         0.0000  RESTRAINT  =      5820.4631
 EAMBER (non-restraint)  =   -519144.3692
 EKCMT  =     27297.9818  VIRIAL  =     24949.8243  VOLUME     =   1830535.3792
 CMAP   =      1195.2357
                                                    Density    =         0.9742
 Ewald error estimate:   0.6485E-04
 ------------------------------------------------------------------------------

 NMR restraints: Bond =    0.000   Angle =     0.000   Torsion =     0.000
===============================================================================

 NSTEP =    35000   TIME(PS) =      35.500  TEMP(K) =   237.39  PRESS =   -33.9
 Etot   =   -424716.1267  EKtot   =     88664.8632  EPtot      =   -513380.9899
 BOND   =      6910.1374  ANGLE   =     24030.1404  DIHED      =     20539.1693
 1-4 NB =      9113.2026  1-4 EEL =     40233.8130  VDWAALS    =     39964.8375
 EELEC  =   -661173.1708  EHBOND  =         0.0000  RESTRAINT  =      5807.1380
 EAMBER (non-restraint)  =   -519188.1279
 EKCMT  =     27472.3932  VIRIAL  =     28810.9215  VOLUME     =   1830658.6061
 CMAP   =      1193.7428
                                                    Density    =         0.9741
 Ewald error estimate:   0.5897E-04
 ------------------------------------------------------------------------------

 NMR restraints: Bond =    0.000   Angle =     0.000   Torsion =     0.000
===============================================================================

 NSTEP =    35100   TIME(PS) =      35.600  TEMP(K) =   237.54  PRESS =    20.9
 Etot   =   -424130.5142  EKtot   =     88722.0907  EPtot      =   -512852.6049
 BOND   =      7046.4971  ANGLE   =     23811.6822  DIHED      =     20497.8241
 1-4 NB =      9131.3910  1-4 EEL =     40341.7302  VDWAALS    =     40163.9622
 EELEC  =   -660887.7678  EHBOND  =         0.0000  RESTRAINT  =      5824.2727
 EAMBER (non-restraint)  =   -518676.8776
 EKCMT  =     27344.1391  VIRIAL  =     26516.8526  VOLUME     =   1830741.8897
 CMAP   =      1217.8034
                                                    Density    =         0.9740
 Ewald error estimate:   0.6201E-04
 ------------------------------------------------------------------------------

 NMR restraints: Bond =    0.000   Angle =     0.000   Torsion =     0.000
===============================================================================

 NSTEP =    35200   TIME(PS) =      35.700  TEMP(K) =   237.77  PRESS =    66.8
 Etot   =   -423567.5551  EKtot   =     88808.2312  EPtot      =   -512375.7863
 BOND   =      7098.1787  ANGLE   =     24099.1078  DIHED      =     20487.1284
 1-4 NB =      9112.7839  1-4 EEL =     40301.7571  VDWAALS    =     40316.9005
 EELEC  =   -660775.2319  EHBOND  =         0.0000  RESTRAINT  =      5800.4379
 EAMBER (non-restraint)  =   -518176.2242
 EKCMT  =     27670.0999  VIRIAL  =     25029.3394  VOLUME     =   1830934.2092
 CMAP   =      1183.1513
                                                    Density    =         0.9739
 Ewald error estimate:   0.5494E-04
 ------------------------------------------------------------------------------

 NMR restraints: Bond =    0.000   Angle =     0.000   Torsion =     0.000
===============================================================================

 NSTEP =    35300   TIME(PS) =      35.800  TEMP(K) =   237.70  PRESS =   -37.8
 Etot   =   -423128.6109  EKtot   =     88780.6920  EPtot      =   -511909.3029
 BOND   =      6998.0697  ANGLE   =     24248.7917  DIHED      =     20543.6683
 1-4 NB =      9136.3979  1-4 EEL =     40301.0314  VDWAALS    =     39791.0743
 EELEC  =   -659944.5028  EHBOND  =         0.0000  RESTRAINT  =      5809.9549
 EAMBER (non-restraint)  =   -517719.2578
 EKCMT  =     27705.1300  VIRIAL  =     29199.9047  VOLUME     =   1831180.6572
 CMAP   =      1206.2117
                                                    Density    =         0.9738
 Ewald error estimate:   0.7947E-04
 ------------------------------------------------------------------------------

 NMR restraints: Bond =    0.000   Angle =     0.000   Torsion =     0.000
===============================================================================

 NSTEP =    35400   TIME(PS) =      35.900  TEMP(K) =   237.16  PRESS =   -29.7
 Etot   =   -422959.4394  EKtot   =     88581.0093  EPtot      =   -511540.4487
 BOND   =      7246.4933  ANGLE   =     24133.7151  DIHED      =     20539.1807
 1-4 NB =      9135.0825  1-4 EEL =     40174.7871  VDWAALS    =     39552.8527
 EELEC  =   -659474.5297  EHBOND  =         0.0000  RESTRAINT  =      5936.6944
 EAMBER (non-restraint)  =   -517477.1431
 EKCMT  =     27545.5883  VIRIAL  =     28720.2563  VOLUME     =   1831270.4752
 CMAP   =      1215.2753
                                                    Density    =         0.9738
 Ewald error estimate:   0.1980E-04
 ------------------------------------------------------------------------------

 NMR restraints: Bond =    0.000   Angle =     0.000   Torsion =     0.000
===============================================================================

 NSTEP =    35500   TIME(PS) =      36.000  TEMP(K) =   238.41  PRESS =   -48.4
 Etot   =   -422626.8119  EKtot   =     89048.6668  EPtot      =   -511675.4787
 BOND   =      7028.3890  ANGLE   =     24188.4218  DIHED      =     20426.9332
 1-4 NB =      9118.0132  1-4 EEL =     40156.6008  VDWAALS    =     39682.2557
 EELEC  =   -659360.8829  EHBOND  =         0.0000  RESTRAINT  =      5893.3879
 EAMBER (non-restraint)  =   -517568.8666
 EKCMT  =     27678.7089  VIRIAL  =     29593.5224  VOLUME     =   1831445.5307
 CMAP   =      1191.4025
                                                    Density    =         0.9737
 Ewald error estimate:   0.6692E-04
 ------------------------------------------------------------------------------

 NMR restraints: Bond =    0.000   Angle =     0.000   Torsion =     0.000
===============================================================================

 NSTEP =    35600   TIME(PS) =      36.100  TEMP(K) =   238.91  PRESS =   -21.2
 Etot   =   -422212.2905  EKtot   =     89234.4162  EPtot      =   -511446.7067
 BOND   =      6956.2567  ANGLE   =     24247.4669  DIHED      =     20472.6174
 1-4 NB =      9146.7988  1-4 EEL =     40328.0886  VDWAALS    =     39371.9143
 EELEC  =   -659075.4854  EHBOND  =         0.0000  RESTRAINT  =      5903.1917
 EAMBER (non-restraint)  =   -517349.8983
 EKCMT  =     27856.1613  VIRIAL  =     28696.3918  VOLUME     =   1831481.8433
 CMAP   =      1202.4443
                                                    Density    =         0.9737
 Ewald error estimate:   0.3153E-04
 ------------------------------------------------------------------------------

 NMR restraints: Bond =    0.000   Angle =     0.000   Torsion =     0.000
===============================================================================

 NSTEP =    35700   TIME(PS) =      36.200  TEMP(K) =   239.17  PRESS =   -15.0
 Etot   =   -421906.9644  EKtot   =     89330.2779  EPtot      =   -511237.2423
 BOND   =      6975.0244  ANGLE   =     24087.4148  DIHED      =     20446.4231
 1-4 NB =      9146.4606  1-4 EEL =     40317.2783  VDWAALS    =     39448.4855
 EELEC  =   -658813.6412  EHBOND  =         0.0000  RESTRAINT  =      5948.8818
 EAMBER (non-restraint)  =   -517186.1241
 EKCMT  =     27606.4790  VIRIAL  =     28200.5754  VOLUME     =   1831682.4086
 CMAP   =      1206.4304
                                                    Density    =         0.9735
 Ewald error estimate:   0.6626E-04
 ------------------------------------------------------------------------------

 NMR restraints: Bond =    0.000   Angle =     0.000   Torsion =     0.000
===============================================================================

 NSTEP =    35800   TIME(PS) =      36.300  TEMP(K) =   239.45  PRESS =  -108.5
 Etot   =   -421458.1053  EKtot   =     89436.1418  EPtot      =   -510894.2471
 BOND   =      7055.5102  ANGLE   =     24363.3554  DIHED      =     20517.8400
 1-4 NB =      9133.0037  1-4 EEL =     40219.8085  VDWAALS    =     39134.1080
 EELEC  =   -658482.4710  EHBOND  =         0.0000  RESTRAINT  =      5957.0802
 EAMBER (non-restraint)  =   -516851.3273
 EKCMT  =     27672.1084  VIRIAL  =     31960.9241  VOLUME     =   1831533.0487
 CMAP   =      1207.5181
                                                    Density    =         0.9736
 Ewald error estimate:   0.9749E-04
 ------------------------------------------------------------------------------

 NMR restraints: Bond =    0.000   Angle =     0.000   Torsion =     0.000
===============================================================================

 NSTEP =    35900   TIME(PS) =      36.400  TEMP(K) =   240.20  PRESS =    15.8
 Etot   =   -420863.0370  EKtot   =     89714.9007  EPtot      =   -510577.9377
 BOND   =      7070.1105  ANGLE   =     24271.1898  DIHED      =     20507.1710
 1-4 NB =      9201.5612  1-4 EEL =     40177.4136  VDWAALS    =     39126.5183
 EELEC  =   -658108.4142  EHBOND  =         0.0000  RESTRAINT  =      5975.5657
 EAMBER (non-restraint)  =   -516553.5034
 EKCMT  =     27734.2438  VIRIAL  =     27111.2141  VOLUME     =   1831387.5134
 CMAP   =      1200.9464
                                                    Density    =         0.9737
 Ewald error estimate:   0.7916E-04
 ------------------------------------------------------------------------------

 NMR restraints: Bond =    0.000   Angle =     0.000   Torsion =     0.000
===============================================================================

 NSTEP =    36000   TIME(PS) =      36.500  TEMP(K) =   240.55  PRESS =   128.7
 Etot   =   -420283.7221  EKtot   =     89847.7637  EPtot      =   -510131.4858
 BOND   =      7048.0389  ANGLE   =     24427.7829  DIHED      =     20531.7880
 1-4 NB =      9126.6118  1-4 EEL =     40258.7361  VDWAALS    =     39361.9114
 EELEC  =   -657986.9842  EHBOND  =         0.0000  RESTRAINT  =      5893.9094
 EAMBER (non-restraint)  =   -516025.3952
 EKCMT  =     27724.3443  VIRIAL  =     22634.4321  VOLUME     =   1831440.2366
 CMAP   =      1206.7200
                                                    Density    =         0.9737
 Ewald error estimate:   0.7040E-04
 ------------------------------------------------------------------------------

 NMR restraints: Bond =    0.000   Angle =     0.000   Torsion =     0.000
===============================================================================

 NSTEP =    36100   TIME(PS) =      36.600  TEMP(K) =   240.36  PRESS =  -123.5
 Etot   =   -419903.8263  EKtot   =     89775.1752  EPtot      =   -509679.0015
 BOND   =      7119.3858  ANGLE   =     24261.7004  DIHED      =     20568.3976
 1-4 NB =      9144.2369  1-4 EEL =     40257.8681  VDWAALS    =     38633.6780
 EELEC  =   -656887.8679  EHBOND  =         0.0000  RESTRAINT  =      6012.1563
 EAMBER (non-restraint)  =   -515691.1578
 EKCMT  =     27771.2389  VIRIAL  =     32656.6564  VOLUME     =   1831458.6469
 CMAP   =      1211.4432
                                                    Density    =         0.9737
 Ewald error estimate:   0.7604E-05
 ------------------------------------------------------------------------------

 NMR restraints: Bond =    0.000   Angle =     0.000   Torsion =     0.000
===============================================================================

 NSTEP =    36200   TIME(PS) =      36.700  TEMP(K) =   241.81  PRESS =    89.7
 Etot   =   -419548.9023  EKtot   =     90317.5554  EPtot      =   -509866.4577
 BOND   =      7076.4627  ANGLE   =     24293.2526  DIHED      =     20457.3207
 1-4 NB =      9132.4544  1-4 EEL =     40383.1714  VDWAALS    =     39240.5768
 EELEC  =   -657633.3335  EHBOND  =         0.0000  RESTRAINT  =      5969.8967
 EAMBER (non-restraint)  =   -515836.3544
 EKCMT  =     28076.2764  VIRIAL  =     24528.8383  VOLUME     =   1831728.9929
 CMAP   =      1213.7405
                                                    Density    =         0.9735
 Ewald error estimate:   0.5755E-04
 ------------------------------------------------------------------------------

 NMR restraints: Bond =    0.000   Angle =     0.000   Torsion =     0.000
===============================================================================

 NSTEP =    36300   TIME(PS) =      36.800  TEMP(K) =   241.88  PRESS =    76.0
 Etot   =   -419370.2681  EKtot   =     90344.3387  EPtot      =   -509714.6068
 BOND   =      7065.2147  ANGLE   =     24387.0559  DIHED      =     20542.4241
 1-4 NB =      9098.5066  1-4 EEL =     40182.8560  VDWAALS    =     39035.4942
 EELEC  =   -657171.7228  EHBOND  =         0.0000  RESTRAINT  =      5940.2100
 EAMBER (non-restraint)  =   -515654.8169
 EKCMT  =     27941.9760  VIRIAL  =     24935.0075  VOLUME     =   1831768.6440
 CMAP   =      1205.3545
                                                    Density    =         0.9735
 Ewald error estimate:   0.1386E-05
 ------------------------------------------------------------------------------

 NMR restraints: Bond =    0.000   Angle =     0.000   Torsion =     0.000
===============================================================================

 NSTEP =    36400   TIME(PS) =      36.900  TEMP(K) =   241.97  PRESS =    15.0
 Etot   =   -418884.6519  EKtot   =     90379.1841  EPtot      =   -509263.8359
 BOND   =      7197.3284  ANGLE   =     24505.2054  DIHED      =     20485.5565
 1-4 NB =      9092.7689  1-4 EEL =     40193.0656  VDWAALS    =     38997.6547
 EELEC  =   -656957.3767  EHBOND  =         0.0000  RESTRAINT  =      6024.8154
 EAMBER (non-restraint)  =   -515288.6514
 EKCMT  =     27824.0610  VIRIAL  =     27231.0910  VOLUME     =   1831806.9086
 CMAP   =      1197.1457
                                                    Density    =         0.9735
 Ewald error estimate:   0.2355E-04
 ------------------------------------------------------------------------------

 NMR restraints: Bond =    0.000   Angle =     0.000   Torsion =     0.000
===============================================================================

 NSTEP =    36500   TIME(PS) =      37.000  TEMP(K) =   242.66  PRESS =   126.0
 Etot   =   -418545.6055  EKtot   =     90633.8961  EPtot      =   -509179.5016
 BOND   =      7195.7657  ANGLE   =     24308.4063  DIHED      =     20540.6042
 1-4 NB =      9113.5701  1-4 EEL =     40349.2955  VDWAALS    =     38921.7466
 EELEC  =   -656820.0827  EHBOND  =         0.0000  RESTRAINT  =      6003.3425
 EAMBER (non-restraint)  =   -515182.8440
 EKCMT  =     27984.2304  VIRIAL  =     22999.5708  VOLUME     =   1831704.0968
 CMAP   =      1207.8504
                                                    Density    =         0.9735
 Ewald error estimate:   0.5239E-04
 ------------------------------------------------------------------------------

 NMR restraints: Bond =    0.000   Angle =     0.000   Torsion =     0.000
===============================================================================

 NSTEP =    36600   TIME(PS) =      37.100  TEMP(K) =   241.67  PRESS =   -24.7
 Etot   =   -418136.4221  EKtot   =     90266.9094  EPtot      =   -508403.3315
 BOND   =      7223.1968  ANGLE   =     24419.5593  DIHED      =     20603.4079
 1-4 NB =      9155.3383  1-4 EEL =     40193.6496  VDWAALS    =     38789.2068
 EELEC  =   -656072.9036  EHBOND  =         0.0000  RESTRAINT  =      6047.3472
 EAMBER (non-restraint)  =   -514450.6787
 EKCMT  =     27988.0078  VIRIAL  =     28964.8595  VOLUME     =   1832049.0475
 CMAP   =      1237.8662
                                                    Density    =         0.9733
 Ewald error estimate:   0.6362E-05
 ------------------------------------------------------------------------------

 NMR restraints: Bond =    0.000   Angle =     0.000   Torsion =     0.000
===============================================================================

 NSTEP =    36700   TIME(PS) =      37.200  TEMP(K) =   242.78  PRESS =    33.9
 Etot   =   -417591.3360  EKtot   =     90680.0653  EPtot      =   -508271.4013
 BOND   =      7176.5637  ANGLE   =     24540.9654  DIHED      =     20534.8994
 1-4 NB =      9131.7488  1-4 EEL =     40289.6854  VDWAALS    =     38497.9732
 EELEC  =   -655727.2493  EHBOND  =         0.0000  RESTRAINT  =      6086.3840
 EAMBER (non-restraint)  =   -514357.7853
 EKCMT  =     28108.8119  VIRIAL  =     26769.6059  VOLUME     =   1832233.3454
 CMAP   =      1197.6281
                                                    Density    =         0.9733
 Ewald error estimate:   0.7005E-04
 ------------------------------------------------------------------------------

 NMR restraints: Bond =    0.000   Angle =     0.000   Torsion =     0.000
===============================================================================

 NSTEP =    36800   TIME(PS) =      37.300  TEMP(K) =   243.78  PRESS =     2.0
 Etot   =   -417266.5023  EKtot   =     91051.7234  EPtot      =   -508318.2258
 BOND   =      7178.5604  ANGLE   =     24511.9664  DIHED      =     20553.4383
 1-4 NB =      9103.8931  1-4 EEL =     40151.2861  VDWAALS    =     38730.7190
 EELEC  =   -655737.2947  EHBOND  =         0.0000  RESTRAINT  =      5979.1913
 EAMBER (non-restraint)  =   -514297.4171
 EKCMT  =     28215.5613  VIRIAL  =     28134.5060  VOLUME     =   1832319.0235
 CMAP   =      1210.0144
                                                    Density    =         0.9732
 Ewald error estimate:   0.7286E-05
 ------------------------------------------------------------------------------

 NMR restraints: Bond =    0.000   Angle =     0.000   Torsion =     0.000
===============================================================================

 NSTEP =    36900   TIME(PS) =      37.400  TEMP(K) =   242.77  PRESS =   101.0
 Etot   =   -417051.0882  EKtot   =     90677.8646  EPtot      =   -507728.9527
 BOND   =      7267.8454  ANGLE   =     24425.7666  DIHED      =     20543.0629
 1-4 NB =      9131.3709  1-4 EEL =     40323.5178  VDWAALS    =     38305.4870
 EELEC  =   -655004.2511  EHBOND  =         0.0000  RESTRAINT  =      6077.2540
 EAMBER (non-restraint)  =   -513806.2067
 EKCMT  =     28167.8848  VIRIAL  =     24171.6082  VOLUME     =   1832320.0943
 CMAP   =      1200.9938
                                                    Density    =         0.9732
 Ewald error estimate:   0.5203E-04
 ------------------------------------------------------------------------------

 NMR restraints: Bond =    0.000   Angle =     0.000   Torsion =     0.000
===============================================================================

 NSTEP =    37000   TIME(PS) =      37.500  TEMP(K) =   243.09  PRESS =  -151.5
 Etot   =   -416600.1972  EKtot   =     90795.3872  EPtot      =   -507395.5844
 BOND   =      7199.8517  ANGLE   =     24513.3959  DIHED      =     20552.6503
 1-4 NB =      9181.2735  1-4 EEL =     40407.6079  VDWAALS    =     37887.4369
 EELEC  =   -654396.6945  EHBOND  =         0.0000  RESTRAINT  =      6065.3219
 EAMBER (non-restraint)  =   -513460.9063
 EKCMT  =     28133.2676  VIRIAL  =     34129.1782  VOLUME     =   1832472.7542
 CMAP   =      1193.5721
                                                    Density    =         0.9731
 Ewald error estimate:   0.1331E-04
 ------------------------------------------------------------------------------

 NMR restraints: Bond =    0.000   Angle =     0.000   Torsion =     0.000
===============================================================================

 NSTEP =    37100   TIME(PS) =      37.600  TEMP(K) =   244.90  PRESS =   122.4
 Etot   =   -416120.6903  EKtot   =     91471.9833  EPtot      =   -507592.6735
 BOND   =      7299.6767  ANGLE   =     24541.2990  DIHED      =     20560.7432
 1-4 NB =      9096.8373  1-4 EEL =     40245.1406  VDWAALS    =     38531.8464
 EELEC  =   -655158.9641  EHBOND  =         0.0000  RESTRAINT  =      6106.7232
 EAMBER (non-restraint)  =   -513699.3967
 EKCMT  =     28481.8099  VIRIAL  =     23640.2631  VOLUME     =   1832555.1003
 CMAP   =      1184.0242
                                                    Density    =         0.9731
 Ewald error estimate:   0.2624E-04
 ------------------------------------------------------------------------------

 NMR restraints: Bond =    0.000   Angle =     0.000   Torsion =     0.000
===============================================================================

 NSTEP =    37200   TIME(PS) =      37.700  TEMP(K) =   244.43  PRESS =    53.8
 Etot   =   -415805.2288  EKtot   =     91296.2690  EPtot      =   -507101.4978
 BOND   =      7230.2019  ANGLE   =     24853.2274  DIHED      =     20564.8713
 1-4 NB =      9100.0067  1-4 EEL =     40193.8448  VDWAALS    =     38288.7561
 EELEC  =   -654548.5448  EHBOND  =         0.0000  RESTRAINT  =      6032.0318
 EAMBER (non-restraint)  =   -513133.5296
 EKCMT  =     28396.6095  VIRIAL  =     26267.6433  VOLUME     =   1832896.2664
 CMAP   =      1184.1070
                                                    Density    =         0.9729
 Ewald error estimate:   0.6185E-04
 ------------------------------------------------------------------------------

 NMR restraints: Bond =    0.000   Angle =     0.000   Torsion =     0.000
===============================================================================

 NSTEP =    37300   TIME(PS) =      37.800  TEMP(K) =   244.90  PRESS =    35.5
 Etot   =   -415247.2398  EKtot   =     91471.1618  EPtot      =   -506718.4016
 BOND   =      7264.8222  ANGLE   =     24764.2533  DIHED      =     20576.7966
 1-4 NB =      9162.3675  1-4 EEL =     40257.0813  VDWAALS    =     37838.8010
 EELEC  =   -653878.7226  EHBOND  =         0.0000  RESTRAINT  =      6088.7701
 EAMBER (non-restraint)  =   -512807.1717
 EKCMT  =     28409.7039  VIRIAL  =     27003.5071  VOLUME     =   1833017.1387
 CMAP   =      1207.4290
                                                    Density    =         0.9728
 Ewald error estimate:   0.5743E-04
 ------------------------------------------------------------------------------

 NMR restraints: Bond =    0.000   Angle =     0.000   Torsion =     0.000
===============================================================================

 NSTEP =    37400   TIME(PS) =      37.900  TEMP(K) =   245.60  PRESS =    27.8
 Etot   =   -414776.8106  EKtot   =     91734.0472  EPtot      =   -506510.8577
 BOND   =      7305.1897  ANGLE   =     24790.2002  DIHED      =     20561.6610
 1-4 NB =      9147.4859  1-4 EEL =     40412.7964  VDWAALS    =     37932.9690
 EELEC  =   -653895.0031  EHBOND  =         0.0000  RESTRAINT  =      6047.1375
 EAMBER (non-restraint)  =   -512557.9952
 EKCMT  =     28435.2855  VIRIAL  =     27335.0453  VOLUME     =   1833085.3139
 CMAP   =      1186.7058
                                                    Density    =         0.9728
 Ewald error estimate:   0.3961E-04
 ------------------------------------------------------------------------------

 NMR restraints: Bond =    0.000   Angle =     0.000   Torsion =     0.000
===============================================================================

 NSTEP =    37500   TIME(PS) =      38.000  TEMP(K) =   245.08  PRESS =   -62.6
 Etot   =   -414315.9288  EKtot   =     91537.3207  EPtot      =   -505853.2494
 BOND   =      7251.0482  ANGLE   =     24987.3514  DIHED      =     20521.1945
 1-4 NB =      9111.9094  1-4 EEL =     40091.4886  VDWAALS    =     37300.9251
 EELEC  =   -652426.6972  EHBOND  =         0.0000  RESTRAINT  =      6102.5953
 EAMBER (non-restraint)  =   -511955.8447
 EKCMT  =     28352.6973  VIRIAL  =     30829.1066  VOLUME     =   1833169.9709
 CMAP   =      1206.9353
                                                    Density    =         0.9728
 Ewald error estimate:   0.8009E-04
 ------------------------------------------------------------------------------

 NMR restraints: Bond =    0.000   Angle =     0.000   Torsion =     0.000
===============================================================================

 NSTEP =    37600   TIME(PS) =      38.100  TEMP(K) =   246.06  PRESS =    69.7
 Etot   =   -413657.5864  EKtot   =     91904.9617  EPtot      =   -505562.5481
 BOND   =      7306.4357  ANGLE   =     24953.5249  DIHED      =     20539.7976
 1-4 NB =      9162.6980  1-4 EEL =     40201.2980  VDWAALS    =     37608.1897
 EELEC  =   -652633.2966  EHBOND  =         0.0000  RESTRAINT  =      6102.7593
 EAMBER (non-restraint)  =   -511665.3074
 EKCMT  =     28551.8722  VIRIAL  =     25791.7666  VOLUME     =   1833120.1396
 CMAP   =      1196.0454
                                                    Density    =         0.9728
 Ewald error estimate:   0.4031E-04
 ------------------------------------------------------------------------------

 NMR restraints: Bond =    0.000   Angle =     0.000   Torsion =     0.000
===============================================================================

 NSTEP =    37700   TIME(PS) =      38.200  TEMP(K) =   246.46  PRESS =     7.9
 Etot   =   -413266.9608  EKtot   =     92053.1755  EPtot      =   -505320.1363
 BOND   =      7351.9743  ANGLE   =     24873.0494  DIHED      =     20584.0706
 1-4 NB =      9119.4898  1-4 EEL =     40278.4605  VDWAALS    =     37714.6572
 EELEC  =   -652581.3054  EHBOND  =         0.0000  RESTRAINT  =      6130.3820
 EAMBER (non-restraint)  =   -511450.5183
 EKCMT  =     28624.1402  VIRIAL  =     28313.2184  VOLUME     =   1833333.6094
 CMAP   =      1209.0853
                                                    Density    =         0.9727
 Ewald error estimate:   0.5972E-04
 ------------------------------------------------------------------------------

 NMR restraints: Bond =    0.000   Angle =     0.000   Torsion =     0.000
===============================================================================

 NSTEP =    37800   TIME(PS) =      38.300  TEMP(K) =   246.44  PRESS =   -39.6
 Etot   =   -413084.8673  EKtot   =     92045.4316  EPtot      =   -505130.2988
 BOND   =      7330.0839  ANGLE   =     24896.7899  DIHED      =     20574.1868
 1-4 NB =      9187.2433  1-4 EEL =     40190.5325  VDWAALS    =     37608.5738
 EELEC  =   -652271.9600  EHBOND  =         0.0000  RESTRAINT  =      6155.8221
 EAMBER (non-restraint)  =   -511286.1210
 EKCMT  =     28666.3745  VIRIAL  =     30232.7290  VOLUME     =   1833484.0449
 CMAP   =      1198.4288
                                                    Density    =         0.9726
 Ewald error estimate:   0.3825E-04
 ------------------------------------------------------------------------------

 NMR restraints: Bond =    0.000   Angle =     0.000   Torsion =     0.000
===============================================================================

 NSTEP =    37900   TIME(PS) =      38.400  TEMP(K) =   246.65  PRESS =    75.4
 Etot   =   -412581.9702  EKtot   =     92125.0596  EPtot      =   -504707.0298
 BOND   =      7360.5302  ANGLE   =     24808.8173  DIHED      =     20680.4728
 1-4 NB =      9187.5302  1-4 EEL =     40150.5475  VDWAALS    =     37816.6553
 EELEC  =   -652016.1473  EHBOND  =         0.0000  RESTRAINT  =      6107.4434
 EAMBER (non-restraint)  =   -510814.4733
 EKCMT  =     28506.8514  VIRIAL  =     25521.0468  VOLUME     =   1833444.6922
 CMAP   =      1197.1207
                                                    Density    =         0.9726
 Ewald error estimate:   0.5326E-04
 ------------------------------------------------------------------------------

 NMR restraints: Bond =    0.000   Angle =     0.000   Torsion =     0.000
===============================================================================

 NSTEP =    38000   TIME(PS) =      38.500  TEMP(K) =   248.80  PRESS =    44.7
 Etot   =   -411849.9000  EKtot   =     92927.3324  EPtot      =   -504777.2324
 BOND   =      7285.6582  ANGLE   =     24828.1920  DIHED      =     20605.6211
 1-4 NB =      9185.0459  1-4 EEL =     40277.2619  VDWAALS    =     37447.9925
 EELEC  =   -651701.9302  EHBOND  =         0.0000  RESTRAINT  =      6098.6348
 EAMBER (non-restraint)  =   -510875.8672
 EKCMT  =     28804.6407  VIRIAL  =     27036.5004  VOLUME     =   1833651.1091
 CMAP   =      1196.2914
                                                    Density    =         0.9725
 Ewald error estimate:   0.2983E-04
 ------------------------------------------------------------------------------

 NMR restraints: Bond =    0.000   Angle =     0.000   Torsion =     0.000
===============================================================================

 NSTEP =    38100   TIME(PS) =      38.600  TEMP(K) =   248.22  PRESS =    31.0
 Etot   =   -411437.0350  EKtot   =     92710.3030  EPtot      =   -504147.3380
 BOND   =      7187.5179  ANGLE   =     25050.0262  DIHED      =     20607.0602
 1-4 NB =      9177.3055  1-4 EEL =     40362.0152  VDWAALS    =     37367.2377
 EELEC  =   -651271.3447  EHBOND  =         0.0000  RESTRAINT  =      6137.2467
 EAMBER (non-restraint)  =   -510284.5847
 EKCMT  =     28881.1552  VIRIAL  =     27655.3176  VOLUME     =   1833654.4039
 CMAP   =      1235.5972
                                                    Density    =         0.9725
 Ewald error estimate:   0.1374E-04
 ------------------------------------------------------------------------------

 NMR restraints: Bond =    0.000   Angle =     0.000   Torsion =     0.000
===============================================================================

 NSTEP =    38200   TIME(PS) =      38.700  TEMP(K) =   248.25  PRESS =    12.1
 Etot   =   -411023.3258  EKtot   =     92722.7435  EPtot      =   -503746.0693
 BOND   =      7359.5142  ANGLE   =     24968.8101  DIHED      =     20572.4632
 1-4 NB =      9113.9908  1-4 EEL =     40186.9355  VDWAALS    =     37250.3079
 EELEC  =   -650583.2368  EHBOND  =         0.0000  RESTRAINT  =      6161.8161
 EAMBER (non-restraint)  =   -509907.8854
 EKCMT  =     28743.1274  VIRIAL  =     28265.0805  VOLUME     =   1833774.7072
 CMAP   =      1223.3297
                                                    Density    =         0.9724
 Ewald error estimate:   0.6839E-04
 ------------------------------------------------------------------------------

 NMR restraints: Bond =    0.000   Angle =     0.000   Torsion =     0.000
===============================================================================

 NSTEP =    38300   TIME(PS) =      38.800  TEMP(K) =   248.55  PRESS =    16.2
 Etot   =   -410465.7493  EKtot   =     92836.2305  EPtot      =   -503301.9798
 BOND   =      7332.6430  ANGLE   =     25042.4795  DIHED      =     20647.2592
 1-4 NB =      9160.7221  1-4 EEL =     40170.2268  VDWAALS    =     36727.7667
 EELEC  =   -649744.3368  EHBOND  =         0.0000  RESTRAINT  =      6157.2195
 EAMBER (non-restraint)  =   -509459.1993
 EKCMT  =     28848.7483  VIRIAL  =     28206.7597  VOLUME     =   1834069.1889
 CMAP   =      1204.0401
                                                    Density    =         0.9723
 Ewald error estimate:   0.5743E-04
 ------------------------------------------------------------------------------

 NMR restraints: Bond =    0.000   Angle =     0.000   Torsion =     0.000
===============================================================================

 NSTEP =    38400   TIME(PS) =      38.900  TEMP(K) =   250.12  PRESS =    19.2
 Etot   =   -409858.1337  EKtot   =     93419.6751  EPtot      =   -503277.8089
 BOND   =      7253.9732  ANGLE   =     24996.6036  DIHED      =     20718.0569
 1-4 NB =      9183.7652  1-4 EEL =     40367.1846  VDWAALS    =     37348.9959
 EELEC  =   -650535.9667  EHBOND  =         0.0000  RESTRAINT  =      6196.1230
 EAMBER (non-restraint)  =   -509473.9319
 EKCMT  =     28857.3506  VIRIAL  =     28095.9835  VOLUME     =   1834097.1614
 CMAP   =      1193.4554
                                                    Density    =         0.9723
 Ewald error estimate:   0.4299E-04
 ------------------------------------------------------------------------------

 NMR restraints: Bond =    0.000   Angle =     0.000   Torsion =     0.000
===============================================================================

 NSTEP =    38500   TIME(PS) =      39.000  TEMP(K) =   249.95  PRESS =   -79.4
 Etot   =   -409429.9094  EKtot   =     93356.1407  EPtot      =   -502786.0501
 BOND   =      7388.5705  ANGLE   =     25003.4351  DIHED      =     20632.7385
 1-4 NB =      9187.5715  1-4 EEL =     40261.8825  VDWAALS    =     36816.5113
 EELEC  =   -649461.7685  EHBOND  =         0.0000  RESTRAINT  =      6178.9655
 EAMBER (non-restraint)  =   -508965.0156
 EKCMT  =     28629.1472  VIRIAL  =     31773.5985  VOLUME     =   1834222.7679
 CMAP   =      1206.0435
                                                    Density    =         0.9722
 Ewald error estimate:   0.9458E-04
 ------------------------------------------------------------------------------

 NMR restraints: Bond =    0.000   Angle =     0.000   Torsion =     0.000
===============================================================================

 NSTEP =    38600   TIME(PS) =      39.100  TEMP(K) =   250.24  PRESS =    10.8
 Etot   =   -409138.3640  EKtot   =     93465.1723  EPtot      =   -502603.5363
 BOND   =      7382.1306  ANGLE   =     24995.8841  DIHED      =     20610.3968
 1-4 NB =      9112.5190  1-4 EEL =     40287.4247  VDWAALS    =     36820.9068
 EELEC  =   -649167.3821  EHBOND  =         0.0000  RESTRAINT  =      6137.4524
 EAMBER (non-restraint)  =   -508740.9887
 EKCMT  =     28860.6667  VIRIAL  =     28433.3373  VOLUME     =   1834038.0091
 CMAP   =      1217.1313
                                                    Density    =         0.9723
 Ewald error estimate:   0.5717E-04
 ------------------------------------------------------------------------------

 NMR restraints: Bond =    0.000   Angle =     0.000   Torsion =     0.000
===============================================================================

 NSTEP =    38700   TIME(PS) =      39.200  TEMP(K) =   250.87  PRESS =   147.4
 Etot   =   -408716.3602  EKtot   =     93700.2578  EPtot      =   -502416.6180
 BOND   =      7360.1645  ANGLE   =     25327.7847  DIHED      =     20601.6595
 1-4 NB =      9174.1488  1-4 EEL =     40251.7174  VDWAALS    =     36654.3882
 EELEC  =   -649189.1780  EHBOND  =         0.0000  RESTRAINT  =      6192.5863
 EAMBER (non-restraint)  =   -508609.2043
 EKCMT  =     29020.7927  VIRIAL  =     23182.9108  VOLUME     =   1834178.6436
 CMAP   =      1210.1106
                                                    Density    =         0.9722
 Ewald error estimate:   0.3047E-04
 ------------------------------------------------------------------------------

 NMR restraints: Bond =    0.000   Angle =     0.000   Torsion =     0.000
===============================================================================

 NSTEP =    38800   TIME(PS) =      39.300  TEMP(K) =   250.93  PRESS =   133.4
 Etot   =   -408380.2877  EKtot   =     93725.3297  EPtot      =   -502105.6173
 BOND   =      7341.7817  ANGLE   =     25163.7414  DIHED      =     20620.2003
 1-4 NB =      9188.0859  1-4 EEL =     40190.2553  VDWAALS    =     36879.4878
 EELEC  =   -648880.2622  EHBOND  =         0.0000  RESTRAINT  =      6190.7036
 EAMBER (non-restraint)  =   -508296.3210
 EKCMT  =     29088.9111  VIRIAL  =     23806.8087  VOLUME     =   1834339.0890
 CMAP   =      1200.3889
                                                    Density    =         0.9721
 Ewald error estimate:   0.1196E-05
 ------------------------------------------------------------------------------

 NMR restraints: Bond =    0.000   Angle =     0.000   Torsion =     0.000
===============================================================================

 NSTEP =    38900   TIME(PS) =      39.400  TEMP(K) =   251.29  PRESS =    41.3
 Etot   =   -407665.3908  EKtot   =     93859.9363  EPtot      =   -501525.3271
 BOND   =      7404.7309  ANGLE   =     25256.4040  DIHED      =     20664.3510
 1-4 NB =      9201.4181  1-4 EEL =     40227.6168  VDWAALS    =     36243.7467
 EELEC  =   -647913.1557  EHBOND  =         0.0000  RESTRAINT  =      6196.9003
 EAMBER (non-restraint)  =   -507722.2274
 EKCMT  =     28998.6835  VIRIAL  =     27361.2428  VOLUME     =   1834464.3650
 CMAP   =      1192.6607
                                                    Density    =         0.9721
 Ewald error estimate:   0.5488E-04
 ------------------------------------------------------------------------------

 NMR restraints: Bond =    0.000   Angle =     0.000   Torsion =     0.000
===============================================================================

 NSTEP =    39000   TIME(PS) =      39.500  TEMP(K) =   252.09  PRESS =   -92.0
 Etot   =   -407201.3491  EKtot   =     94157.6418  EPtot      =   -501358.9909
 BOND   =      7472.0902  ANGLE   =     25408.2817  DIHED      =     20578.0491
 1-4 NB =      9147.5490  1-4 EEL =     40163.9475  VDWAALS    =     36285.5377
 EELEC  =   -647806.4813  EHBOND  =         0.0000  RESTRAINT  =      6198.5467
 EAMBER (non-restraint)  =   -507557.5376
 EKCMT  =     29277.7999  VIRIAL  =     32920.3714  VOLUME     =   1834342.3331
 CMAP   =      1193.4885
                                                    Density    =         0.9721
 Ewald error estimate:   0.3471E-04
 ------------------------------------------------------------------------------

 NMR restraints: Bond =    0.000   Angle =     0.000   Torsion =     0.000
===============================================================================

 NSTEP =    39100   TIME(PS) =      39.600  TEMP(K) =   252.64  PRESS =   101.4
 Etot   =   -406639.1103  EKtot   =     94364.3933  EPtot      =   -501003.5037
 BOND   =      7392.7949  ANGLE   =     25228.4530  DIHED      =     20610.5838
 1-4 NB =      9130.2010  1-4 EEL =     40165.5590  VDWAALS    =     36121.1095
 EELEC  =   -647048.3007  EHBOND  =         0.0000  RESTRAINT  =      6191.0041
 EAMBER (non-restraint)  =   -507194.5078
 EKCMT  =     29130.7731  VIRIAL  =     25114.6028  VOLUME     =   1834177.1927
 CMAP   =      1205.0917
                                                    Density    =         0.9722
 Ewald error estimate:   0.1006E-03
 ------------------------------------------------------------------------------

 NMR restraints: Bond =    0.000   Angle =     0.000   Torsion =     0.000
===============================================================================

 NSTEP =    39200   TIME(PS) =      39.700  TEMP(K) =   252.87  PRESS =   125.9
 Etot   =   -406211.8012  EKtot   =     94449.0517  EPtot      =   -500660.8529
 BOND   =      7453.6496  ANGLE   =     25172.6090  DIHED      =     20657.4632
 1-4 NB =      9193.7577  1-4 EEL =     40200.9339  VDWAALS    =     35898.3959
 EELEC  =   -646611.0671  EHBOND  =         0.0000  RESTRAINT  =      6184.1603
 EAMBER (non-restraint)  =   -506845.0132
 EKCMT  =     29188.1347  VIRIAL  =     24201.1794  VOLUME     =   1834333.6814
 CMAP   =      1189.2446
                                                    Density    =         0.9721
 Ewald error estimate:   0.9643E-04
 ------------------------------------------------------------------------------

 NMR restraints: Bond =    0.000   Angle =     0.000   Torsion =     0.000
===============================================================================

 NSTEP =    39300   TIME(PS) =      39.800  TEMP(K) =   252.93  PRESS =    74.9
 Etot   =   -405792.3997  EKtot   =     94469.2207  EPtot      =   -500261.6204
 BOND   =      7404.2882  ANGLE   =     25465.0437  DIHED      =     20715.3914
 1-4 NB =      9147.4690  1-4 EEL =     40225.2998  VDWAALS    =     36154.2673
 EELEC  =   -646845.1354  EHBOND  =         0.0000  RESTRAINT  =      6290.7106
 EAMBER (non-restraint)  =   -506552.3311
 EKCMT  =     29365.6780  VIRIAL  =     26397.8660  VOLUME     =   1834603.0284
 CMAP   =      1181.0450
                                                    Density    =         0.9720
 Ewald error estimate:   0.7750E-04
 ------------------------------------------------------------------------------

 NMR restraints: Bond =    0.000   Angle =     0.000   Torsion =     0.000
===============================================================================

 NSTEP =    39400   TIME(PS) =      39.900  TEMP(K) =   253.46  PRESS =   125.1
 Etot   =   -405306.0628  EKtot   =     94668.4954  EPtot      =   -499974.5582
 BOND   =      7458.0276  ANGLE   =     25480.3017  DIHED      =     20664.6941
 1-4 NB =      9154.0100  1-4 EEL =     40224.9090  VDWAALS    =     36443.5953
 EELEC  =   -646807.0499  EHBOND  =         0.0000  RESTRAINT  =      6211.5223
 EAMBER (non-restraint)  =   -506186.0805
 EKCMT  =     29454.6708  VIRIAL  =     24498.6311  VOLUME     =   1834703.8110
 CMAP   =      1195.4315
                                                    Density    =         0.9719
 Ewald error estimate:   0.6965E-04
 ------------------------------------------------------------------------------

 NMR restraints: Bond =    0.000   Angle =     0.000   Torsion =     0.000
===============================================================================

 NSTEP =    39500   TIME(PS) =      40.000  TEMP(K) =   253.91  PRESS =    72.3
 Etot   =   -404756.2311  EKtot   =     94837.3797  EPtot      =   -499593.6108
 BOND   =      7453.1182  ANGLE   =     25257.2782  DIHED      =     20616.4141
 1-4 NB =      9216.3103  1-4 EEL =     40190.4673  VDWAALS    =     35840.7485
 EELEC  =   -645674.3963  EHBOND  =         0.0000  RESTRAINT  =      6297.1485
 EAMBER (non-restraint)  =   -505890.7593
 EKCMT  =     29422.3862  VIRIAL  =     26558.9488  VOLUME     =   1835096.5699
 CMAP   =      1209.3004
                                                    Density    =         0.9717
 Ewald error estimate:   0.1194E-04
 ------------------------------------------------------------------------------

 NMR restraints: Bond =    0.000   Angle =     0.000   Torsion =     0.000
===============================================================================

 NSTEP =    39600   TIME(PS) =      40.100  TEMP(K) =   255.00  PRESS =   124.4
 Etot   =   -404103.3180  EKtot   =     95243.9044  EPtot      =   -499347.2224
 BOND   =      7503.8770  ANGLE   =     25273.6495  DIHED      =     20655.8560
 1-4 NB =      9140.3134  1-4 EEL =     40201.0620  VDWAALS    =     35581.0586
 EELEC  =   -645158.3345  EHBOND  =         0.0000  RESTRAINT  =      6234.0619
 EAMBER (non-restraint)  =   -505581.2843
 EKCMT  =     29487.0863  VIRIAL  =     24556.6516  VOLUME     =   1835126.3216
 CMAP   =      1221.2338
                                                    Density    =         0.9717
 Ewald error estimate:   0.1708E-04
 ------------------------------------------------------------------------------

 NMR restraints: Bond =    0.000   Angle =     0.000   Torsion =     0.000
===============================================================================

 NSTEP =    39700   TIME(PS) =      40.200  TEMP(K) =   254.96  PRESS =    40.3
 Etot   =   -403476.5379  EKtot   =     95231.0601  EPtot      =   -498707.5980
 BOND   =      7511.9642  ANGLE   =     25282.2829  DIHED      =     20711.3609
 1-4 NB =      9178.4486  1-4 EEL =     40354.8645  VDWAALS    =     35418.8239
 EELEC  =   -644701.8707  EHBOND  =         0.0000  RESTRAINT  =      6323.2341
 EAMBER (non-restraint)  =   -505030.8320
 EKCMT  =     29702.1052  VIRIAL  =     28105.1642  VOLUME     =   1835364.8746
 CMAP   =      1213.2937
                                                    Density    =         0.9716
 Ewald error estimate:   0.6871E-04
 ------------------------------------------------------------------------------

 NMR restraints: Bond =    0.000   Angle =     0.000   Torsion =     0.000
===============================================================================

 NSTEP =    39800   TIME(PS) =      40.300  TEMP(K) =   256.20  PRESS =   159.4
 Etot   =   -402991.7068  EKtot   =     95691.9681  EPtot      =   -498683.6749
 BOND   =      7530.9931  ANGLE   =     25429.9490  DIHED      =     20670.5310
 1-4 NB =      9169.2978  1-4 EEL =     40175.4687  VDWAALS    =     35529.8529
 EELEC  =   -644641.0230  EHBOND  =         0.0000  RESTRAINT  =      6233.5300
 EAMBER (non-restraint)  =   -504917.2049
 EKCMT  =     29699.6318  VIRIAL  =     23380.3302  VOLUME     =   1835564.1370
 CMAP   =      1217.7256
                                                    Density    =         0.9715
 Ewald error estimate:   0.1893E-04
 ------------------------------------------------------------------------------

 NMR restraints: Bond =    0.000   Angle =     0.000   Torsion =     0.000
===============================================================================

 NSTEP =    39900   TIME(PS) =      40.400  TEMP(K) =   256.39  PRESS =    -4.7
 Etot   =   -402527.9830  EKtot   =     95761.9742  EPtot      =   -498289.9572
 BOND   =      7512.3814  ANGLE   =     25597.5104  DIHED      =     20692.7815
 1-4 NB =      9190.4403  1-4 EEL =     40328.7266  VDWAALS    =     35196.0675
 EELEC  =   -644310.7290  EHBOND  =         0.0000  RESTRAINT  =      6311.2998
 EAMBER (non-restraint)  =   -504601.2570
 EKCMT  =     29896.6601  VIRIAL  =     30082.8797  VOLUME     =   1836054.9198
 CMAP   =      1191.5643
                                                    Density    =         0.9712
 Ewald error estimate:   0.6635E-04
 ------------------------------------------------------------------------------

 NMR restraints: Bond =    0.000   Angle =     0.000   Torsion =     0.000
===============================================================================

 NSTEP =    40000   TIME(PS) =      40.500  TEMP(K) =   256.87  PRESS =    73.6
 Etot   =   -402359.4076  EKtot   =     95943.4128  EPtot      =   -498302.8203
 BOND   =      7510.4201  ANGLE   =     25467.1714  DIHED      =     20657.6142
 1-4 NB =      9179.4537  1-4 EEL =     40317.3972  VDWAALS    =     35424.8737
 EELEC  =   -644364.2609  EHBOND  =         0.0000  RESTRAINT  =      6304.2632
 EAMBER (non-restraint)  =   -504607.0836
 EKCMT  =     29754.9955  VIRIAL  =     26837.2781  VOLUME     =   1836253.7395
 CMAP   =      1200.2470
                                                    Density    =         0.9711
 Ewald error estimate:   0.8949E-04
 ------------------------------------------------------------------------------

 NMR restraints: Bond =    0.000   Angle =     0.000   Torsion =     0.000
===============================================================================

 NSTEP =    40100   TIME(PS) =      40.600  TEMP(K) =   256.10  PRESS =   113.9
 Etot   =   -402018.2069  EKtot   =     95656.1313  EPtot      =   -497674.3383
 BOND   =      7540.8822  ANGLE   =     25504.2382  DIHED      =     20727.3681
 1-4 NB =      9186.3793  1-4 EEL =     40193.2702  VDWAALS    =     35464.6427
 EELEC  =   -643787.5232  EHBOND  =         0.0000  RESTRAINT  =      6283.5493
 EAMBER (non-restraint)  =   -503957.8876
 EKCMT  =     29653.5966  VIRIAL  =     25139.2323  VOLUME     =   1836364.4613
 CMAP   =      1212.8549
                                                    Density    =         0.9711
 Ewald error estimate:   0.9068E-04
 ------------------------------------------------------------------------------

 NMR restraints: Bond =    0.000   Angle =     0.000   Torsion =     0.000
===============================================================================

 NSTEP =    40200   TIME(PS) =      40.700  TEMP(K) =   257.00  PRESS =   -80.0
 Etot   =   -401435.0190  EKtot   =     95992.0225  EPtot      =   -497427.0415
 BOND   =      7623.6677  ANGLE   =     25461.8861  DIHED      =     20657.6217
 1-4 NB =      9217.9116  1-4 EEL =     40280.4305  VDWAALS    =     34882.0060
 EELEC  =   -643118.0019  EHBOND  =         0.0000  RESTRAINT  =      6349.8855
 EAMBER (non-restraint)  =   -503776.9269
 EKCMT  =     29871.9077  VIRIAL  =     33042.8958  VOLUME     =   1836327.8074
 CMAP   =      1217.5515
                                                    Density    =         0.9711
 Ewald error estimate:   0.1125E-03
 ------------------------------------------------------------------------------

 NMR restraints: Bond =    0.000   Angle =     0.000   Torsion =     0.000
===============================================================================

 NSTEP =    40300   TIME(PS) =      40.800  TEMP(K) =   257.49  PRESS =    91.0
 Etot   =   -401055.0905  EKtot   =     96176.0422  EPtot      =   -497231.1327
 BOND   =      7555.9438  ANGLE   =     25537.1105  DIHED      =     20640.6490
 1-4 NB =      9216.5183  1-4 EEL =     40335.1367  VDWAALS    =     35042.2666
 EELEC  =   -643074.4504  EHBOND  =         0.0000  RESTRAINT  =      6285.8251
 EAMBER (non-restraint)  =   -503516.9578
 EKCMT  =     29892.0618  VIRIAL  =     26285.2794  VOLUME     =   1836424.4017
 CMAP   =      1229.8678
                                                    Density    =         0.9710
 Ewald error estimate:   0.2345E-04
 ------------------------------------------------------------------------------

 NMR restraints: Bond =    0.000   Angle =     0.000   Torsion =     0.000
===============================================================================

 NSTEP =    40400   TIME(PS) =      40.900  TEMP(K) =   257.75  PRESS =    17.7
 Etot   =   -400590.4436  EKtot   =     96270.5794  EPtot      =   -496861.0230
 BOND   =      7685.3564  ANGLE   =     25608.2806  DIHED      =     20703.3716
 1-4 NB =      9215.7583  1-4 EEL =     40277.8572  VDWAALS    =     35248.4037
 EELEC  =   -643115.4657  EHBOND  =         0.0000  RESTRAINT  =      6309.0432
 EAMBER (non-restraint)  =   -503170.0662
 EKCMT  =     29730.2298  VIRIAL  =     29027.7125  VOLUME     =   1836801.7438
 CMAP   =      1206.3717
                                                    Density    =         0.9708
 Ewald error estimate:   0.5020E-04
 ------------------------------------------------------------------------------

 NMR restraints: Bond =    0.000   Angle =     0.000   Torsion =     0.000
===============================================================================

 NSTEP =    40500   TIME(PS) =      41.000  TEMP(K) =   257.68  PRESS =    -6.5
 Etot   =   -400087.7084  EKtot   =     96246.8086  EPtot      =   -496334.5170
 BOND   =      7675.2726  ANGLE   =     25805.0563  DIHED      =     20686.0968
 1-4 NB =      9136.0154  1-4 EEL =     40243.4860  VDWAALS    =     35041.6979
 EELEC  =   -642517.4972  EHBOND  =         0.0000  RESTRAINT  =      6370.4520
 EAMBER (non-restraint)  =   -502704.9691
 EKCMT  =     29873.5751  VIRIAL  =     30132.1067  VOLUME     =   1836942.4281
 CMAP   =      1224.9031
                                                    Density    =         0.9708
 Ewald error estimate:   0.2306E-05
 ------------------------------------------------------------------------------

 NMR restraints: Bond =    0.000   Angle =     0.000   Torsion =     0.000
===============================================================================

 NSTEP =    40600   TIME(PS) =      41.100  TEMP(K) =   258.81  PRESS =    31.1
 Etot   =   -399520.2467  EKtot   =     96667.9482  EPtot      =   -496188.1949
 BOND   =      7678.0684  ANGLE   =     25760.1834  DIHED      =     20718.0677
 1-4 NB =      9215.1384  1-4 EEL =     40310.7533  VDWAALS    =     35107.6655
 EELEC  =   -642562.3770  EHBOND  =         0.0000  RESTRAINT  =      6371.0009
 EAMBER (non-restraint)  =   -502559.1958
 EKCMT  =     29987.0268  VIRIAL  =     28755.1086  VOLUME     =   1837063.3617
 CMAP   =      1213.3047
                                                    Density    =         0.9707
 Ewald error estimate:   0.4781E-06
 ------------------------------------------------------------------------------

 NMR restraints: Bond =    0.000   Angle =     0.000   Torsion =     0.000
===============================================================================

 NSTEP =    40700   TIME(PS) =      41.200  TEMP(K) =   259.87  PRESS =    50.0
 Etot   =   -399059.2341  EKtot   =     97061.6781  EPtot      =   -496120.9122
 BOND   =      7651.8943  ANGLE   =     25680.3929  DIHED      =     20666.9294
 1-4 NB =      9184.2622  1-4 EEL =     40123.7774  VDWAALS    =     34556.3438
 EELEC  =   -641550.6905  EHBOND  =         0.0000  RESTRAINT  =      6334.3903
 EAMBER (non-restraint)  =   -502455.3025
 EKCMT  =     29949.7808  VIRIAL  =     27967.4595  VOLUME     =   1837468.3968
 CMAP   =      1231.7879
                                                    Density    =         0.9705
 Ewald error estimate:   0.4855E-04
 ------------------------------------------------------------------------------

 NMR restraints: Bond =    0.000   Angle =     0.000   Torsion =     0.000
===============================================================================

 NSTEP =    40800   TIME(PS) =      41.300  TEMP(K) =   259.46  PRESS =   -76.7
 Etot   =   -398782.6974  EKtot   =     96908.2015  EPtot      =   -495690.8989
 BOND   =      7733.5818  ANGLE   =     25864.5714  DIHED      =     20689.9378
 1-4 NB =      9175.0468  1-4 EEL =     40227.2334  VDWAALS    =     34339.6616
 EELEC  =   -641360.7645  EHBOND  =         0.0000  RESTRAINT  =      6417.1912
 EAMBER (non-restraint)  =   -502108.0901
 EKCMT  =     29953.0899  VIRIAL  =     32995.1151  VOLUME     =   1837410.0186
 CMAP   =      1222.6416
                                                    Density    =         0.9705
 Ewald error estimate:   0.7386E-04
 ------------------------------------------------------------------------------

 NMR restraints: Bond =    0.000   Angle =     0.000   Torsion =     0.000
===============================================================================

 NSTEP =    40900   TIME(PS) =      41.400  TEMP(K) =   260.81  PRESS =   113.5
 Etot   =   -398173.0780  EKtot   =     97414.0861  EPtot      =   -495587.1641
 BOND   =      7601.6577  ANGLE   =     25697.6656  DIHED      =     20652.2987
 1-4 NB =      9189.0990  1-4 EEL =     40189.6240  VDWAALS    =     34581.5369
 EELEC  =   -641101.3210  EHBOND  =         0.0000  RESTRAINT  =      6385.8193
 EAMBER (non-restraint)  =   -501972.9834
 EKCMT  =     30090.7782  VIRIAL  =     25586.2480  VOLUME     =   1837377.7109
 CMAP   =      1216.4558
                                                    Density    =         0.9705
 Ewald error estimate:   0.8336E-04
 ------------------------------------------------------------------------------

 NMR restraints: Bond =    0.000   Angle =     0.000   Torsion =     0.000
===============================================================================

 NSTEP =    41000   TIME(PS) =      41.500  TEMP(K) =   260.52  PRESS =   155.9
 Etot   =   -397537.6705  EKtot   =     97305.6129  EPtot      =   -494843.2834
 BOND   =      7707.7778  ANGLE   =     25874.4842  DIHED      =     20693.2907
 1-4 NB =      9186.6952  1-4 EEL =     40220.6121  VDWAALS    =     34953.4818
 EELEC  =   -641130.5005  EHBOND  =         0.0000  RESTRAINT  =      6434.5671
 EAMBER (non-restraint)  =   -501277.8505
 EKCMT  =     30206.3382  VIRIAL  =     24021.3402  VOLUME     =   1837590.4023
 CMAP   =      1216.3082
                                                    Density    =         0.9704
 Ewald error estimate:   0.1189E-03
 ------------------------------------------------------------------------------

 NMR restraints: Bond =    0.000   Angle =     0.000   Torsion =     0.000
===============================================================================

 NSTEP =    41100   TIME(PS) =      41.600  TEMP(K) =   260.97  PRESS =    34.0
 Etot   =   -397280.5358  EKtot   =     97474.7324  EPtot      =   -494755.2682
 BOND   =      7698.2919  ANGLE   =     26062.5768  DIHED      =     20693.9373
 1-4 NB =      9222.8296  1-4 EEL =     40271.4432  VDWAALS    =     33997.6726
 EELEC  =   -640284.5915  EHBOND  =         0.0000  RESTRAINT  =      6390.9653
 EAMBER (non-restraint)  =   -501146.2335
 EKCMT  =     30261.9557  VIRIAL  =     28911.6544  VOLUME     =   1837693.3678
 CMAP   =      1191.6064
                                                    Density    =         0.9704
 Ewald error estimate:   0.8909E-04
 ------------------------------------------------------------------------------

 NMR restraints: Bond =    0.000   Angle =     0.000   Torsion =     0.000
===============================================================================

 NSTEP =    41200   TIME(PS) =      41.700  TEMP(K) =   261.13  PRESS =    18.2
 Etot   =   -396923.3992  EKtot   =     97532.5413  EPtot      =   -494455.9406
 BOND   =      7670.8313  ANGLE   =     25848.2722  DIHED      =     20673.4439
 1-4 NB =      9204.9224  1-4 EEL =     40337.8254  VDWAALS    =     34028.4821
 EELEC  =   -639803.7280  EHBOND  =         0.0000  RESTRAINT  =      6384.5835
 EAMBER (non-restraint)  =   -500840.5240
 EKCMT  =     30290.3766  VIRIAL  =     29570.0520  VOLUME     =   1837834.1167
 CMAP   =      1199.4266
                                                    Density    =         0.9703
 Ewald error estimate:   0.7365E-04
 ------------------------------------------------------------------------------

 NMR restraints: Bond =    0.000   Angle =     0.000   Torsion =     0.000
===============================================================================

 NSTEP =    41300   TIME(PS) =      41.800  TEMP(K) =   262.44  PRESS =   151.0
 Etot   =   -396415.1080  EKtot   =     98022.1305  EPtot      =   -494437.2385
 BOND   =      7622.8477  ANGLE   =     25931.2335  DIHED      =     20740.3118
 1-4 NB =      9175.4990  1-4 EEL =     40240.3129  VDWAALS    =     34325.1516
 EELEC  =   -640121.0044  EHBOND  =         0.0000  RESTRAINT  =      6441.7538
 EAMBER (non-restraint)  =   -500878.9923
 EKCMT  =     30278.7394  VIRIAL  =     24285.5585  VOLUME     =   1837996.3702
 CMAP   =      1206.6556
                                                    Density    =         0.9702
 Ewald error estimate:   0.2448E-04
 ------------------------------------------------------------------------------

 NMR restraints: Bond =    0.000   Angle =     0.000   Torsion =     0.000
===============================================================================

 NSTEP =    41400   TIME(PS) =      41.900  TEMP(K) =   261.88  PRESS =   -43.0
 Etot   =   -396100.9292  EKtot   =     97813.4272  EPtot      =   -493914.3564
 BOND   =      7728.9586  ANGLE   =     25981.4810  DIHED      =     20724.1941
 1-4 NB =      9198.0125  1-4 EEL =     40301.3325  VDWAALS    =     34256.5360
 EELEC  =   -639746.5946  EHBOND  =         0.0000  RESTRAINT  =      6424.0076
 EAMBER (non-restraint)  =   -500338.3640
 EKCMT  =     30233.0911  VIRIAL  =     31939.9467  VOLUME     =   1838017.4428
 CMAP   =      1217.7159
                                                    Density    =         0.9702
 Ewald error estimate:   0.8331E-04
 ------------------------------------------------------------------------------

 NMR restraints: Bond =    0.000   Angle =     0.000   Torsion =     0.000
===============================================================================

 NSTEP =    41500   TIME(PS) =      42.000  TEMP(K) =   262.42  PRESS =   -41.4
 Etot   =   -395745.2504  EKtot   =     98016.7459  EPtot      =   -493761.9963
 BOND   =      7724.3775  ANGLE   =     26145.3142  DIHED      =     20668.4473
 1-4 NB =      9175.6663  1-4 EEL =     40208.1311  VDWAALS    =     34518.3403
 EELEC  =   -639823.6410  EHBOND  =         0.0000  RESTRAINT  =      6421.9579
 EAMBER (non-restraint)  =   -500183.9541
 EKCMT  =     30282.1852  VIRIAL  =     31926.9347  VOLUME     =   1838079.8035
 CMAP   =      1199.4101
                                                    Density    =         0.9702
 Ewald error estimate:   0.4056E-04
 ------------------------------------------------------------------------------

 NMR restraints: Bond =    0.000   Angle =     0.000   Torsion =     0.000
===============================================================================

 NSTEP =    41600   TIME(PS) =      42.100  TEMP(K) =   263.13  PRESS =    82.0
 Etot   =   -395182.2927  EKtot   =     98280.8167  EPtot      =   -493463.1093
 BOND   =      7799.5963  ANGLE   =     26047.6148  DIHED      =     20763.0554
 1-4 NB =      9186.8334  1-4 EEL =     40205.5178  VDWAALS    =     34520.9168
 EELEC  =   -639623.0676  EHBOND  =         0.0000  RESTRAINT  =      6447.4236
 EAMBER (non-restraint)  =   -499910.5329
 EKCMT  =     30504.6736  VIRIAL  =     27248.1888  VOLUME     =   1838362.1292
 CMAP   =      1189.0002
                                                    Density    =         0.9700
 Ewald error estimate:   0.4215E-04
 ------------------------------------------------------------------------------

 NMR restraints: Bond =    0.000   Angle =     0.000   Torsion =     0.000
===============================================================================

 NSTEP =    41700   TIME(PS) =      42.200  TEMP(K) =   263.55  PRESS =    -7.0
 Etot   =   -394794.6603  EKtot   =     98437.9467  EPtot      =   -493232.6071
 BOND   =      7767.3683  ANGLE   =     26020.8451  DIHED      =     20781.7896
 1-4 NB =      9184.0370  1-4 EEL =     40198.7506  VDWAALS    =     33863.5106
 EELEC  =   -638661.0292  EHBOND  =         0.0000  RESTRAINT  =      6407.3053
 EAMBER (non-restraint)  =   -499639.9124
 EKCMT  =     30601.4746  VIRIAL  =     30877.8624  VOLUME     =   1838804.9065
 CMAP   =      1204.8156
                                                    Density    =         0.9698
 Ewald error estimate:   0.3111E-04
 ------------------------------------------------------------------------------

 NMR restraints: Bond =    0.000   Angle =     0.000   Torsion =     0.000
===============================================================================

 NSTEP =    41800   TIME(PS) =      42.300  TEMP(K) =   264.28  PRESS =    69.9
 Etot   =   -394462.8150  EKtot   =     98710.6746  EPtot      =   -493173.4897
 BOND   =      7706.4134  ANGLE   =     25768.9376  DIHED      =     20779.5958
 1-4 NB =      9237.4345  1-4 EEL =     40226.0462  VDWAALS    =     34109.3019
 EELEC  =   -638695.3725  EHBOND  =         0.0000  RESTRAINT  =      6499.5478
 EAMBER (non-restraint)  =   -499673.0375
 EKCMT  =     30511.5273  VIRIAL  =     27735.1558  VOLUME     =   1838877.2846
 CMAP   =      1194.6057
                                                    Density    =         0.9697
 Ewald error estimate:   0.5875E-04
 ------------------------------------------------------------------------------

 NMR restraints: Bond =    0.000   Angle =     0.000   Torsion =     0.000
===============================================================================

 NSTEP =    41900   TIME(PS) =      42.400  TEMP(K) =   264.17  PRESS =    45.5
 Etot   =   -394032.2810  EKtot   =     98670.2592  EPtot      =   -492702.5402
 BOND   =      7758.5647  ANGLE   =     26183.9279  DIHED      =     20718.8515
 1-4 NB =      9262.1859  1-4 EEL =     40220.2931  VDWAALS    =     34126.7717
 EELEC  =   -638695.0789  EHBOND  =         0.0000  RESTRAINT  =      6489.5695
 EAMBER (non-restraint)  =   -499192.1097
 EKCMT  =     30563.9692  VIRIAL  =     28757.0316  VOLUME     =   1839396.8456
 CMAP   =      1232.3745
                                                    Density    =         0.9695
 Ewald error estimate:   0.3424E-04
 ------------------------------------------------------------------------------

 NMR restraints: Bond =    0.000   Angle =     0.000   Torsion =     0.000
===============================================================================

 NSTEP =    42000   TIME(PS) =      42.500  TEMP(K) =   264.37  PRESS =    83.1
 Etot   =   -393657.1896  EKtot   =     98742.4635  EPtot      =   -492399.6531
 BOND   =      7784.7094  ANGLE   =     26010.4438  DIHED      =     20820.1855
 1-4 NB =      9236.4911  1-4 EEL =     40067.9568  VDWAALS    =     33863.1787
 EELEC  =   -638011.0103  EHBOND  =         0.0000  RESTRAINT  =      6610.0401
 EAMBER (non-restraint)  =   -499009.6932
 EKCMT  =     30769.2553  VIRIAL  =     27470.3007  VOLUME     =   1839694.4641
 CMAP   =      1218.3519
                                                    Density    =         0.9693
 Ewald error estimate:   0.6231E-04
 ------------------------------------------------------------------------------

 NMR restraints: Bond =    0.000   Angle =     0.000   Torsion =     0.000
===============================================================================

 NSTEP =    42100   TIME(PS) =      42.600  TEMP(K) =   264.03  PRESS =   -38.7
 Etot   =   -393171.0860  EKtot   =     98617.4863  EPtot      =   -491788.5723
 BOND   =      7744.2626  ANGLE   =     26200.1192  DIHED      =     20693.8551
 1-4 NB =      9275.1105  1-4 EEL =     40363.3008  VDWAALS    =     33529.9311
 EELEC  =   -637341.4782  EHBOND  =         0.0000  RESTRAINT  =      6545.7507
 EAMBER (non-restraint)  =   -498334.3230
 EKCMT  =     30652.7157  VIRIAL  =     32192.1036  VOLUME     =   1839929.6683
 CMAP   =      1200.5759
                                                    Density    =         0.9692
 Ewald error estimate:   0.5412E-04
 ------------------------------------------------------------------------------

 NMR restraints: Bond =    0.000   Angle =     0.000   Torsion =     0.000
===============================================================================

 NSTEP =    42200   TIME(PS) =      42.700  TEMP(K) =   266.00  PRESS =    12.1
 Etot   =   -392633.1563  EKtot   =     99351.4503  EPtot      =   -491984.6067
 BOND   =      7857.1842  ANGLE   =     26050.2451  DIHED      =     20795.0176
 1-4 NB =      9212.2027  1-4 EEL =     40194.2158  VDWAALS    =     33801.4056
 EELEC  =   -637627.3984  EHBOND  =         0.0000  RESTRAINT  =      6557.3088
 EAMBER (non-restraint)  =   -498541.9154
 EKCMT  =     30911.7119  VIRIAL  =     30431.8167  VOLUME     =   1840140.5321
 CMAP   =      1175.2119
                                                    Density    =         0.9691
 Ewald error estimate:   0.4598E-05
 ------------------------------------------------------------------------------

 NMR restraints: Bond =    0.000   Angle =     0.000   Torsion =     0.000
===============================================================================

 NSTEP =    42300   TIME(PS) =      42.800  TEMP(K) =   265.55  PRESS =    16.9
 Etot   =   -392222.6296  EKtot   =     99185.6053  EPtot      =   -491408.2349
 BOND   =      7889.4898  ANGLE   =     26220.5875  DIHED      =     20764.8520
 1-4 NB =      9203.7809  1-4 EEL =     40181.1730  VDWAALS    =     33979.2214
 EELEC  =   -637363.6046  EHBOND  =         0.0000  RESTRAINT  =      6541.3741
 EAMBER (non-restraint)  =   -497949.6090
 EKCMT  =     30761.5029  VIRIAL  =     30089.0048  VOLUME     =   1840449.0186
 CMAP   =      1174.8910
                                                    Density    =         0.9689
 Ewald error estimate:   0.5458E-04
 ------------------------------------------------------------------------------

 NMR restraints: Bond =    0.000   Angle =     0.000   Torsion =     0.000
===============================================================================

 NSTEP =    42400   TIME(PS) =      42.900  TEMP(K) =   266.81  PRESS =   130.8
 Etot   =   -391666.8978  EKtot   =     99655.6210  EPtot      =   -491322.5189
 BOND   =      7726.0267  ANGLE   =     26122.2630  DIHED      =     20847.7246
 1-4 NB =      9204.3894  1-4 EEL =     40393.1501  VDWAALS    =     33729.4594
 EELEC  =   -637146.1071  EHBOND  =         0.0000  RESTRAINT  =      6599.7997
 EAMBER (non-restraint)  =   -497922.3186
 EKCMT  =     30969.7959  VIRIAL  =     25769.7118  VOLUME     =   1840895.1678
 CMAP   =      1200.7752
                                                    Density    =         0.9687
 Ewald error estimate:   0.9892E-05
 ------------------------------------------------------------------------------

 NMR restraints: Bond =    0.000   Angle =     0.000   Torsion =     0.000
===============================================================================

 NSTEP =    42500   TIME(PS) =      43.000  TEMP(K) =   267.48  PRESS =    45.3
 Etot   =   -391159.7881  EKtot   =     99903.7618  EPtot      =   -491063.5499
 BOND   =      7726.9722  ANGLE   =     26158.4748  DIHED      =     20838.0024
 1-4 NB =      9176.0041  1-4 EEL =     40228.0331  VDWAALS    =     33635.5120
 EELEC  =   -636560.6226  EHBOND  =         0.0000  RESTRAINT  =      6551.6475
 EAMBER (non-restraint)  =   -497615.1974
 EKCMT  =     30806.0446  VIRIAL  =     29005.7106  VOLUME     =   1840993.7644
 CMAP   =      1182.4266
                                                    Density    =         0.9686
 Ewald error estimate:   0.3652E-04
 ------------------------------------------------------------------------------

 NMR restraints: Bond =    0.000   Angle =     0.000   Torsion =     0.000
===============================================================================

 NSTEP =    42600   TIME(PS) =      43.100  TEMP(K) =   267.14  PRESS =   150.1
 Etot   =   -390988.4990  EKtot   =     99777.2546  EPtot      =   -490765.7536
 BOND   =      7781.6314  ANGLE   =     26281.8744  DIHED      =     20754.5748
 1-4 NB =      9236.5141  1-4 EEL =     40283.6576  VDWAALS    =     33771.7052
 EELEC  =   -636663.4337  EHBOND  =         0.0000  RESTRAINT  =      6570.4657
 EAMBER (non-restraint)  =   -497336.2192
 EKCMT  =     31033.8626  VIRIAL  =     25064.4008  VOLUME     =   1841338.7145
 CMAP   =      1217.2569
                                                    Density    =         0.9684
 Ewald error estimate:   0.1420E-04
 ------------------------------------------------------------------------------

 NMR restraints: Bond =    0.000   Angle =     0.000   Torsion =     0.000
===============================================================================

 NSTEP =    42700   TIME(PS) =      43.200  TEMP(K) =   267.46  PRESS =   -88.5
 Etot   =   -390698.7222  EKtot   =     99897.3759  EPtot      =   -490596.0981
 BOND   =      7806.5870  ANGLE   =     26273.4779  DIHED      =     20861.7786
 1-4 NB =      9185.4261  1-4 EEL =     40295.1590  VDWAALS    =     33176.7235
 EELEC  =   -635860.3742  EHBOND  =         0.0000  RESTRAINT  =      6477.7526
 EAMBER (non-restraint)  =   -497073.8507
 EKCMT  =     30867.4481  VIRIAL  =     34387.1242  VOLUME     =   1841562.2496
 CMAP   =      1187.3714
                                                    Density    =         0.9683
 Ewald error estimate:   0.7989E-04
 ------------------------------------------------------------------------------

 NMR restraints: Bond =    0.000   Angle =     0.000   Torsion =     0.000
===============================================================================

 NSTEP =    42800   TIME(PS) =      43.300  TEMP(K) =   267.99  PRESS =   128.8
 Etot   =   -390067.9063  EKtot   =    100097.5450  EPtot      =   -490165.4513
 BOND   =      7844.6466  ANGLE   =     26318.1043  DIHED      =     20817.2968
 1-4 NB =      9206.9800  1-4 EEL =     40171.9294  VDWAALS    =     33261.8566
 EELEC  =   -635639.7224  EHBOND  =         0.0000  RESTRAINT  =      6641.0131
 EAMBER (non-restraint)  =   -496806.4645
 EKCMT  =     31083.7717  VIRIAL  =     25961.9043  VOLUME     =   1841674.5657
 CMAP   =      1212.4444
                                                    Density    =         0.9683
 Ewald error estimate:   0.2564E-04
 ------------------------------------------------------------------------------

 NMR restraints: Bond =    0.000   Angle =     0.000   Torsion =     0.000
===============================================================================

 NSTEP =    42900   TIME(PS) =      43.400  TEMP(K) =   268.14  PRESS =   124.4
 Etot   =   -389924.0808  EKtot   =    100152.5034  EPtot      =   -490076.5841
 BOND   =      7847.2924  ANGLE   =     26292.4211  DIHED      =     20708.6964
 1-4 NB =      9204.9070  1-4 EEL =     40123.1786  VDWAALS    =     33013.5001
 EELEC  =   -635064.4519  EHBOND  =         0.0000  RESTRAINT  =      6583.9888
 EAMBER (non-restraint)  =   -496660.5729
 EKCMT  =     30837.3043  VIRIAL  =     25888.8163  VOLUME     =   1841967.9173
 CMAP   =      1213.8834
                                                    Density    =         0.9681
 Ewald error estimate:   0.1829E-05
 ------------------------------------------------------------------------------

 NMR restraints: Bond =    0.000   Angle =     0.000   Torsion =     0.000
===============================================================================

 NSTEP =    43000   TIME(PS) =      43.500  TEMP(K) =   269.49  PRESS =   -16.1
 Etot   =   -389084.0444  EKtot   =    100654.7087  EPtot      =   -489738.7530
 BOND   =      7840.0917  ANGLE   =     26289.3623  DIHED      =     20755.6391
 1-4 NB =      9177.7776  1-4 EEL =     40195.1349  VDWAALS    =     32858.0551
 EELEC  =   -634663.2078  EHBOND  =         0.0000  RESTRAINT  =      6614.0056
 EAMBER (non-restraint)  =   -496352.7586
 EKCMT  =     31341.9508  VIRIAL  =     31980.3745  VOLUME     =   1842199.1492
 CMAP   =      1194.3886
                                                    Density    =         0.9680
 Ewald error estimate:   0.5548E-04
 ------------------------------------------------------------------------------

 NMR restraints: Bond =    0.000   Angle =     0.000   Torsion =     0.000
===============================================================================

 NSTEP =    43100   TIME(PS) =      43.600  TEMP(K) =   269.84  PRESS =    34.5
 Etot   =   -388900.3149  EKtot   =    100788.3529  EPtot      =   -489688.6678
 BOND   =      7757.4814  ANGLE   =     26335.4505  DIHED      =     20769.9439
 1-4 NB =      9183.5884  1-4 EEL =     40260.0301  VDWAALS    =     32717.2637
 EELEC  =   -634468.0857  EHBOND  =         0.0000  RESTRAINT  =      6563.5286
 EAMBER (non-restraint)  =   -496252.1964
 EKCMT  =     31302.4934  VIRIAL  =     29929.8129  VOLUME     =   1842075.9184
 CMAP   =      1192.1313
                                                    Density    =         0.9681
 Ewald error estimate:   0.4985E-04
 ------------------------------------------------------------------------------

 NMR restraints: Bond =    0.000   Angle =     0.000   Torsion =     0.000
===============================================================================

 NSTEP =    43200   TIME(PS) =      43.700  TEMP(K) =   269.24  PRESS =   -19.0
 Etot   =   -388600.5533  EKtot   =    100561.1307  EPtot      =   -489161.6839
 BOND   =      7860.6437  ANGLE   =     26465.6794  DIHED      =     20757.5681
 1-4 NB =      9203.4685  1-4 EEL =     40178.9434  VDWAALS    =     33182.6853
 EELEC  =   -634672.6909  EHBOND  =         0.0000  RESTRAINT  =      6667.2588
 EAMBER (non-restraint)  =   -495828.9428
 EKCMT  =     31262.7835  VIRIAL  =     32016.9499  VOLUME     =   1842318.2591
 CMAP   =      1194.7596
                                                    Density    =         0.9679
 Ewald error estimate:   0.6262E-04
 ------------------------------------------------------------------------------

 NMR restraints: Bond =    0.000   Angle =     0.000   Torsion =     0.000
===============================================================================

 NSTEP =    43300   TIME(PS) =      43.800  TEMP(K) =   269.38  PRESS =    75.2
 Etot   =   -388322.8497  EKtot   =    100615.2417  EPtot      =   -488938.0914
 BOND   =      7892.5855  ANGLE   =     26363.5095  DIHED      =     20792.7530
 1-4 NB =      9215.6102  1-4 EEL =     40103.5904  VDWAALS    =     33059.7833
 EELEC  =   -634225.1570  EHBOND  =         0.0000  RESTRAINT  =      6665.6614
 EAMBER (non-restraint)  =   -495603.7528
 EKCMT  =     31348.6164  VIRIAL  =     28358.2219  VOLUME     =   1842354.2277
 CMAP   =      1193.5722
                                                    Density    =         0.9679
 Ewald error estimate:   0.4593E-05
 ------------------------------------------------------------------------------

 NMR restraints: Bond =    0.000   Angle =     0.000   Torsion =     0.000
===============================================================================

 NSTEP =    43400   TIME(PS) =      43.900  TEMP(K) =   270.21  PRESS =   236.0
 Etot   =   -387652.9063  EKtot   =    100925.3216  EPtot      =   -488578.2279
 BOND   =      7919.1042  ANGLE   =     26407.7302  DIHED      =     20810.3310
 1-4 NB =      9247.0336  1-4 EEL =     40257.5894  VDWAALS    =     33202.5658
 EELEC  =   -634246.2594  EHBOND  =         0.0000  RESTRAINT  =      6634.5991
 EAMBER (non-restraint)  =   -495212.8269
 EKCMT  =     31504.5649  VIRIAL  =     22116.3947  VOLUME     =   1842637.4148
 CMAP   =      1189.0781
                                                    Density    =         0.9678
 Ewald error estimate:   0.2610E-04
 ------------------------------------------------------------------------------

 NMR restraints: Bond =    0.000   Angle =     0.000   Torsion =     0.000
===============================================================================

 NSTEP =    43500   TIME(PS) =      44.000  TEMP(K) =   270.23  PRESS =    -3.1
 Etot   =   -387144.9188  EKtot   =    100932.7340  EPtot      =   -488077.6528
 BOND   =      7955.9643  ANGLE   =     26494.4639  DIHED      =     20818.7004
 1-4 NB =      9203.1737  1-4 EEL =     40175.3937  VDWAALS    =     33179.5449
 EELEC  =   -633755.2937  EHBOND  =         0.0000  RESTRAINT  =      6645.9179
 EAMBER (non-restraint)  =   -494723.5708
 EKCMT  =     31324.8503  VIRIAL  =     31449.2497  VOLUME     =   1843102.2972
 CMAP   =      1204.4819
                                                    Density    =         0.9675
 Ewald error estimate:   0.5129E-04
 ------------------------------------------------------------------------------

 NMR restraints: Bond =    0.000   Angle =     0.000   Torsion =     0.000
===============================================================================

 NSTEP =    43600   TIME(PS) =      44.100  TEMP(K) =   270.45  PRESS =   127.0
 Etot   =   -387007.7576  EKtot   =    101014.7005  EPtot      =   -488022.4581
 BOND   =      7879.0416  ANGLE   =     26609.0904  DIHED      =     20832.1321
 1-4 NB =      9197.7636  1-4 EEL =     40381.2243  VDWAALS    =     32884.1317
 EELEC  =   -633665.6818  EHBOND  =         0.0000  RESTRAINT  =      6646.0208
 EAMBER (non-restraint)  =   -494668.4789
 EKCMT  =     31517.7616  VIRIAL  =     26463.0456  VOLUME     =   1843282.1599
 CMAP   =      1213.8191
                                                    Density    =         0.9674
 Ewald error estimate:   0.2821E-04
 ------------------------------------------------------------------------------

 NMR restraints: Bond =    0.000   Angle =     0.000   Torsion =     0.000
===============================================================================

 NSTEP =    43700   TIME(PS) =      44.200  TEMP(K) =   270.68  PRESS =    93.3
 Etot   =   -386870.8803  EKtot   =    101100.5835  EPtot      =   -487971.4638
 BOND   =      7911.0230  ANGLE   =     26595.0991  DIHED      =     20804.2841
 1-4 NB =      9181.7669  1-4 EEL =     40153.5162  VDWAALS    =     33159.5709
 EELEC  =   -633645.6553  EHBOND  =         0.0000  RESTRAINT  =      6642.7227
 EAMBER (non-restraint)  =   -494614.1865
 EKCMT  =     31490.5036  VIRIAL  =     27777.5511  VOLUME     =   1843535.1093
 CMAP   =      1226.2087
                                                    Density    =         0.9673
 Ewald error estimate:   0.6112E-04
 ------------------------------------------------------------------------------

 NMR restraints: Bond =    0.000   Angle =     0.000   Torsion =     0.000
===============================================================================

 NSTEP =    43800   TIME(PS) =      44.300  TEMP(K) =   271.10  PRESS =   150.4
 Etot   =   -386473.2184  EKtot   =    101257.2541  EPtot      =   -487730.4724
 BOND   =      7901.0794  ANGLE   =     26592.8746  DIHED      =     20867.8679
 1-4 NB =      9237.3764  1-4 EEL =     40230.3287  VDWAALS    =     33312.4423
 EELEC  =   -633737.0102  EHBOND  =         0.0000  RESTRAINT  =      6664.2558
 EAMBER (non-restraint)  =   -494394.7282
 EKCMT  =     31585.6494  VIRIAL  =     25596.5677  VOLUME     =   1843907.9140
 CMAP   =      1200.3127
                                                    Density    =         0.9671
 Ewald error estimate:   0.8900E-04
 ------------------------------------------------------------------------------

 NMR restraints: Bond =    0.000   Angle =     0.000   Torsion =     0.000
===============================================================================

 NSTEP =    43900   TIME(PS) =      44.400  TEMP(K) =   271.58  PRESS =   109.9
 Etot   =   -385913.5405  EKtot   =    101436.3172  EPtot      =   -487349.8576
 BOND   =      7902.3436  ANGLE   =     26558.4475  DIHED      =     20883.0093
 1-4 NB =      9217.0305  1-4 EEL =     40230.7528  VDWAALS    =     32764.1696
 EELEC  =   -632778.3592  EHBOND  =         0.0000  RESTRAINT  =      6697.6554
 EAMBER (non-restraint)  =   -494047.5130
 EKCMT  =     31568.3360  VIRIAL  =     27191.9095  VOLUME     =   1843989.6279
 CMAP   =      1175.0930
                                                    Density    =         0.9670
 Ewald error estimate:   0.2921E-04
 ------------------------------------------------------------------------------

 NMR restraints: Bond =    0.000   Angle =     0.000   Torsion =     0.000
===============================================================================

 NSTEP =    44000   TIME(PS) =      44.500  TEMP(K) =   272.09  PRESS =    59.6
 Etot   =   -385581.1149  EKtot   =    101628.8983  EPtot      =   -487210.0132
 BOND   =      7868.5778  ANGLE   =     26547.6366  DIHED      =     20873.8253
 1-4 NB =      9218.6859  1-4 EEL =     40155.7259  VDWAALS    =     32495.5823
 EELEC  =   -632188.6327  EHBOND  =         0.0000  RESTRAINT  =      6610.5998
 EAMBER (non-restraint)  =   -493820.6130
 EKCMT  =     31537.8481  VIRIAL  =     29164.9310  VOLUME     =   1844487.9234
 CMAP   =      1207.9859
                                                    Density    =         0.9668
 Ewald error estimate:   0.5910E-05
 ------------------------------------------------------------------------------

 NMR restraints: Bond =    0.000   Angle =     0.000   Torsion =     0.000
===============================================================================

 NSTEP =    44100   TIME(PS) =      44.600  TEMP(K) =   273.06  PRESS =    52.0
 Etot   =   -385215.8476  EKtot   =    101988.7857  EPtot      =   -487204.6333
 BOND   =      7919.8485  ANGLE   =     26638.3279  DIHED      =     20842.5950
 1-4 NB =      9238.1364  1-4 EEL =     40258.7203  VDWAALS    =     32703.4639
 EELEC  =   -632603.3992  EHBOND  =         0.0000  RESTRAINT  =      6588.3143
 EAMBER (non-restraint)  =   -493792.9476
 EKCMT  =     31758.4188  VIRIAL  =     29686.9399  VOLUME     =   1844721.2119
 CMAP   =      1209.3597
                                                    Density    =         0.9667
 Ewald error estimate:   0.4535E-04
 ------------------------------------------------------------------------------

 NMR restraints: Bond =    0.000   Angle =     0.000   Torsion =     0.000
===============================================================================

 NSTEP =    44200   TIME(PS) =      44.700  TEMP(K) =   272.77  PRESS =    26.1
 Etot   =   -384687.2505  EKtot   =    101882.4478  EPtot      =   -486569.6983
 BOND   =      7958.8118  ANGLE   =     26702.2388  DIHED      =     20777.5514
 1-4 NB =      9195.0331  1-4 EEL =     40149.9708  VDWAALS    =     32641.4596
 EELEC  =   -631868.2074  EHBOND  =         0.0000  RESTRAINT  =      6671.3763
 EAMBER (non-restraint)  =   -493241.0746
 EKCMT  =     31602.8948  VIRIAL  =     30563.3916  VOLUME     =   1845036.1128
 CMAP   =      1202.0672
                                                    Density    =         0.9665
 Ewald error estimate:   0.6295E-04
 ------------------------------------------------------------------------------

 NMR restraints: Bond =    0.000   Angle =     0.000   Torsion =     0.000
===============================================================================

 NSTEP =    44300   TIME(PS) =      44.800  TEMP(K) =   272.90  PRESS =   -38.3
 Etot   =   -384275.8328  EKtot   =    101928.7228  EPtot      =   -486204.5556
 BOND   =      7941.5148  ANGLE   =     26742.0918  DIHED      =     20764.1132
 1-4 NB =      9263.9382  1-4 EEL =     40273.3937  VDWAALS    =     31832.4505
 EELEC  =   -630840.5504  EHBOND  =         0.0000  RESTRAINT  =      6605.6325
 EAMBER (non-restraint)  =   -492810.1881
 EKCMT  =     31674.1267  VIRIAL  =     33198.8233  VOLUME     =   1844834.3425
 CMAP   =      1212.8601
                                                    Density    =         0.9666
 Ewald error estimate:   0.6473E-04
 ------------------------------------------------------------------------------

 NMR restraints: Bond =    0.000   Angle =     0.000   Torsion =     0.000
===============================================================================

 NSTEP =    44400   TIME(PS) =      44.900  TEMP(K) =   274.01  PRESS =   152.8
 Etot   =   -383754.4596  EKtot   =    102344.4898  EPtot      =   -486098.9494
 BOND   =      7920.5837  ANGLE   =     26572.5113  DIHED      =     20835.4339
 1-4 NB =      9249.7244  1-4 EEL =     40244.8373  VDWAALS    =     32311.2851
 EELEC  =   -631159.1617  EHBOND  =         0.0000  RESTRAINT  =      6692.1049
 EAMBER (non-restraint)  =   -492791.0543
 EKCMT  =     31608.6216  VIRIAL  =     25520.8345  VOLUME     =   1845087.3841
 CMAP   =      1233.7318
                                                    Density    =         0.9665
 Ewald error estimate:   0.4910E-04
 ------------------------------------------------------------------------------

 NMR restraints: Bond =    0.000   Angle =     0.000   Torsion =     0.000
===============================================================================

 NSTEP =    44500   TIME(PS) =      45.000  TEMP(K) =   273.78  PRESS =   112.6
 Etot   =   -383388.5182  EKtot   =    102260.4032  EPtot      =   -485648.9214
 BOND   =      7882.1871  ANGLE   =     26828.2042  DIHED      =     20838.7749
 1-4 NB =      9249.9337  1-4 EEL =     40299.1328  VDWAALS    =     32204.1871
 EELEC  =   -630938.6304  EHBOND  =         0.0000  RESTRAINT  =      6788.5605
 EAMBER (non-restraint)  =   -492437.4819
 EKCMT  =     31782.0233  VIRIAL  =     27295.4494  VOLUME     =   1845195.8797
 CMAP   =      1198.7287
                                                    Density    =         0.9664
 Ewald error estimate:   0.7007E-04
 ------------------------------------------------------------------------------

 NMR restraints: Bond =    0.000   Angle =     0.000   Torsion =     0.000
===============================================================================

 NSTEP =    44600   TIME(PS) =      45.100  TEMP(K) =   275.02  PRESS =    29.7
 Etot   =   -382759.5285  EKtot   =    102722.6994  EPtot      =   -485482.2278
 BOND   =      7976.8575  ANGLE   =     27057.2551  DIHED      =     20779.9101
 1-4 NB =      9211.8272  1-4 EEL =     40171.0020  VDWAALS    =     32061.3159
 EELEC  =   -630661.5759  EHBOND  =         0.0000  RESTRAINT  =      6702.4647
 EAMBER (non-restraint)  =   -492184.6925
 EKCMT  =     31956.5748  VIRIAL  =     30771.4408  VOLUME     =   1845345.0658
 CMAP   =      1218.7156
                                                    Density    =         0.9663
 Ewald error estimate:   0.3442E-04
 ------------------------------------------------------------------------------

 NMR restraints: Bond =    0.000   Angle =     0.000   Torsion =     0.000
===============================================================================

 NSTEP =    44700   TIME(PS) =      45.200  TEMP(K) =   275.38  PRESS =   139.0
 Etot   =   -382166.1858  EKtot   =    102857.4917  EPtot      =   -485023.6775
 BOND   =      8033.3528  ANGLE   =     26985.7127  DIHED      =     20872.6422
 1-4 NB =      9248.2075  1-4 EEL =     40158.3660  VDWAALS    =     32186.3516
 EELEC  =   -630464.5937  EHBOND  =         0.0000  RESTRAINT  =      6745.7585
 EAMBER (non-restraint)  =   -491769.4360
 EKCMT  =     31952.6835  VIRIAL  =     26415.2892  VOLUME     =   1845713.2081
 CMAP   =      1210.5249
                                                    Density    =         0.9661
 Ewald error estimate:   0.2751E-05
 ------------------------------------------------------------------------------

 NMR restraints: Bond =    0.000   Angle =     0.000   Torsion =     0.000
===============================================================================

 NSTEP =    44800   TIME(PS) =      45.300  TEMP(K) =   275.53  PRESS =    49.7
 Etot   =   -381971.0787  EKtot   =    102913.9328  EPtot      =   -484885.0115
 BOND   =      8115.6912  ANGLE   =     26674.9210  DIHED      =     20850.5226
 1-4 NB =      9206.1702  1-4 EEL =     40198.5911  VDWAALS    =     32056.1338
 EELEC  =   -629998.2864  EHBOND  =         0.0000  RESTRAINT  =      6795.0874
 EAMBER (non-restraint)  =   -491680.0989
 EKCMT  =     31999.8710  VIRIAL  =     30017.2729  VOLUME     =   1845954.6460
 CMAP   =      1216.1575
                                                    Density    =         0.9660
 Ewald error estimate:   0.2243E-04
 ------------------------------------------------------------------------------

 NMR restraints: Bond =    0.000   Angle =     0.000   Torsion =     0.000
===============================================================================

 NSTEP =    44900   TIME(PS) =      45.400  TEMP(K) =   276.09  PRESS =   -41.2
 Etot   =   -381530.7321  EKtot   =    103120.0882  EPtot      =   -484650.8203
 BOND   =      8043.6159  ANGLE   =     27085.9651  DIHED      =     20863.1246
 1-4 NB =      9217.3114  1-4 EEL =     40208.8688  VDWAALS    =     31752.4166
 EELEC  =   -629841.3461  EHBOND  =         0.0000  RESTRAINT  =      6818.5088
 EAMBER (non-restraint)  =   -491469.3292
 EKCMT  =     32201.7054  VIRIAL  =     33843.2630  VOLUME     =   1846379.4898
 CMAP   =      1200.7145
                                                    Density    =         0.9658
 Ewald error estimate:   0.4281E-04
 ------------------------------------------------------------------------------

 NMR restraints: Bond =    0.000   Angle =     0.000   Torsion =     0.000
===============================================================================

 NSTEP =    45000   TIME(PS) =      45.500  TEMP(K) =   276.54  PRESS =   -48.7
 Etot   =   -381050.4802  EKtot   =    103289.7352  EPtot      =   -484340.2155
 BOND   =      8004.2217  ANGLE   =     26979.8203  DIHED      =     20783.5147
 1-4 NB =      9228.5047  1-4 EEL =     40210.0407  VDWAALS    =     32255.0477
 EELEC  =   -629757.3042  EHBOND  =         0.0000  RESTRAINT  =      6762.4379
 EAMBER (non-restraint)  =   -491102.6534
 EKCMT  =     32110.5739  VIRIAL  =     34052.7399  VOLUME     =   1846521.7997
 CMAP   =      1193.5010
                                                    Density    =         0.9657
 Ewald error estimate:   0.2438E-04
 ------------------------------------------------------------------------------

 NMR restraints: Bond =    0.000   Angle =     0.000   Torsion =     0.000
===============================================================================

 NSTEP =    45100   TIME(PS) =      45.600  TEMP(K) =   276.73  PRESS =    87.0
 Etot   =   -380705.2627  EKtot   =    103360.3687  EPtot      =   -484065.6314
 BOND   =      8085.2196  ANGLE   =     26868.6503  DIHED      =     20828.0432
 1-4 NB =      9267.9243  1-4 EEL =     40133.0319  VDWAALS    =     32018.3027
 EELEC  =   -629266.6009  EHBOND  =         0.0000  RESTRAINT  =      6818.8389
 EAMBER (non-restraint)  =   -490884.4703
 EKCMT  =     32057.2364  VIRIAL  =     28589.1021  VOLUME     =   1846767.6666
 CMAP   =      1180.9586
                                                    Density    =         0.9656
 Ewald error estimate:   0.1572E-04
 ------------------------------------------------------------------------------

 NMR restraints: Bond =    0.000   Angle =     0.000   Torsion =     0.000
===============================================================================

 NSTEP =    45200   TIME(PS) =      45.700  TEMP(K) =   277.07  PRESS =   218.1
 Etot   =   -380189.2007  EKtot   =    103487.0834  EPtot      =   -483676.2841
 BOND   =      7995.4499  ANGLE   =     27061.4798  DIHED      =     20859.4898
 1-4 NB =      9285.1682  1-4 EEL =     40235.9365  VDWAALS    =     32284.1802
 EELEC  =   -629398.9979  EHBOND  =         0.0000  RESTRAINT  =      6809.8295
 EAMBER (non-restraint)  =   -490486.1136
 EKCMT  =     32184.7674  VIRIAL  =     23485.2686  VOLUME     =   1847062.8207
 CMAP   =      1191.1799
                                                    Density    =         0.9654
 Ewald error estimate:   0.5036E-04
 ------------------------------------------------------------------------------

 NMR restraints: Bond =    0.000   Angle =     0.000   Torsion =     0.000
===============================================================================

 NSTEP =    45300   TIME(PS) =      45.800  TEMP(K) =   277.98  PRESS =   -62.3
 Etot   =   -379625.2970  EKtot   =    103828.9393  EPtot      =   -483454.2363
 BOND   =      8004.5077  ANGLE   =     26971.7413  DIHED      =     20878.9690
 1-4 NB =      9232.0730  1-4 EEL =     40172.1164  VDWAALS    =     31514.9879
 EELEC  =   -628211.9087  EHBOND  =         0.0000  RESTRAINT  =      6774.9607
 EAMBER (non-restraint)  =   -490229.1971
 EKCMT  =     32197.3079  VIRIAL  =     34682.6957  VOLUME     =   1847378.2645
 CMAP   =      1208.3163
                                                    Density    =         0.9653
 Ewald error estimate:   0.6756E-04
 ------------------------------------------------------------------------------

 NMR restraints: Bond =    0.000   Angle =     0.000   Torsion =     0.000
===============================================================================

 NSTEP =    45400   TIME(PS) =      45.900  TEMP(K) =   278.41  PRESS =   114.0
 Etot   =   -379365.5084  EKtot   =    103987.5345  EPtot      =   -483353.0429
 BOND   =      7997.1502  ANGLE   =     26966.1402  DIHED      =     20835.4698
 1-4 NB =      9255.9470  1-4 EEL =     40276.2122  VDWAALS    =     31626.1970
 EELEC  =   -628285.6540  EHBOND  =         0.0000  RESTRAINT  =      6763.9721
 EAMBER (non-restraint)  =   -490117.0150
 EKCMT  =     32329.0373  VIRIAL  =     27782.6506  VOLUME     =   1847356.1003
 CMAP   =      1211.5226
                                                    Density    =         0.9653
 Ewald error estimate:   0.6490E-04
 ------------------------------------------------------------------------------

 NMR restraints: Bond =    0.000   Angle =     0.000   Torsion =     0.000
===============================================================================

 NSTEP =    45500   TIME(PS) =      46.000  TEMP(K) =   277.55  PRESS =    56.0
 Etot   =   -378974.6657  EKtot   =    103666.8473  EPtot      =   -482641.5130
 BOND   =      8096.3326  ANGLE   =     27084.1576  DIHED      =     20794.0580
 1-4 NB =      9238.5085  1-4 EEL =     40367.3604  VDWAALS    =     31579.8529
 EELEC  =   -627826.8143  EHBOND  =         0.0000  RESTRAINT  =      6814.4877
 EAMBER (non-restraint)  =   -489456.0007
 EKCMT  =     32360.4197  VIRIAL  =     30126.0400  VOLUME     =   1847714.7921
 CMAP   =      1210.5436
                                                    Density    =         0.9651
 Ewald error estimate:   0.5136E-04
 ------------------------------------------------------------------------------

 NMR restraints: Bond =    0.000   Angle =     0.000   Torsion =     0.000
===============================================================================

 NSTEP =    45600   TIME(PS) =      46.100  TEMP(K) =   278.91  PRESS =   -43.8
 Etot   =   -378564.7102  EKtot   =    104174.1201  EPtot      =   -482738.8303
 BOND   =      8061.9773  ANGLE   =     26730.3111  DIHED      =     20859.4333
 1-4 NB =      9265.2107  1-4 EEL =     40253.2064  VDWAALS    =     31411.8463
 EELEC  =   -627350.2281  EHBOND  =         0.0000  RESTRAINT  =      6820.7986
 EAMBER (non-restraint)  =   -489559.6290
 EKCMT  =     32250.5745  VIRIAL  =     33996.5299  VOLUME     =   1847851.0455
 CMAP   =      1208.6140
                                                    Density    =         0.9650
 Ewald error estimate:   0.5861E-04
 ------------------------------------------------------------------------------

 NMR restraints: Bond =    0.000   Angle =     0.000   Torsion =     0.000
===============================================================================

 NSTEP =    45700   TIME(PS) =      46.200  TEMP(K) =   279.00  PRESS =   109.5
 Etot   =   -378216.9714  EKtot   =    104207.0538  EPtot      =   -482424.0252
 BOND   =      8003.2426  ANGLE   =     27062.1532  DIHED      =     20876.1628
 1-4 NB =      9294.8843  1-4 EEL =     40250.1205  VDWAALS    =     31123.2621
 EELEC  =   -627130.1865  EHBOND  =         0.0000  RESTRAINT  =      6876.8413
 EAMBER (non-restraint)  =   -489300.8665
 EKCMT  =     32251.0150  VIRIAL  =     27882.1652  VOLUME     =   1847820.6857
 CMAP   =      1219.4946
                                                    Density    =         0.9650
 Ewald error estimate:   0.4316E-04
 ------------------------------------------------------------------------------

 NMR restraints: Bond =    0.000   Angle =     0.000   Torsion =     0.000
===============================================================================

 NSTEP =    45800   TIME(PS) =      46.300  TEMP(K) =   279.83  PRESS =    58.6
 Etot   =   -377743.0308  EKtot   =    104519.2503  EPtot      =   -482262.2810
 BOND   =      8154.1632  ANGLE   =     27030.5217  DIHED      =     20940.5823
 1-4 NB =      9246.2911  1-4 EEL =     40074.0423  VDWAALS    =     31514.2758
 EELEC  =   -627215.0191  EHBOND  =         0.0000  RESTRAINT  =      6785.9299
 EAMBER (non-restraint)  =   -489048.2110
 EKCMT  =     32542.2683  VIRIAL  =     30203.9769  VOLUME     =   1848086.2772
 CMAP   =      1206.9317
                                                    Density    =         0.9649
 Ewald error estimate:   0.9643E-04
 ------------------------------------------------------------------------------

 NMR restraints: Bond =    0.000   Angle =     0.000   Torsion =     0.000
===============================================================================

 NSTEP =    45900   TIME(PS) =      46.400  TEMP(K) =   279.49  PRESS =   110.7
 Etot   =   -377343.6808  EKtot   =    104389.6135  EPtot      =   -481733.2943
 BOND   =      8060.4688  ANGLE   =     27245.3972  DIHED      =     20888.0019
 1-4 NB =      9263.3596  1-4 EEL =     40184.2360  VDWAALS    =     31086.6171
 EELEC  =   -626513.5711  EHBOND  =         0.0000  RESTRAINT  =      6861.5969
 EAMBER (non-restraint)  =   -488594.8912
 EKCMT  =     32518.5761  VIRIAL  =     28100.6031  VOLUME     =   1848413.7960
 CMAP   =      1190.5993
                                                    Density    =         0.9647
 Ewald error estimate:   0.5642E-04
 ------------------------------------------------------------------------------

 NMR restraints: Bond =    0.000   Angle =     0.000   Torsion =     0.000
===============================================================================

 NSTEP =    46000   TIME(PS) =      46.500  TEMP(K) =   280.28  PRESS =    30.6
 Etot   =   -376937.9905  EKtot   =    104685.9067  EPtot      =   -481623.8972
 BOND   =      8229.4576  ANGLE   =     27081.2814  DIHED      =     20847.8967
 1-4 NB =      9247.1758  1-4 EEL =     40300.5018  VDWAALS    =     31153.0161
 EELEC  =   -626477.0627  EHBOND  =         0.0000  RESTRAINT  =      6793.0789
 EAMBER (non-restraint)  =   -488416.9760
 EKCMT  =     32716.5360  VIRIAL  =     31495.1597  VOLUME     =   1848540.6051
 CMAP   =      1200.7572
                                                    Density    =         0.9647
 Ewald error estimate:   0.9676E-04
 ------------------------------------------------------------------------------

 NMR restraints: Bond =    0.000   Angle =     0.000   Torsion =     0.000
===============================================================================

 NSTEP =    46100   TIME(PS) =      46.600  TEMP(K) =   281.02  PRESS =    -2.7
 Etot   =   -376442.4478  EKtot   =    104962.7692  EPtot      =   -481405.2170
 BOND   =      8100.2004  ANGLE   =     27087.5912  DIHED      =     20867.4628
 1-4 NB =      9278.8100  1-4 EEL =     40283.7222  VDWAALS    =     31453.0576
 EELEC  =   -626527.7519  EHBOND  =         0.0000  RESTRAINT  =      6849.6526
 EAMBER (non-restraint)  =   -488254.8697
 EKCMT  =     32713.3208  VIRIAL  =     32822.7764  VOLUME     =   1848556.3236
 CMAP   =      1202.0380
                                                    Density    =         0.9647
 Ewald error estimate:   0.2994E-04
 ------------------------------------------------------------------------------

 NMR restraints: Bond =    0.000   Angle =     0.000   Torsion =     0.000
===============================================================================

 NSTEP =    46200   TIME(PS) =      46.700  TEMP(K) =   280.03  PRESS =     8.2
 Etot   =   -376105.5764  EKtot   =    104592.6275  EPtot      =   -480698.2039
 BOND   =      8337.1048  ANGLE   =     27138.8048  DIHED      =     20884.5909
 1-4 NB =      9212.8671  1-4 EEL =     40290.7102  VDWAALS    =     31067.5743
 EELEC  =   -625729.6806  EHBOND  =         0.0000  RESTRAINT  =      6889.1719
 EAMBER (non-restraint)  =   -487587.3759
 EKCMT  =     32567.7015  VIRIAL  =     32238.8979  VOLUME     =   1848845.0854
 CMAP   =      1210.6525
                                                    Density    =         0.9645
 Ewald error estimate:   0.7496E-04
 ------------------------------------------------------------------------------

 NMR restraints: Bond =    0.000   Angle =     0.000   Torsion =     0.000
===============================================================================

 NSTEP =    46300   TIME(PS) =      46.800  TEMP(K) =   281.23  PRESS =    31.1
 Etot   =   -375616.8671  EKtot   =    105043.0921  EPtot      =   -480659.9591
 BOND   =      8136.6965  ANGLE   =     27241.7778  DIHED      =     20945.2790
 1-4 NB =      9259.3433  1-4 EEL =     40216.4680  VDWAALS    =     30781.5854
 EELEC  =   -625313.0281  EHBOND  =         0.0000  RESTRAINT  =      6870.4766
 EAMBER (non-restraint)  =   -487530.4358
 EKCMT  =     32610.7027  VIRIAL  =     31370.7110  VOLUME     =   1849127.9239
 CMAP   =      1201.4423
                                                    Density    =         0.9644
 Ewald error estimate:   0.8245E-04
 ------------------------------------------------------------------------------

 NMR restraints: Bond =    0.000   Angle =     0.000   Torsion =     0.000
===============================================================================

 NSTEP =    46400   TIME(PS) =      46.900  TEMP(K) =   282.24  PRESS =   -68.0
 Etot   =   -375122.6857  EKtot   =    105419.4533  EPtot      =   -480542.1391
 BOND   =      8237.3313  ANGLE   =     27250.0497  DIHED      =     20904.6264
 1-4 NB =      9255.6669  1-4 EEL =     40234.0435  VDWAALS    =     30321.4199
 EELEC  =   -624878.0852  EHBOND  =         0.0000  RESTRAINT  =      6928.8465
 EAMBER (non-restraint)  =   -487470.9856
 EKCMT  =     32844.7369  VIRIAL  =     35559.8980  VOLUME     =   1848972.0885
 CMAP   =      1203.9619
                                                    Density    =         0.9644
 Ewald error estimate:   0.9246E-04
 ------------------------------------------------------------------------------

 NMR restraints: Bond =    0.000   Angle =     0.000   Torsion =     0.000
===============================================================================

 NSTEP =    46500   TIME(PS) =      47.000  TEMP(K) =   282.63  PRESS =    36.6
 Etot   =   -374496.8705  EKtot   =    105564.9018  EPtot      =   -480061.7723
 BOND   =      8127.8900  ANGLE   =     27299.4587  DIHED      =     20967.6221
 1-4 NB =      9284.2688  1-4 EEL =     40204.9352  VDWAALS    =     30726.9596
 EELEC  =   -624827.3411  EHBOND  =         0.0000  RESTRAINT  =      6960.9690
 EAMBER (non-restraint)  =   -487022.7412
 EKCMT  =     32657.6388  VIRIAL  =     31197.9183  VOLUME     =   1848827.3896
 CMAP   =      1193.4654
                                                    Density    =         0.9645
 Ewald error estimate:   0.6995E-04
 ------------------------------------------------------------------------------

 NMR restraints: Bond =    0.000   Angle =     0.000   Torsion =     0.000
===============================================================================

 NSTEP =    46600   TIME(PS) =      47.100  TEMP(K) =   283.91  PRESS =   127.0
 Etot   =   -374098.7919  EKtot   =    106043.9065  EPtot      =   -480142.6984
 BOND   =      8159.6832  ANGLE   =     27422.7868  DIHED      =     20957.0979
 1-4 NB =      9281.9063  1-4 EEL =     40232.9975  VDWAALS    =     30997.9662
 EELEC  =   -625348.3011  EHBOND  =         0.0000  RESTRAINT  =      6940.9670
 EAMBER (non-restraint)  =   -487083.6654
 EKCMT  =     33121.7195  VIRIAL  =     28052.0419  VOLUME     =   1849117.3134
 CMAP   =      1212.1980
                                                    Density    =         0.9644
 Ewald error estimate:   0.4157E-04
 ------------------------------------------------------------------------------

 NMR restraints: Bond =    0.000   Angle =     0.000   Torsion =     0.000
===============================================================================

 NSTEP =    46700   TIME(PS) =      47.200  TEMP(K) =   283.53  PRESS =    75.4
 Etot   =   -373604.2531  EKtot   =    105901.9375  EPtot      =   -479506.1905
 BOND   =      8177.4651  ANGLE   =     27396.4922  DIHED      =     20898.3655
 1-4 NB =      9202.7460  1-4 EEL =     40070.3638  VDWAALS    =     30891.2843
 EELEC  =   -624315.2244  EHBOND  =         0.0000  RESTRAINT  =      6944.0092
 EAMBER (non-restraint)  =   -486450.1997
 EKCMT  =     32840.0636  VIRIAL  =     29828.8308  VOLUME     =   1849450.1118
 CMAP   =      1228.3078
                                                    Density    =         0.9642
 Ewald error estimate:   0.6220E-04
 ------------------------------------------------------------------------------

 NMR restraints: Bond =    0.000   Angle =     0.000   Torsion =     0.000
===============================================================================

 NSTEP =    46800   TIME(PS) =      47.300  TEMP(K) =   284.20  PRESS =    59.3
 Etot   =   -373190.4731  EKtot   =    106150.8637  EPtot      =   -479341.3368
 BOND   =      8195.0618  ANGLE   =     27615.7744  DIHED      =     20918.2332
 1-4 NB =      9237.9996  1-4 EEL =     40242.8016  VDWAALS    =     30493.9631
 EELEC  =   -624211.7702  EHBOND  =         0.0000  RESTRAINT  =      6966.9382
 EAMBER (non-restraint)  =   -486308.2751
 EKCMT  =     33029.7355  VIRIAL  =     30659.5292  VOLUME     =   1849754.3470
 CMAP   =      1199.6614
                                                    Density    =         0.9640
 Ewald error estimate:   0.2927E-04
 ------------------------------------------------------------------------------

 NMR restraints: Bond =    0.000   Angle =     0.000   Torsion =     0.000
===============================================================================

 NSTEP =    46900   TIME(PS) =      47.400  TEMP(K) =   284.76  PRESS =    24.2
 Etot   =   -372753.3442  EKtot   =    106359.5817  EPtot      =   -479112.9259
 BOND   =      8173.6210  ANGLE   =     27415.9900  DIHED      =     20953.8287
 1-4 NB =      9261.6329  1-4 EEL =     40301.5934  VDWAALS    =     30442.8784
 EELEC  =   -623805.2117  EHBOND  =         0.0000  RESTRAINT  =      6928.6751
 EAMBER (non-restraint)  =   -486041.6010
 EKCMT  =     33052.5765  VIRIAL  =     32087.8828  VOLUME     =   1849968.5192
 CMAP   =      1214.0663
                                                    Density    =         0.9639
 Ewald error estimate:   0.4036E-04
 ------------------------------------------------------------------------------

 NMR restraints: Bond =    0.000   Angle =     0.000   Torsion =     0.000
===============================================================================

 NSTEP =    47000   TIME(PS) =      47.500  TEMP(K) =   284.60  PRESS =    -9.7
 Etot   =   -372511.8527  EKtot   =    106301.5464  EPtot      =   -478813.3991
 BOND   =      8189.0903  ANGLE   =     27538.3143  DIHED      =     20934.3828
 1-4 NB =      9249.2383  1-4 EEL =     40039.7872  VDWAALS    =     30657.3027
 EELEC  =   -623524.2194  EHBOND  =         0.0000  RESTRAINT  =      6887.2959
 EAMBER (non-restraint)  =   -485700.6950
 EKCMT  =     32924.1176  VIRIAL  =     33313.3648  VOLUME     =   1850128.2416
 CMAP   =      1215.4088
                                                    Density    =         0.9638
 Ewald error estimate:   0.9244E-04
 ------------------------------------------------------------------------------

 NMR restraints: Bond =    0.000   Angle =     0.000   Torsion =     0.000
===============================================================================

 NSTEP =    47100   TIME(PS) =      47.600  TEMP(K) =   285.40  PRESS =    92.9
 Etot   =   -372117.4994  EKtot   =    106599.2170  EPtot      =   -478716.7163
 BOND   =      8163.8471  ANGLE   =     27495.8207  DIHED      =     20837.9181
 1-4 NB =      9241.8695  1-4 EEL =     40208.9680  VDWAALS    =     30521.8997
 EELEC  =   -623363.4833  EHBOND  =         0.0000  RESTRAINT  =      6964.5629
 EAMBER (non-restraint)  =   -485681.2792
 EKCMT  =     32916.8190  VIRIAL  =     29206.0333  VOLUME     =   1850426.0014
 CMAP   =      1211.8811
                                                    Density    =         0.9637
 Ewald error estimate:   0.3827E-04
 ------------------------------------------------------------------------------

 NMR restraints: Bond =    0.000   Angle =     0.000   Torsion =     0.000
===============================================================================

 NSTEP =    47200   TIME(PS) =      47.700  TEMP(K) =   285.67  PRESS =   -26.3
 Etot   =   -371634.4012  EKtot   =    106698.0214  EPtot      =   -478332.4226
 BOND   =      8355.1484  ANGLE   =     27374.7203  DIHED      =     20868.6038
 1-4 NB =      9217.0320  1-4 EEL =     39993.7436  VDWAALS    =     29933.9816
 EELEC  =   -622270.9540  EHBOND  =         0.0000  RESTRAINT  =      6975.2585
 EAMBER (non-restraint)  =   -485307.6811
 EKCMT  =     32937.0866  VIRIAL  =     33989.0095  VOLUME     =   1850609.3665
 CMAP   =      1220.0432
                                                    Density    =         0.9636
 Ewald error estimate:   0.6235E-04
 ------------------------------------------------------------------------------

 NMR restraints: Bond =    0.000   Angle =     0.000   Torsion =     0.000
===============================================================================

 NSTEP =    47300   TIME(PS) =      47.800  TEMP(K) =   286.16  PRESS =   -59.3
 Etot   =   -371027.4668  EKtot   =    106883.1203  EPtot      =   -477910.5870
 BOND   =      8246.8368  ANGLE   =     27561.6524  DIHED      =     20915.4816
 1-4 NB =      9292.3056  1-4 EEL =     40319.9743  VDWAALS    =     30041.4375
 EELEC  =   -622467.3231  EHBOND  =         0.0000  RESTRAINT  =      6952.8667
 EAMBER (non-restraint)  =   -484863.4537
 EKCMT  =     33144.0593  VIRIAL  =     35512.5409  VOLUME     =   1850651.6698
 CMAP   =      1226.1811
                                                    Density    =         0.9636
 Ewald error estimate:   0.5004E-04
 ------------------------------------------------------------------------------

 NMR restraints: Bond =    0.000   Angle =     0.000   Torsion =     0.000
===============================================================================

 NSTEP =    47400   TIME(PS) =      47.900  TEMP(K) =   285.80  PRESS =    -2.7
 Etot   =   -370668.8603  EKtot   =    106747.9949  EPtot      =   -477416.8552
 BOND   =      8281.0137  ANGLE   =     27694.8800  DIHED      =     20913.6473
 1-4 NB =      9283.3472  1-4 EEL =     40142.8619  VDWAALS    =     30347.7798
 EELEC  =   -622282.6658  EHBOND  =         0.0000  RESTRAINT  =      6980.3484
 EAMBER (non-restraint)  =   -484397.2036
 EKCMT  =     33086.4135  VIRIAL  =     33193.8504  VOLUME     =   1850647.0796
 CMAP   =      1221.9325
                                                    Density    =         0.9636
 Ewald error estimate:   0.5955E-04
 ------------------------------------------------------------------------------

 NMR restraints: Bond =    0.000   Angle =     0.000   Torsion =     0.000
===============================================================================

 NSTEP =    47500   TIME(PS) =      48.000  TEMP(K) =   286.78  PRESS =    92.1
 Etot   =   -370297.8108  EKtot   =    107114.4345  EPtot      =   -477412.2453
 BOND   =      8349.9960  ANGLE   =     27525.8092  DIHED      =     20964.9588
 1-4 NB =      9214.3209  1-4 EEL =     40062.5516  VDWAALS    =     30052.8829
 EELEC  =   -621791.4085  EHBOND  =         0.0000  RESTRAINT  =      6977.7378
 EAMBER (non-restraint)  =   -484389.9831
 EKCMT  =     33232.0899  VIRIAL  =     29551.0072  VOLUME     =   1850709.4220
 CMAP   =      1230.9061
                                                    Density    =         0.9635
 Ewald error estimate:   0.8080E-04
 ------------------------------------------------------------------------------

 NMR restraints: Bond =    0.000   Angle =     0.000   Torsion =     0.000
===============================================================================

 NSTEP =    47600   TIME(PS) =      48.100  TEMP(K) =   287.65  PRESS =    34.8
 Etot   =   -369685.0404  EKtot   =    107440.9912  EPtot      =   -477126.0316
 BOND   =      8265.9232  ANGLE   =     27688.6945  DIHED      =     21033.4047
 1-4 NB =      9248.5593  1-4 EEL =     40169.9825  VDWAALS    =     29869.3007
 EELEC  =   -621622.9792  EHBOND  =         0.0000  RESTRAINT  =      7027.9983
 EAMBER (non-restraint)  =   -484154.0299
 EKCMT  =     33446.6725  VIRIAL  =     32057.2330  VOLUME     =   1851038.4180
 CMAP   =      1193.0843
                                                    Density    =         0.9634
 Ewald error estimate:   0.5914E-04
 ------------------------------------------------------------------------------

 NMR restraints: Bond =    0.000   Angle =     0.000   Torsion =     0.000
===============================================================================

 NSTEP =    47700   TIME(PS) =      48.200  TEMP(K) =   287.15  PRESS =    17.9
 Etot   =   -369431.2223  EKtot   =    107252.0089  EPtot      =   -476683.2312
 BOND   =      8494.4098  ANGLE   =     27570.0245  DIHED      =     20993.7474
 1-4 NB =      9225.0188  1-4 EEL =     40159.4083  VDWAALS    =     29987.6979
 EELEC  =   -621398.3666  EHBOND  =         0.0000  RESTRAINT  =      7071.7012
 EAMBER (non-restraint)  =   -483754.9323
 EKCMT  =     33451.0098  VIRIAL  =     32736.6537  VOLUME     =   1851446.6548
 CMAP   =      1213.1276
                                                    Density    =         0.9632
 Ewald error estimate:   0.4318E-04
 ------------------------------------------------------------------------------

 NMR restraints: Bond =    0.000   Angle =     0.000   Torsion =     0.000
===============================================================================

 NSTEP =    47800   TIME(PS) =      48.300  TEMP(K) =   289.51  PRESS =    85.1
 Etot   =   -368730.7961  EKtot   =    108133.4558  EPtot      =   -476864.2518
 BOND   =      8327.5560  ANGLE   =     27706.1297  DIHED      =     20968.1041
 1-4 NB =      9287.1287  1-4 EEL =     40346.2566  VDWAALS    =     30182.4228
 EELEC  =   -621883.8100  EHBOND  =         0.0000  RESTRAINT  =      6998.7195
 EAMBER (non-restraint)  =   -483862.9713
 EKCMT  =     33829.5145  VIRIAL  =     30427.0342  VOLUME     =   1851462.3499
 CMAP   =      1203.2408
                                                    Density    =         0.9631
 Ewald error estimate:   0.3196E-04
 ------------------------------------------------------------------------------

 NMR restraints: Bond =    0.000   Angle =     0.000   Torsion =     0.000
===============================================================================

 NSTEP =    47900   TIME(PS) =      48.400  TEMP(K) =   287.96  PRESS =   102.3
 Etot   =   -368514.3084  EKtot   =    107553.7276  EPtot      =   -476068.0360
 BOND   =      8413.9668  ANGLE   =     27714.4645  DIHED      =     20979.1125
 1-4 NB =      9308.9195  1-4 EEL =     40121.9942  VDWAALS    =     30270.2632
 EELEC  =   -621078.8007  EHBOND  =         0.0000  RESTRAINT  =      6970.1645
 EAMBER (non-restraint)  =   -483038.2005
 EKCMT  =     33372.7807  VIRIAL  =     29282.7323  VOLUME     =   1851986.8620
 CMAP   =      1231.8795
                                                    Density    =         0.9629
 Ewald error estimate:   0.3941E-04
 ------------------------------------------------------------------------------

 NMR restraints: Bond =    0.000   Angle =     0.000   Torsion =     0.000
===============================================================================

 NSTEP =    48000   TIME(PS) =      48.500  TEMP(K) =   289.00  PRESS =   166.5
 Etot   =   -367946.8398  EKtot   =    107942.6444  EPtot      =   -475889.4842
 BOND   =      8312.4548  ANGLE   =     27699.5710  DIHED      =     20912.0356
 1-4 NB =      9299.6359  1-4 EEL =     40275.9070  VDWAALS    =     29841.5608
 EELEC  =   -620420.9562  EHBOND  =         0.0000  RESTRAINT  =      6982.8521
 EAMBER (non-restraint)  =   -482872.3364
 EKCMT  =     33699.0391  VIRIAL  =     27038.0585  VOLUME     =   1852414.7376
 CMAP   =      1207.4548
                                                    Density    =         0.9626
 Ewald error estimate:   0.9532E-05
 ------------------------------------------------------------------------------

 NMR restraints: Bond =    0.000   Angle =     0.000   Torsion =     0.000
===============================================================================

 NSTEP =    48100   TIME(PS) =      48.600  TEMP(K) =   289.36  PRESS =   150.5
 Etot   =   -367417.1622  EKtot   =    108078.1261  EPtot      =   -475495.2884
 BOND   =      8393.9811  ANGLE   =     27801.0845  DIHED      =     20986.8011
 1-4 NB =      9285.2637  1-4 EEL =     40318.6822  VDWAALS    =     29695.3312
 EELEC  =   -620215.1085  EHBOND  =         0.0000  RESTRAINT  =      7024.1228
 EAMBER (non-restraint)  =   -482519.4112
 EKCMT  =     33813.5351  VIRIAL  =     27792.4693  VOLUME     =   1853041.8462
 CMAP   =      1214.5535
                                                    Density    =         0.9623
 Ewald error estimate:   0.8393E-05
 ------------------------------------------------------------------------------

 NMR restraints: Bond =    0.000   Angle =     0.000   Torsion =     0.000
===============================================================================

 NSTEP =    48200   TIME(PS) =      48.700  TEMP(K) =   290.33  PRESS =    70.9
 Etot   =   -366892.2374  EKtot   =    108440.8544  EPtot      =   -475333.0917
 BOND   =      8347.6363  ANGLE   =     27696.0083  DIHED      =     21011.5308
 1-4 NB =      9290.1968  1-4 EEL =     40204.6666  VDWAALS    =     29850.1594
 EELEC  =   -620042.9035  EHBOND  =         0.0000  RESTRAINT  =      7105.2703
 EAMBER (non-restraint)  =   -482438.3621
 EKCMT  =     33917.5874  VIRIAL  =     31080.0232  VOLUME     =   1853240.3724
 CMAP   =      1204.3432
                                                    Density    =         0.9622
 Ewald error estimate:   0.2119E-04
 ------------------------------------------------------------------------------

 NMR restraints: Bond =    0.000   Angle =     0.000   Torsion =     0.000
===============================================================================

 NSTEP =    48300   TIME(PS) =      48.800  TEMP(K) =   290.59  PRESS =   143.2
 Etot   =   -366312.6019  EKtot   =    108536.7941  EPtot      =   -474849.3960
 BOND   =      8421.5458  ANGLE   =     27915.3635  DIHED      =     20964.9125
 1-4 NB =      9259.1860  1-4 EEL =     40094.3173  VDWAALS    =     29598.5875
 EELEC  =   -619402.1358  EHBOND  =         0.0000  RESTRAINT  =      7077.7255
 EAMBER (non-restraint)  =   -481927.1215
 EKCMT  =     33881.4761  VIRIAL  =     28148.4953  VOLUME     =   1853942.0794
 CMAP   =      1221.1017
                                                    Density    =         0.9619
 Ewald error estimate:   0.5235E-05
 ------------------------------------------------------------------------------

 NMR restraints: Bond =    0.000   Angle =     0.000   Torsion =     0.000
===============================================================================

 NSTEP =    48400   TIME(PS) =      48.900  TEMP(K) =   291.53  PRESS =   -98.4
 Etot   =   -365737.3997  EKtot   =    108887.5619  EPtot      =   -474624.9616
 BOND   =      8385.2540  ANGLE   =     27953.3842  DIHED      =     21010.1185
 1-4 NB =      9256.0512  1-4 EEL =     40103.3577  VDWAALS    =     29447.6270
 EELEC  =   -619031.4599  EHBOND  =         0.0000  RESTRAINT  =      7053.7846
 EAMBER (non-restraint)  =   -481678.7461
 EKCMT  =     33996.6231  VIRIAL  =     37937.5147  VOLUME     =   1854093.2645
 CMAP   =      1196.9211
                                                    Density    =         0.9618
 Ewald error estimate:   0.2088E-04
 ------------------------------------------------------------------------------

 NMR restraints: Bond =    0.000   Angle =     0.000   Torsion =     0.000
===============================================================================

 NSTEP =    48500   TIME(PS) =      49.000  TEMP(K) =   290.89  PRESS =   -17.7
 Etot   =   -365319.6645  EKtot   =    108649.3452  EPtot      =   -473969.0097
 BOND   =      8419.1583  ANGLE   =     27911.2914  DIHED      =     21007.5681
 1-4 NB =      9247.6813  1-4 EEL =     40215.8365  VDWAALS    =     29341.8745
 EELEC  =   -618509.5821  EHBOND  =         0.0000  RESTRAINT  =      7178.0387
 EAMBER (non-restraint)  =   -481147.0484
 EKCMT  =     33820.6013  VIRIAL  =     34530.9412  VOLUME     =   1854414.9157
 CMAP   =      1219.1236
                                                    Density    =         0.9616
 Ewald error estimate:   0.4772E-04
 ------------------------------------------------------------------------------

 NMR restraints: Bond =    0.000   Angle =     0.000   Torsion =     0.000
===============================================================================

 NSTEP =    48600   TIME(PS) =      49.100  TEMP(K) =   292.37  PRESS =   103.0
 Etot   =   -364789.4131  EKtot   =    109203.9090  EPtot      =   -473993.3221
 BOND   =      8441.7015  ANGLE   =     28052.1182  DIHED      =     20929.5962
 1-4 NB =      9223.5254  1-4 EEL =     40056.2054  VDWAALS    =     29352.4815
 EELEC  =   -618401.3692  EHBOND  =         0.0000  RESTRAINT  =      7093.8711
 EAMBER (non-restraint)  =   -481087.1931
 EKCMT  =     33934.8364  VIRIAL  =     29810.8518  VOLUME     =   1854186.4205
 CMAP   =      1258.5479
                                                    Density    =         0.9617
 Ewald error estimate:   0.7827E-05
 ------------------------------------------------------------------------------

 NMR restraints: Bond =    0.000   Angle =     0.000   Torsion =     0.000
===============================================================================

 NSTEP =    48700   TIME(PS) =      49.200  TEMP(K) =   292.99  PRESS =   136.5
 Etot   =   -364444.7914  EKtot   =    109431.8495  EPtot      =   -473876.6409
 BOND   =      8446.8296  ANGLE   =     27747.6247  DIHED      =     21063.8588
 1-4 NB =      9320.5408  1-4 EEL =     40276.4155  VDWAALS    =     29799.6508
 EELEC  =   -618826.8553  EHBOND  =         0.0000  RESTRAINT  =      7070.4509
 EAMBER (non-restraint)  =   -480947.0918
 EKCMT  =     34119.6630  VIRIAL  =     28653.8298  VOLUME     =   1854607.6226
 CMAP   =      1224.8433
                                                    Density    =         0.9615
 Ewald error estimate:   0.3978E-05
 ------------------------------------------------------------------------------

 NMR restraints: Bond =    0.000   Angle =     0.000   Torsion =     0.000
===============================================================================

 NSTEP =    48800   TIME(PS) =      49.300  TEMP(K) =   293.00  PRESS =    79.8
 Etot   =   -364358.5840  EKtot   =    109437.5917  EPtot      =   -473796.1757
 BOND   =      8390.9881  ANGLE   =     27842.3461  DIHED      =     20996.7418
 1-4 NB =      9255.1537  1-4 EEL =     40220.3773  VDWAALS    =     29408.4365
 EELEC  =   -618234.0969  EHBOND  =         0.0000  RESTRAINT  =      7099.3281
 EAMBER (non-restraint)  =   -480895.5038
 EKCMT  =     34066.8318  VIRIAL  =     30871.2365  VOLUME     =   1855098.7636
 CMAP   =      1224.5496
                                                    Density    =         0.9613
 Ewald error estimate:   0.1503E-04
 ------------------------------------------------------------------------------

 NMR restraints: Bond =    0.000   Angle =     0.000   Torsion =     0.000
===============================================================================

 NSTEP =    48900   TIME(PS) =      49.400  TEMP(K) =   293.85  PRESS =    95.7
 Etot   =   -363546.2956  EKtot   =    109754.1500  EPtot      =   -473300.4456
 BOND   =      8288.7222  ANGLE   =     28199.1393  DIHED      =     20991.8136
 1-4 NB =      9314.6084  1-4 EEL =     40246.1109  VDWAALS    =     29385.6461
 EELEC  =   -617990.3518  EHBOND  =         0.0000  RESTRAINT  =      7039.6159
 EAMBER (non-restraint)  =   -480340.0615
 EKCMT  =     34141.8771  VIRIAL  =     30307.4503  VOLUME     =   1855390.0573
 CMAP   =      1224.2499
                                                    Density    =         0.9611
 Ewald error estimate:   0.6469E-04
 ------------------------------------------------------------------------------

 NMR restraints: Bond =    0.000   Angle =     0.000   Torsion =     0.000
===============================================================================

 NSTEP =    49000   TIME(PS) =      49.500  TEMP(K) =   293.26  PRESS =    70.4
 Etot   =   -363364.0480  EKtot   =    109533.4545  EPtot      =   -472897.5025
 BOND   =      8391.9659  ANGLE   =     28103.1214  DIHED      =     21001.1219
 1-4 NB =      9278.8399  1-4 EEL =     40265.7176  VDWAALS    =     28810.9125
 EELEC  =   -617044.2959  EHBOND  =         0.0000  RESTRAINT  =      7087.9193
 EAMBER (non-restraint)  =   -479985.4218
 EKCMT  =     34193.2102  VIRIAL  =     31371.1416  VOLUME     =   1855615.2232
 CMAP   =      1207.1949
                                                    Density    =         0.9610
 Ewald error estimate:   0.4208E-04
 ------------------------------------------------------------------------------

 NMR restraints: Bond =    0.000   Angle =     0.000   Torsion =     0.000
===============================================================================

 NSTEP =    49100   TIME(PS) =      49.600  TEMP(K) =   293.27  PRESS =   104.2
 Etot   =   -362863.0064  EKtot   =    109539.0457  EPtot      =   -472402.0521
 BOND   =      8511.1335  ANGLE   =     28171.3736  DIHED      =     20931.5995
 1-4 NB =      9252.5252  1-4 EEL =     40207.4320  VDWAALS    =     28849.1500
 EELEC  =   -616663.4167  EHBOND  =         0.0000  RESTRAINT  =      7096.7748
 EAMBER (non-restraint)  =   -479498.8269
 EKCMT  =     34124.3936  VIRIAL  =     29947.0718  VOLUME     =   1855883.4871
 CMAP   =      1241.3760
                                                    Density    =         0.9608
 Ewald error estimate:   0.2196E-04
 ------------------------------------------------------------------------------

 NMR restraints: Bond =    0.000   Angle =     0.000   Torsion =     0.000
===============================================================================

 NSTEP =    49200   TIME(PS) =      49.700  TEMP(K) =   294.92  PRESS =   137.8
 Etot   =   -362584.9247  EKtot   =    110154.9243  EPtot      =   -472739.8490
 BOND   =      8487.0600  ANGLE   =     28118.0013  DIHED      =     20937.8712
 1-4 NB =      9268.6362  1-4 EEL =     40050.2654  VDWAALS    =     29082.0352
 EELEC  =   -617019.2752  EHBOND  =         0.0000  RESTRAINT  =      7128.2448
 EAMBER (non-restraint)  =   -479868.0938
 EKCMT  =     34379.1858  VIRIAL  =     28858.4297  VOLUME     =   1856106.6963
 CMAP   =      1207.3120
                                                    Density    =         0.9607
 Ewald error estimate:   0.5161E-05
 ------------------------------------------------------------------------------

 NMR restraints: Bond =    0.000   Angle =     0.000   Torsion =     0.000
===============================================================================

 NSTEP =    49300   TIME(PS) =      49.800  TEMP(K) =   294.95  PRESS =   -33.7
 Etot   =   -362241.4677  EKtot   =    110165.2593  EPtot      =   -472406.7270
 BOND   =      8427.6056  ANGLE   =     28080.5930  DIHED      =     20953.0601
 1-4 NB =      9223.7712  1-4 EEL =     40099.7634  VDWAALS    =     28399.3937
 EELEC  =   -615926.2158  EHBOND  =         0.0000  RESTRAINT  =      7127.6529
 EAMBER (non-restraint)  =   -479534.3799
 EKCMT  =     34282.1719  VIRIAL  =     35633.0449  VOLUME     =   1856343.3962
 CMAP   =      1207.6490
                                                    Density    =         0.9606
 Ewald error estimate:   0.3026E-04
 ------------------------------------------------------------------------------

 NMR restraints: Bond =    0.000   Angle =     0.000   Torsion =     0.000
===============================================================================

 NSTEP =    49400   TIME(PS) =      49.900  TEMP(K) =   295.45  PRESS =   -97.9
 Etot   =   -361923.9137  EKtot   =    110352.5136  EPtot      =   -472276.4273
 BOND   =      8508.0645  ANGLE   =     28026.6261  DIHED      =     20959.5123
 1-4 NB =      9234.8195  1-4 EEL =     40274.8199  VDWAALS    =     28203.4999
 EELEC  =   -615903.6972  EHBOND  =         0.0000  RESTRAINT  =      7180.0197
 EAMBER (non-restraint)  =   -479456.4470
 EKCMT  =     34505.1896  VIRIAL  =     38430.1413  VOLUME     =   1856042.1618
 CMAP   =      1239.9082
                                                    Density    =         0.9608
 Ewald error estimate:   0.2475E-05
 ------------------------------------------------------------------------------

 NMR restraints: Bond =    0.000   Angle =     0.000   Torsion =     0.000
===============================================================================

 NSTEP =    49500   TIME(PS) =      50.000  TEMP(K) =   294.79  PRESS =    46.9
 Etot   =   -361523.2383  EKtot   =    110106.3337  EPtot      =   -471629.5720
 BOND   =      8486.3144  ANGLE   =     28172.5694  DIHED      =     20954.4422
 1-4 NB =      9327.4180  1-4 EEL =     40387.1249  VDWAALS    =     28677.9865
 EELEC  =   -615905.0750  EHBOND  =         0.0000  RESTRAINT  =      7053.4603
 EAMBER (non-restraint)  =   -478683.0322
 EKCMT  =     34318.4171  VIRIAL  =     32438.7740  VOLUME     =   1856378.5910
 CMAP   =      1216.1873
                                                    Density    =         0.9606
 Ewald error estimate:   0.9487E-05
 ------------------------------------------------------------------------------

 NMR restraints: Bond =    0.000   Angle =     0.000   Torsion =     0.000
===============================================================================

 NSTEP =    49600   TIME(PS) =      50.100  TEMP(K) =   296.39  PRESS =    -2.7
 Etot   =   -360712.0976  EKtot   =    110705.4600  EPtot      =   -471417.5576
 BOND   =      8478.4819  ANGLE   =     28255.0831  DIHED      =     20919.9057
 1-4 NB =      9341.3778  1-4 EEL =     40315.8631  VDWAALS    =     29052.5495
 EELEC  =   -616188.3737  EHBOND  =         0.0000  RESTRAINT  =      7164.8700
 EAMBER (non-restraint)  =   -478582.4276
 EKCMT  =     34517.0477  VIRIAL  =     34624.5618  VOLUME     =   1856666.0130
 CMAP   =      1242.6850
                                                    Density    =         0.9604
 Ewald error estimate:   0.1672E-04
 ------------------------------------------------------------------------------

 NMR restraints: Bond =    0.000   Angle =     0.000   Torsion =     0.000
===============================================================================

 NSTEP =    49700   TIME(PS) =      50.200  TEMP(K) =   297.99  PRESS =    90.6
 Etot   =   -360250.6444  EKtot   =    111302.6698  EPtot      =   -471553.3142
 BOND   =      8344.4868  ANGLE   =     28367.9599  DIHED      =     20978.3872
 1-4 NB =      9313.9117  1-4 EEL =     40310.3858  VDWAALS    =     28794.3692
 EELEC  =   -616086.2109  EHBOND  =         0.0000  RESTRAINT  =      7177.2220
 EAMBER (non-restraint)  =   -478730.5361
 EKCMT  =     34847.1025  VIRIAL  =     31216.5339  VOLUME     =   1856905.2902
 CMAP   =      1246.1741
                                                    Density    =         0.9603
 Ewald error estimate:   0.4781E-04
 ------------------------------------------------------------------------------

 NMR restraints: Bond =    0.000   Angle =     0.000   Torsion =     0.000
===============================================================================

 NSTEP =    49800   TIME(PS) =      50.300  TEMP(K) =   295.37  PRESS =    74.7
 Etot   =   -360381.8484  EKtot   =    110324.2099  EPtot      =   -470706.0583
 BOND   =      8424.5729  ANGLE   =     28323.7795  DIHED      =     20944.9935
 1-4 NB =      9284.7207  1-4 EEL =     40246.2579  VDWAALS    =     28475.9576
 EELEC  =   -614756.2893  EHBOND  =         0.0000  RESTRAINT  =      7139.6406
 EAMBER (non-restraint)  =   -477845.6989
 EKCMT  =     34223.4961  VIRIAL  =     31228.5319  VOLUME     =   1857381.2207
 CMAP   =      1210.3084
                                                    Density    =         0.9601
 Ewald error estimate:   0.6340E-04
 ------------------------------------------------------------------------------

 NMR restraints: Bond =    0.000   Angle =     0.000   Torsion =     0.000
===============================================================================

 NSTEP =    49900   TIME(PS) =      50.400  TEMP(K) =   297.00  PRESS =   -23.2
 Etot   =   -359895.4923  EKtot   =    110929.5980  EPtot      =   -470825.0903
 BOND   =      8486.7815  ANGLE   =     28393.9816  DIHED      =     21035.0107
 1-4 NB =      9311.1237  1-4 EEL =     40171.3637  VDWAALS    =     28491.8518
 EELEC  =   -615088.0841  EHBOND  =         0.0000  RESTRAINT  =      7160.2713
 EAMBER (non-restraint)  =   -477985.3616
 EKCMT  =     34668.7753  VIRIAL  =     35599.3652  VOLUME     =   1857427.3959
 CMAP   =      1212.6095
                                                    Density    =         0.9601
 Ewald error estimate:   0.1018E-05
 ------------------------------------------------------------------------------

 NMR restraints: Bond =    0.000   Angle =     0.000   Torsion =     0.000
===============================================================================

 NSTEP =    50000   TIME(PS) =      50.500  TEMP(K) =   297.88  PRESS =    23.0
 Etot   =   -359481.4517  EKtot   =    111258.4128  EPtot      =   -470739.8645
 BOND   =      8386.9290  ANGLE   =     28141.3179  DIHED      =     21027.5121
 1-4 NB =      9308.2213  1-4 EEL =     40249.8475  VDWAALS    =     28689.1603
 EELEC  =   -614873.3635  EHBOND  =         0.0000  RESTRAINT  =      7111.0109
 EAMBER (non-restraint)  =   -477850.8754
 EKCMT  =     34688.5795  VIRIAL  =     33765.2102  VOLUME     =   1857817.6692
 CMAP   =      1219.5000
                                                    Density    =         0.9598
 Ewald error estimate:   0.5119E-04
 ------------------------------------------------------------------------------

 NMR restraints: Bond =    0.000   Angle =     0.000   Torsion =     0.000
===============================================================================

      A V E R A G E S   O V E R   50000 S T E P S


 NSTEP =    50000   TIME(PS) =      50.500  TEMP(K) =   196.04  PRESS =   -15.1
 Etot   =   -457425.4281  EKtot   =     73222.3791  EPtot      =   -530647.8072
 BOND   =      6002.5813  ANGLE   =     21008.8528  DIHED      =     20114.3729
 1-4 NB =      8982.2795  1-4 EEL =     40285.5696  VDWAALS    =     45281.2071
 EELEC  =   -678423.7597  EHBOND  =         0.0000  RESTRAINT  =      4897.7556
 EAMBER (non-restraint)  =   -535545.5628
 EKCMT  =     22946.3804  VIRIAL  =     23560.4881  VOLUME     =   1828228.2542
 CMAP   =      1203.3337
                                                    Density    =         0.9754
 Ewald error estimate:   0.5340E-04
 ------------------------------------------------------------------------------

 NMR restraints: Bond =    0.000   Angle =     0.000   Torsion =     0.000
===============================================================================

      R M S  F L U C T U A T I O N S


 NSTEP =    50000   TIME(PS) =      50.500  TEMP(K) =    58.96  PRESS =   208.6
 Etot   =     51541.3733  EKtot   =     22021.6722  EPtot      =     29812.7283
 BOND   =      1509.6647  ANGLE   =      4401.2972  DIHED      =       545.6093
 1-4 NB =       195.0045  1-4 EEL =        86.8824  VDWAALS    =      8518.1589
 EELEC  =     30663.8372  EHBOND  =         0.0000  RESTRAINT  =      1393.5530
 EAMBER (non-restraint)  =     28419.1752
 EKCMT  =      6548.5855  VIRIAL  =      8458.5414  VOLUME     =     12407.0692
 CMAP   =        13.5696
                                                    Density    =         0.0066
 Ewald error estimate:   0.2694E-04
 ------------------------------------------------------------------------------


 NMR restraints on final step:


--------------------------------------------------------------------------------
   5.  TIMINGS
--------------------------------------------------------------------------------

|>>>>>>>>PROFILE of Average TIMES>>>>>>>>> 
|                Build the list           152.02 (29.78% of List )
|                Other                    358.48 (70.22% of List )
|             List time                510.50 (13.69% of Nonbo)
|                   Short_ene time          1701.95 (73.74% of Direc)
|                   Other                    606.15 (26.26% of Direc)
|                Direct Ewald time       2308.09 (71.73% of Ewald)
|                Adjust Ewald time         22.06 ( 0.69% of Ewald)
|                   Fill Bspline coeffs      146.06 (32.79% of Recip)
|                   Fill charge grid          34.33 ( 7.71% of Recip)
|                   Scalar sum                31.17 ( 7.00% of Recip)
|                   Grad sum                  44.84 (10.06% of Recip)
|                      FFT back comm time       103.00 (57.14% of FFT t)
|                      Other                     77.26 (42.86% of FFT t)
|                   FFT time                 180.26 (40.46% of Recip)
|                   Other                      8.84 ( 1.98% of Recip)
|                Recip Ewald time         445.50 (13.84% of Ewald)
|                Force Adjust             191.08 ( 5.94% of Ewald)
|                Virial junk              226.20 ( 7.03% of Ewald)
|                Other                     24.92 ( 0.77% of Ewald)
|             Ewald time              3217.92 (86.30% of Nonbo)
|          Nonbond force           3728.60 (85.71% of Force)
|          Bond/Angle/Dihedral       54.64 ( 1.26% of Force)
|          FRC Collect time         359.89 ( 8.27% of Force)
|          Other                    207.08 ( 4.76% of Force)
|       Force time              4350.20 (66.25% of Runmd)
|       Shake time                51.88 ( 0.79% of Runmd)
|       Verlet update time       575.67 ( 8.77% of Runmd)
|       Ekcmr time               257.98 ( 3.93% of Runmd)
|       CRD distribute time      358.59 ( 5.46% of Runmd)
|       Other                    971.58 (14.80% of Runmd)
|    Runmd Time              6565.90 (100.0% of Total)
|    Other                      1.95 ( 0.03% of Total)
| Total time              6567.86 (100.0% of ALL  )

| Number of list builds   :       2255

| Highest rstack allocated:     463461
| Highest istack allocated:      11669

| Final Performance Info:
| -----------------------------------------------------
| Average timings for all steps:
|     Elapsed(s) =    6565.90 Per Step(ms) =     131.32
|         ns/day =       0.66   seconds/ns =  131318.08
| -----------------------------------------------------

|           Job began  at 21:21:16.844  on 11/18/2025
|           Setup done at 21:21:18.798  on 11/18/2025
|           Run   done at 23:10:44.702  on 11/18/2025
|     wallclock() was called 2855023 times

|3D-RISM memory allocation summary
|Type          Maximum        Current   
|Integer       0.00000 GB     0.00000 GB
|Real          0.00000 GB     0.00000 GB
|Logical       0.00000 GB     0.00000 GB
|Character     0.00000 GB     0.00000 GB
|---------------------------------------
|Total         0.00000 GB     0.00000 GB
